category,generation_id,reference_url,garment_url,cropped_garment_url,cropped_garment_upscaled_url,reference_upscaled_url,tryon_url,seedream_og,seedream_upscaled,image_generation_prompt
Dress,vto_image_20250826_112350,https://storage.googleapis.com/alleai-in/yaswanth/prog_content_testset_sampled/Dress/vto_image_20250826_112350/reference.jpg?X-Amz-Algorithm=AWS4-HMAC-SHA256&X-Amz-Credential=GOOG4E63MNGYP5VR4UILWSHQ%2F20250910%2Fap-south-1%2Fs3%2Faws4_request&X-Amz-Date=20250910T114403Z&X-Amz-Expires=604800&X-Amz-SignedHeaders=host&X-Amz-Signature=668cd11c9d8ac4c67f942c3a922fe446940ec9f1128aac16d8668e0b543548d9,https://storage.googleapis.com/alleai-in/yaswanth/prog_content_testset_sampled/Dress/vto_image_20250826_112350/garment.jpg?X-Amz-Algorithm=AWS4-HMAC-SHA256&X-Amz-Credential=GOOG4E63MNGYP5VR4UILWSHQ%2F20250910%2Fap-south-1%2Fs3%2Faws4_request&X-Amz-Date=20250910T114403Z&X-Amz-Expires=604800&X-Amz-SignedHeaders=host&X-Amz-Signature=347522573c3052276a781364e650ec7eef3dcf4a37d55e3adab8a034b2750701,https://storage.googleapis.com/alleai-in/yaswanth/prog_content_testset_sampled/Dress/vto_image_20250826_112350/garment_cropped.jpg?X-Amz-Algorithm=AWS4-HMAC-SHA256&X-Amz-Credential=GOOG4E63MNGYP5VR4UILWSHQ%2F20250910%2Fap-south-1%2Fs3%2Faws4_request&X-Amz-Date=20250910T114403Z&X-Amz-Expires=604800&X-Amz-SignedHeaders=host&X-Amz-Signature=df17cbc02fcc49422c1e3e7d756641c64877af8fe1a3e78f285dae0ba92c8c2d,https://storage.googleapis.com/alleai-in/yaswanth/prog_content_testset_sampled/Dress/vto_image_20250826_112350/garment_cropped_upscaled.jpg?X-Amz-Algorithm=AWS4-HMAC-SHA256&X-Amz-Credential=GOOG4E63MNGYP5VR4UILWSHQ%2F20250910%2Fap-south-1%2Fs3%2Faws4_request&X-Amz-Date=20250910T114403Z&X-Amz-Expires=604800&X-Amz-SignedHeaders=host&X-Amz-Signature=36f79114dd902197751e52f23959270fc6a0eddafb372ae4631c0a627ad9dec0,https://storage.googleapis.com/alleai-in/yaswanth/prog_content_testset_sampled/Dress/vto_image_20250826_112350/reference_upscaled.jpg?X-Amz-Algorithm=AWS4-HMAC-SHA256&X-Amz-Credential=GOOG4E63MNGYP5VR4UILWSHQ%2F20250910%2Fap-south-1%2Fs3%2Faws4_request&X-Amz-Date=20250910T114403Z&X-Amz-Expires=604800&X-Amz-SignedHeaders=host&X-Amz-Signature=ef8c1991e347cba303714481b3fa6d7261cd6410787f2cdd810bac62c8959930,https://storage.googleapis.com/alleai-in/yaswanth/prog_content_testset_sampled/Dress/vto_image_20250826_112350/output_text_desc_redux_switch_5_mask_V5.jpg?X-Amz-Algorithm=AWS4-HMAC-SHA256&X-Amz-Credential=GOOG4E63MNGYP5VR4UILWSHQ%2F20250910%2Fap-south-1%2Fs3%2Faws4_request&X-Amz-Date=20250910T114403Z&X-Amz-Expires=604800&X-Amz-SignedHeaders=host&X-Amz-Signature=f8205644055569017e6e815a61b077bf102d98c667a517506493cf5d9cd1f887,https://storage.googleapis.com/alleai-in/yaswanth/prog_content_testset_sampled/Dress/vto_image_20250826_112350/output_seedream.png?X-Amz-Algorithm=AWS4-HMAC-SHA256&X-Amz-Credential=GOOG4E63MNGYP5VR4UILWSHQ%2F20250910%2Fap-south-1%2Fs3%2Faws4_request&X-Amz-Date=20250910T114403Z&X-Amz-Expires=604800&X-Amz-SignedHeaders=host&X-Amz-Signature=aa6ac50bd20615fa791d1fea9a73bf87efd621d00fdd663234a1789249b7dbe3,https://storage.googleapis.com/alleai-in/yaswanth/prog_content_testset_sampled/Dress/vto_image_20250826_112350/output_seedream_upscaled_garment.png?X-Amz-Algorithm=AWS4-HMAC-SHA256&X-Amz-Credential=GOOG4E63MNGYP5VR4UILWSHQ%2F20250910%2Fap-south-1%2Fs3%2Faws4_request&X-Amz-Date=20250910T114403Z&X-Amz-Expires=604800&X-Amz-SignedHeaders=host&X-Amz-Signature=60385eb2259c99da2e2b5ff2ad2591a96ee081ad4551982660bce6b18deaecaf,"A candid outdoor fashion portrait of a white woman wearing this black sleeveless midi dress with gold buttons and a belt. The dress is paired with black pointed-toe studded flats, a structured black mini handbag, and oversized black cat-eye sunglasses. Hair is styled in loose waves, and her expression is relaxed and confident, contributing to the overall chic vibe of the image.

The woman is facing directly toward the camera. The pose is casual, with one hand on her hip and the other holding the handbag, standing on stone steps. Body language should feel relaxed and self-assured.

The setting is an urban street scene in front of a grand building with stone columns and steps, under a covered archway. Lighting is natural daylight with crisp highlights and soft shadows, creating warm highlights and subtle contrast on the subject. Background details include textured stone walls, architectural arches, and steps leading up to a doorway. The scene is lit with natural daylight, producing gentle shadows and a touch of rim glow on the hair.

Camera details:
- eye-level angle
- medium-full shot
- sharp focus on subject with blurred background (bokeh)
- standard portrait lens look
- composition is centered, with the subject dominating the foreground and architectural lines adding structure

Vibe & Style:
Overall mood is chic, modern, and effortless. The image should convey empowerment, individuality, and street cool."
Dress,vto_image_20250816_114621,https://storage.googleapis.com/alleai-in/yaswanth/prog_content_testset_sampled/Dress/vto_image_20250816_114621/reference.jpg?X-Amz-Algorithm=AWS4-HMAC-SHA256&X-Amz-Credential=GOOG4E63MNGYP5VR4UILWSHQ%2F20250910%2Fap-south-1%2Fs3%2Faws4_request&X-Amz-Date=20250910T114403Z&X-Amz-Expires=604800&X-Amz-SignedHeaders=host&X-Amz-Signature=2fa7cb2831623d303ad27675eab8831a5e387ccd2371a753865f3103ac8cf2d2,https://storage.googleapis.com/alleai-in/yaswanth/prog_content_testset_sampled/Dress/vto_image_20250816_114621/garment.jpg?X-Amz-Algorithm=AWS4-HMAC-SHA256&X-Amz-Credential=GOOG4E63MNGYP5VR4UILWSHQ%2F20250910%2Fap-south-1%2Fs3%2Faws4_request&X-Amz-Date=20250910T114403Z&X-Amz-Expires=604800&X-Amz-SignedHeaders=host&X-Amz-Signature=1a3905a03ea1c281b025b44373b95e1b16a676bd6c79f98dbd397c1966a1956d,https://storage.googleapis.com/alleai-in/yaswanth/prog_content_testset_sampled/Dress/vto_image_20250816_114621/garment_cropped.jpg?X-Amz-Algorithm=AWS4-HMAC-SHA256&X-Amz-Credential=GOOG4E63MNGYP5VR4UILWSHQ%2F20250910%2Fap-south-1%2Fs3%2Faws4_request&X-Amz-Date=20250910T114403Z&X-Amz-Expires=604800&X-Amz-SignedHeaders=host&X-Amz-Signature=7b718e172890849cc4f8f4d2e56bc6d8c0d4eaec69ff3d71ed4874240ecdba06,https://storage.googleapis.com/alleai-in/yaswanth/prog_content_testset_sampled/Dress/vto_image_20250816_114621/garment_cropped_upscaled.jpg?X-Amz-Algorithm=AWS4-HMAC-SHA256&X-Amz-Credential=GOOG4E63MNGYP5VR4UILWSHQ%2F20250910%2Fap-south-1%2Fs3%2Faws4_request&X-Amz-Date=20250910T114403Z&X-Amz-Expires=604800&X-Amz-SignedHeaders=host&X-Amz-Signature=93d0d96e70945cceed6942f2673fe45b502d7af543122f0663433bf3e6b3279d,https://storage.googleapis.com/alleai-in/yaswanth/prog_content_testset_sampled/Dress/vto_image_20250816_114621/reference_upscaled.jpg?X-Amz-Algorithm=AWS4-HMAC-SHA256&X-Amz-Credential=GOOG4E63MNGYP5VR4UILWSHQ%2F20250910%2Fap-south-1%2Fs3%2Faws4_request&X-Amz-Date=20250910T114403Z&X-Amz-Expires=604800&X-Amz-SignedHeaders=host&X-Amz-Signature=2448314d8d04f7e43c3d1398385741a64e318036e5f467e069b3bce24c1ac429,https://storage.googleapis.com/alleai-in/yaswanth/prog_content_testset_sampled/Dress/vto_image_20250816_114621/output_text_desc_redux_switch_5_mask_V5.jpg?X-Amz-Algorithm=AWS4-HMAC-SHA256&X-Amz-Credential=GOOG4E63MNGYP5VR4UILWSHQ%2F20250910%2Fap-south-1%2Fs3%2Faws4_request&X-Amz-Date=20250910T114403Z&X-Amz-Expires=604800&X-Amz-SignedHeaders=host&X-Amz-Signature=658d558c3a532f7b2e2ff8ac1ba19df4d6d90a52ebd20a97315fb63b78eedf7f,https://storage.googleapis.com/alleai-in/yaswanth/prog_content_testset_sampled/Dress/vto_image_20250816_114621/output_seedream.png?X-Amz-Algorithm=AWS4-HMAC-SHA256&X-Amz-Credential=GOOG4E63MNGYP5VR4UILWSHQ%2F20250910%2Fap-south-1%2Fs3%2Faws4_request&X-Amz-Date=20250910T114403Z&X-Amz-Expires=604800&X-Amz-SignedHeaders=host&X-Amz-Signature=109f6ea4211ea3193a9e471d29cf183f165829144b879aee8f07ef682a732221,https://storage.googleapis.com/alleai-in/yaswanth/prog_content_testset_sampled/Dress/vto_image_20250816_114621/output_seedream_upscaled_garment.png?X-Amz-Algorithm=AWS4-HMAC-SHA256&X-Amz-Credential=GOOG4E63MNGYP5VR4UILWSHQ%2F20250910%2Fap-south-1%2Fs3%2Faws4_request&X-Amz-Date=20250910T114403Z&X-Amz-Expires=604800&X-Amz-SignedHeaders=host&X-Amz-Signature=d741eff1bbf8d3525d4fc0c215c3f813908dedfcf107b94beafbe94f84d5a531,"A candid outdoor fashion portrait of a Mediterranean woman wearing this white floral textured maxi dress. The dress is paired with a small black leather shoulder bag, delicate stud earrings, and a simple necklace. Hair is styled sleek and straight, worn loose. Expression is thoughtful and serene, contributing to the overall vibe of the image. The woman is facing slightly turned in a ¾ profile, with one hand gently touching her hair and the other resting on a stone column while holding the bag. The pose is relaxed and elegant, with body language that feels confident and graceful. The setting is an urban street with classic stone architecture, featuring large columns and a textured stone wall. Lighting is natural daylight, creating soft shadows and crisp highlights, with subtle reflections from the stone surfaces. Background details include architectural elements like windows, stone textures, and a hint of city buildings. The scene is lit with natural daylight, producing gentle, warm highlights and soft backlighting that adds dimension to the subject. Camera details: - eye-level angle - medium-full shot - sharp focus on subject with a softly blurred background (bokeh) - standard portrait lens look - off-centered composition with the subject leaning against the column, using dynamic vertical lines. Vibe & Style: Overall mood is chic, effortless, and elegant. The image should convey a sense of modern sophistication and timeless urban charm."
Dress,vto_image_20250826_053358,https://storage.googleapis.com/alleai-in/yaswanth/prog_content_testset_sampled/Dress/vto_image_20250826_053358/reference.jpg?X-Amz-Algorithm=AWS4-HMAC-SHA256&X-Amz-Credential=GOOG4E63MNGYP5VR4UILWSHQ%2F20250910%2Fap-south-1%2Fs3%2Faws4_request&X-Amz-Date=20250910T114403Z&X-Amz-Expires=604800&X-Amz-SignedHeaders=host&X-Amz-Signature=3c6db58e6c5a68f339634ff20b0ab992486890bab0ac081f5ae4a3e9734fe307,https://storage.googleapis.com/alleai-in/yaswanth/prog_content_testset_sampled/Dress/vto_image_20250826_053358/garment.jpg?X-Amz-Algorithm=AWS4-HMAC-SHA256&X-Amz-Credential=GOOG4E63MNGYP5VR4UILWSHQ%2F20250910%2Fap-south-1%2Fs3%2Faws4_request&X-Amz-Date=20250910T114403Z&X-Amz-Expires=604800&X-Amz-SignedHeaders=host&X-Amz-Signature=84c9eb292ce6973cc72d1c8b051a581d4181c402b0e479c2db88fd184e14ae85,https://storage.googleapis.com/alleai-in/yaswanth/prog_content_testset_sampled/Dress/vto_image_20250826_053358/garment_cropped.jpg?X-Amz-Algorithm=AWS4-HMAC-SHA256&X-Amz-Credential=GOOG4E63MNGYP5VR4UILWSHQ%2F20250910%2Fap-south-1%2Fs3%2Faws4_request&X-Amz-Date=20250910T114403Z&X-Amz-Expires=604800&X-Amz-SignedHeaders=host&X-Amz-Signature=d457626cb08da341cd189c0787bfddb5b8686e40167ea3834f89faf85b351e5b,https://storage.googleapis.com/alleai-in/yaswanth/prog_content_testset_sampled/Dress/vto_image_20250826_053358/garment_cropped_upscaled.jpg?X-Amz-Algorithm=AWS4-HMAC-SHA256&X-Amz-Credential=GOOG4E63MNGYP5VR4UILWSHQ%2F20250910%2Fap-south-1%2Fs3%2Faws4_request&X-Amz-Date=20250910T114403Z&X-Amz-Expires=604800&X-Amz-SignedHeaders=host&X-Amz-Signature=e1c19eae72f62fd5d921657a923534d076cc235849e6d1e7db9943a0bc67f783,https://storage.googleapis.com/alleai-in/yaswanth/prog_content_testset_sampled/Dress/vto_image_20250826_053358/reference_upscaled.jpg?X-Amz-Algorithm=AWS4-HMAC-SHA256&X-Amz-Credential=GOOG4E63MNGYP5VR4UILWSHQ%2F20250910%2Fap-south-1%2Fs3%2Faws4_request&X-Amz-Date=20250910T114403Z&X-Amz-Expires=604800&X-Amz-SignedHeaders=host&X-Amz-Signature=83fb238009c5d6f5fa571bc694f2aa346f79f36f63d7e792d7147e8602aa57e2,https://storage.googleapis.com/alleai-in/yaswanth/prog_content_testset_sampled/Dress/vto_image_20250826_053358/output_text_desc_redux_switch_5_mask_V5.jpg?X-Amz-Algorithm=AWS4-HMAC-SHA256&X-Amz-Credential=GOOG4E63MNGYP5VR4UILWSHQ%2F20250910%2Fap-south-1%2Fs3%2Faws4_request&X-Amz-Date=20250910T114403Z&X-Amz-Expires=604800&X-Amz-SignedHeaders=host&X-Amz-Signature=9a8bcb6439e6ce08c256823d3defe0693e44e6befbb0c44a6df9d46547922e25,https://storage.googleapis.com/alleai-in/yaswanth/prog_content_testset_sampled/Dress/vto_image_20250826_053358/output_seedream.png?X-Amz-Algorithm=AWS4-HMAC-SHA256&X-Amz-Credential=GOOG4E63MNGYP5VR4UILWSHQ%2F20250910%2Fap-south-1%2Fs3%2Faws4_request&X-Amz-Date=20250910T114403Z&X-Amz-Expires=604800&X-Amz-SignedHeaders=host&X-Amz-Signature=9f24ee1858ed2ede159e31143cf4b8ff0c512435c03f7c2e63eda5badc0ec322,https://storage.googleapis.com/alleai-in/yaswanth/prog_content_testset_sampled/Dress/vto_image_20250826_053358/output_seedream_upscaled_garment.png?X-Amz-Algorithm=AWS4-HMAC-SHA256&X-Amz-Credential=GOOG4E63MNGYP5VR4UILWSHQ%2F20250910%2Fap-south-1%2Fs3%2Faws4_request&X-Amz-Date=20250910T114403Z&X-Amz-Expires=604800&X-Amz-SignedHeaders=host&X-Amz-Signature=3806967ff8e6bbf5f601fe2d712f980c7dc286d3e564dbd7cfa30056eaf50ec8,"A candid outdoor fashion portrait of a Caucasian woman wearing this light golden-yellow knit dress. The knit dress is paired with a large woven straw tote bag, flat slip-on mules with jeweled embellishments, and delicate layered necklaces. Hair is styled in loose, natural waves. Expression is relaxed and subtly content, contributing to the overall effortless vibe of the image.

The woman is facing slightly turned ¾ profile toward the camera. The pose is casual, with one hand holding the tote bag and the other resting in the dress pocket, standing naturally on an open tarmac. Body language should feel relaxed and confident.

The setting is an open, sunlit outdoor area with a distant view of green trees, blue sky, and mountains. Lighting is natural daylight with soft shadows and crisp highlights. Background details include a wide expanse of pavement, some scattered white structures, and lush greenery in the distance. The scene is lit with bright natural daylight, creating warm highlights and a gentle rim glow on the hair.

Camera details:
- eye-level angle
- medium-full shot
- sharp focus on subject with blurred background (bokeh)
- standard portrait lens look
- composition is off-centered, with the subject slightly to the right, following the rule of thirds

Vibe & Style:
Overall mood is chic, effortless, and summery. The image should convey a sense of relaxed confidence and free-spirited energy."
Dress,vto_image_20250829_084401,https://storage.googleapis.com/alleai-in/yaswanth/prog_content_testset_sampled/Dress/vto_image_20250829_084401/reference.jpg?X-Amz-Algorithm=AWS4-HMAC-SHA256&X-Amz-Credential=GOOG4E63MNGYP5VR4UILWSHQ%2F20250910%2Fap-south-1%2Fs3%2Faws4_request&X-Amz-Date=20250910T114403Z&X-Amz-Expires=604800&X-Amz-SignedHeaders=host&X-Amz-Signature=53e91f7451dc4dc2f6e633d255665a51c9753fcd709696105019bef62f4ffde5,https://storage.googleapis.com/alleai-in/yaswanth/prog_content_testset_sampled/Dress/vto_image_20250829_084401/garment.jpg?X-Amz-Algorithm=AWS4-HMAC-SHA256&X-Amz-Credential=GOOG4E63MNGYP5VR4UILWSHQ%2F20250910%2Fap-south-1%2Fs3%2Faws4_request&X-Amz-Date=20250910T114403Z&X-Amz-Expires=604800&X-Amz-SignedHeaders=host&X-Amz-Signature=8f4faed32f704599355157dd00580dccd395fd54f56dc1e0897c55768d9201af,https://storage.googleapis.com/alleai-in/yaswanth/prog_content_testset_sampled/Dress/vto_image_20250829_084401/garment_cropped.jpg?X-Amz-Algorithm=AWS4-HMAC-SHA256&X-Amz-Credential=GOOG4E63MNGYP5VR4UILWSHQ%2F20250910%2Fap-south-1%2Fs3%2Faws4_request&X-Amz-Date=20250910T114403Z&X-Amz-Expires=604800&X-Amz-SignedHeaders=host&X-Amz-Signature=cadd55789e00b5ae9345a1c0ecf890af6e01ec3c1d55f424d3f2969e3e39633e,https://storage.googleapis.com/alleai-in/yaswanth/prog_content_testset_sampled/Dress/vto_image_20250829_084401/garment_cropped_upscaled.jpg?X-Amz-Algorithm=AWS4-HMAC-SHA256&X-Amz-Credential=GOOG4E63MNGYP5VR4UILWSHQ%2F20250910%2Fap-south-1%2Fs3%2Faws4_request&X-Amz-Date=20250910T114403Z&X-Amz-Expires=604800&X-Amz-SignedHeaders=host&X-Amz-Signature=98f966b42bef9113825ad90a3990aac8b9c53ec5e656a524566565c67279ae19,https://storage.googleapis.com/alleai-in/yaswanth/prog_content_testset_sampled/Dress/vto_image_20250829_084401/reference_upscaled.jpg?X-Amz-Algorithm=AWS4-HMAC-SHA256&X-Amz-Credential=GOOG4E63MNGYP5VR4UILWSHQ%2F20250910%2Fap-south-1%2Fs3%2Faws4_request&X-Amz-Date=20250910T114403Z&X-Amz-Expires=604800&X-Amz-SignedHeaders=host&X-Amz-Signature=4f68d05fb79da9455078b2b8b82e7d27d8a26e19ccb1019afaabf896331ff5f5,https://storage.googleapis.com/alleai-in/yaswanth/prog_content_testset_sampled/Dress/vto_image_20250829_084401/output_text_desc_redux_switch_5_mask_V5.jpg?X-Amz-Algorithm=AWS4-HMAC-SHA256&X-Amz-Credential=GOOG4E63MNGYP5VR4UILWSHQ%2F20250910%2Fap-south-1%2Fs3%2Faws4_request&X-Amz-Date=20250910T114403Z&X-Amz-Expires=604800&X-Amz-SignedHeaders=host&X-Amz-Signature=fa04490ebe3c584316f8d3ab5ec901f4f5122e90ae820cf2ad911e148b86031d,https://storage.googleapis.com/alleai-in/yaswanth/prog_content_testset_sampled/Dress/vto_image_20250829_084401/output_seedream.png?X-Amz-Algorithm=AWS4-HMAC-SHA256&X-Amz-Credential=GOOG4E63MNGYP5VR4UILWSHQ%2F20250910%2Fap-south-1%2Fs3%2Faws4_request&X-Amz-Date=20250910T114403Z&X-Amz-Expires=604800&X-Amz-SignedHeaders=host&X-Amz-Signature=ce4432fec371dcf80affe4ad19dc583906e42567b820e563b59424bfbb535a1c,https://storage.googleapis.com/alleai-in/yaswanth/prog_content_testset_sampled/Dress/vto_image_20250829_084401/output_seedream_upscaled_garment.png?X-Amz-Algorithm=AWS4-HMAC-SHA256&X-Amz-Credential=GOOG4E63MNGYP5VR4UILWSHQ%2F20250910%2Fap-south-1%2Fs3%2Faws4_request&X-Amz-Date=20250910T114403Z&X-Amz-Expires=604800&X-Amz-SignedHeaders=host&X-Amz-Signature=966e064fffa123afa0812230b05c5957ad47600b8bda62cd96b8fd580cc514bd,"A candid indoor fashion portrait of a Black woman wearing this light blue ruched off-shoulder halter dress. The dress is paired with a vibrant green structured handbag, black open-toe flats, and a delicate bracelet. Hair is styled in a short, closely-cropped platinum blonde cut. Expression is relaxed with a gentle, confident smile, contributing to the overall chic and welcoming vibe of the image.

The woman is facing directly toward the camera. The pose is natural and poised, standing with hands gently holding the handbag in front, body language feeling relaxed and confident.

The setting is a modern, stylish café interior with geometric black-and-white floor tiles, contemporary pendant lighting, and a mix of wood and greenery accents. Background details include mirrors with organic shapes, dining tables, and lush potted plants. The scene is lit with natural daylight streaming in from windows, creating soft highlights and gentle shadows.

Camera details:
- eye-level angle
- medium-full shot
- sharp focus on subject with a softly blurred background (bokeh)
- standard portrait lens look
- composition is centered, with the subject dominating the foreground and subtle geometric lines from the floor and furniture adding visual interest

Vibe & Style:
Overall mood is chic, modern, and effortless. The image should convey a sense of confidence, individuality, and contemporary elegance."
Dress,vto_image_20250826_073927,https://storage.googleapis.com/alleai-in/yaswanth/prog_content_testset_sampled/Dress/vto_image_20250826_073927/reference.jpg?X-Amz-Algorithm=AWS4-HMAC-SHA256&X-Amz-Credential=GOOG4E63MNGYP5VR4UILWSHQ%2F20250910%2Fap-south-1%2Fs3%2Faws4_request&X-Amz-Date=20250910T114403Z&X-Amz-Expires=604800&X-Amz-SignedHeaders=host&X-Amz-Signature=e0c75e42ae636ae9e8d85ba72ad486a60af21e5b4dc084b2e7f8f5c69513d74a,https://storage.googleapis.com/alleai-in/yaswanth/prog_content_testset_sampled/Dress/vto_image_20250826_073927/garment.jpg?X-Amz-Algorithm=AWS4-HMAC-SHA256&X-Amz-Credential=GOOG4E63MNGYP5VR4UILWSHQ%2F20250910%2Fap-south-1%2Fs3%2Faws4_request&X-Amz-Date=20250910T114403Z&X-Amz-Expires=604800&X-Amz-SignedHeaders=host&X-Amz-Signature=eaeff43aa21455d9e3af09b1ccb8ab0e966c9e4294183397629df895553ecc54,https://storage.googleapis.com/alleai-in/yaswanth/prog_content_testset_sampled/Dress/vto_image_20250826_073927/garment_cropped.jpg?X-Amz-Algorithm=AWS4-HMAC-SHA256&X-Amz-Credential=GOOG4E63MNGYP5VR4UILWSHQ%2F20250910%2Fap-south-1%2Fs3%2Faws4_request&X-Amz-Date=20250910T114403Z&X-Amz-Expires=604800&X-Amz-SignedHeaders=host&X-Amz-Signature=aabc288ca26e1f7ba83935c49c0b2dba0b902f1cab65c7781678e514026dbf5a,https://storage.googleapis.com/alleai-in/yaswanth/prog_content_testset_sampled/Dress/vto_image_20250826_073927/garment_cropped_upscaled.jpg?X-Amz-Algorithm=AWS4-HMAC-SHA256&X-Amz-Credential=GOOG4E63MNGYP5VR4UILWSHQ%2F20250910%2Fap-south-1%2Fs3%2Faws4_request&X-Amz-Date=20250910T114403Z&X-Amz-Expires=604800&X-Amz-SignedHeaders=host&X-Amz-Signature=feb72ca31c314d30b891952d32b6b6dac3154e127c3c766899bdebe34d552071,https://storage.googleapis.com/alleai-in/yaswanth/prog_content_testset_sampled/Dress/vto_image_20250826_073927/reference_upscaled.jpg?X-Amz-Algorithm=AWS4-HMAC-SHA256&X-Amz-Credential=GOOG4E63MNGYP5VR4UILWSHQ%2F20250910%2Fap-south-1%2Fs3%2Faws4_request&X-Amz-Date=20250910T114403Z&X-Amz-Expires=604800&X-Amz-SignedHeaders=host&X-Amz-Signature=596e22cff842388f5fc031c373dc6b2eee062cfab72dde4c026ca1f4f6cbfd78,https://storage.googleapis.com/alleai-in/yaswanth/prog_content_testset_sampled/Dress/vto_image_20250826_073927/output_text_desc_redux_switch_5_mask_V5.jpg?X-Amz-Algorithm=AWS4-HMAC-SHA256&X-Amz-Credential=GOOG4E63MNGYP5VR4UILWSHQ%2F20250910%2Fap-south-1%2Fs3%2Faws4_request&X-Amz-Date=20250910T114403Z&X-Amz-Expires=604800&X-Amz-SignedHeaders=host&X-Amz-Signature=47ea8ec57da83a8461c753be9a6a0726eb536db7e2adc662997ae19537427544,https://storage.googleapis.com/alleai-in/yaswanth/prog_content_testset_sampled/Dress/vto_image_20250826_073927/output_seedream.png?X-Amz-Algorithm=AWS4-HMAC-SHA256&X-Amz-Credential=GOOG4E63MNGYP5VR4UILWSHQ%2F20250910%2Fap-south-1%2Fs3%2Faws4_request&X-Amz-Date=20250910T114403Z&X-Amz-Expires=604800&X-Amz-SignedHeaders=host&X-Amz-Signature=08faa85fb2c13855dfad34f2fdd5caaaa466e08735a233f7f43f1f0f6cd6efad,https://storage.googleapis.com/alleai-in/yaswanth/prog_content_testset_sampled/Dress/vto_image_20250826_073927/output_seedream_upscaled_garment.png?X-Amz-Algorithm=AWS4-HMAC-SHA256&X-Amz-Credential=GOOG4E63MNGYP5VR4UILWSHQ%2F20250910%2Fap-south-1%2Fs3%2Faws4_request&X-Amz-Date=20250910T114403Z&X-Amz-Expires=604800&X-Amz-SignedHeaders=host&X-Amz-Signature=d058231eb2bef898c682497a68c5711cde2b4ace6f23ce40160798ab6109be22,"A candid outdoor fashion portrait of a white woman wearing this coral tiered maxi dress. The coral tiered maxi dress is paired with white flat sandals, a wide-brimmed straw hat, oversized dark sunglasses, statement white floral earrings, a delicate necklace, a brown watch, and a small woven basket handbag. Hair is styled in loose waves. Expression is joyful, contributing to the overall vibe of the image.

The woman is facing directly toward the camera. The pose is walking mid-stride down a sun-dappled cobblestone street, one hand lightly touching the brim of her hat. Body language should feel relaxed and confident.

The setting is a charming urban street lined with leafy trees and parked cars, with natural daylight creating soft shadows and warm highlights. Background details include blurred trees, white vehicles, and the textured cobblestone road. The scene is lit with natural daylight, producing a gentle rim glow on her hair and subtle lens flare.

Camera details:
- eye-level angle
- full-body shot
- sharp focus on subject with blurred background (bokeh)
- standard portrait lens look
- centered composition with the subject dominating the foreground

Vibe & Style:
Overall mood is chic, effortless, and summery. The image should convey a sense of carefree movement, individuality, and street cool."
Dress,vto_image_20250826_031307,https://storage.googleapis.com/alleai-in/yaswanth/prog_content_testset_sampled/Dress/vto_image_20250826_031307/reference.jpg?X-Amz-Algorithm=AWS4-HMAC-SHA256&X-Amz-Credential=GOOG4E63MNGYP5VR4UILWSHQ%2F20250910%2Fap-south-1%2Fs3%2Faws4_request&X-Amz-Date=20250910T114403Z&X-Amz-Expires=604800&X-Amz-SignedHeaders=host&X-Amz-Signature=bd8cf52151c813290b1cefd855f84ca13c9abf941288e5240ed01e0a3e225fd3,https://storage.googleapis.com/alleai-in/yaswanth/prog_content_testset_sampled/Dress/vto_image_20250826_031307/garment.jpg?X-Amz-Algorithm=AWS4-HMAC-SHA256&X-Amz-Credential=GOOG4E63MNGYP5VR4UILWSHQ%2F20250910%2Fap-south-1%2Fs3%2Faws4_request&X-Amz-Date=20250910T114403Z&X-Amz-Expires=604800&X-Amz-SignedHeaders=host&X-Amz-Signature=5744266e91d6324e0e95da88830009e4ae1dd617841cf382bee63c40e0cc9107,https://storage.googleapis.com/alleai-in/yaswanth/prog_content_testset_sampled/Dress/vto_image_20250826_031307/garment_cropped.jpg?X-Amz-Algorithm=AWS4-HMAC-SHA256&X-Amz-Credential=GOOG4E63MNGYP5VR4UILWSHQ%2F20250910%2Fap-south-1%2Fs3%2Faws4_request&X-Amz-Date=20250910T114403Z&X-Amz-Expires=604800&X-Amz-SignedHeaders=host&X-Amz-Signature=2abad071a17c1f9d82dc4e5c5067a1eb334089844e4bb8ba1c6c0f0a01915ffe,https://storage.googleapis.com/alleai-in/yaswanth/prog_content_testset_sampled/Dress/vto_image_20250826_031307/garment_cropped_upscaled.jpg?X-Amz-Algorithm=AWS4-HMAC-SHA256&X-Amz-Credential=GOOG4E63MNGYP5VR4UILWSHQ%2F20250910%2Fap-south-1%2Fs3%2Faws4_request&X-Amz-Date=20250910T114403Z&X-Amz-Expires=604800&X-Amz-SignedHeaders=host&X-Amz-Signature=a74c7267ed00c94978f7db0bc923f9db9298ce27e359459229ca2948084cbc5e,https://storage.googleapis.com/alleai-in/yaswanth/prog_content_testset_sampled/Dress/vto_image_20250826_031307/reference_upscaled.jpg?X-Amz-Algorithm=AWS4-HMAC-SHA256&X-Amz-Credential=GOOG4E63MNGYP5VR4UILWSHQ%2F20250910%2Fap-south-1%2Fs3%2Faws4_request&X-Amz-Date=20250910T114403Z&X-Amz-Expires=604800&X-Amz-SignedHeaders=host&X-Amz-Signature=d35d9bb53bdb3e9a7a9dcac2723d8117621f930333001a21d17c394c224abd3c,https://storage.googleapis.com/alleai-in/yaswanth/prog_content_testset_sampled/Dress/vto_image_20250826_031307/output_text_desc_redux_switch_5_mask_V5.jpg?X-Amz-Algorithm=AWS4-HMAC-SHA256&X-Amz-Credential=GOOG4E63MNGYP5VR4UILWSHQ%2F20250910%2Fap-south-1%2Fs3%2Faws4_request&X-Amz-Date=20250910T114403Z&X-Amz-Expires=604800&X-Amz-SignedHeaders=host&X-Amz-Signature=400d133596256e741befb12e4546a23d1dbf541d71d6f084064a2ad2fb59d11c,https://storage.googleapis.com/alleai-in/yaswanth/prog_content_testset_sampled/Dress/vto_image_20250826_031307/output_seedream.png?X-Amz-Algorithm=AWS4-HMAC-SHA256&X-Amz-Credential=GOOG4E63MNGYP5VR4UILWSHQ%2F20250910%2Fap-south-1%2Fs3%2Faws4_request&X-Amz-Date=20250910T114403Z&X-Amz-Expires=604800&X-Amz-SignedHeaders=host&X-Amz-Signature=4cb215611a8863a00219c69bae60fb53c402abb63ed4b2d1e43ffa67d5cc72a5,https://storage.googleapis.com/alleai-in/yaswanth/prog_content_testset_sampled/Dress/vto_image_20250826_031307/output_seedream_upscaled_garment.png?X-Amz-Algorithm=AWS4-HMAC-SHA256&X-Amz-Credential=GOOG4E63MNGYP5VR4UILWSHQ%2F20250910%2Fap-south-1%2Fs3%2Faws4_request&X-Amz-Date=20250910T114403Z&X-Amz-Expires=604800&X-Amz-SignedHeaders=host&X-Amz-Signature=728a3bacdf371cc7207581a973618572309020755ad797138520ea23b5afb27e,"A candid outdoor fashion portrait of a Caucasian woman wearing this soft pastel lavender ruched spaghetti-strap dress. The dress is paired with tan ankle-strap heels and ornate gold statement earrings. Hair is styled in loose waves, and her expression is a candid smile, contributing to the overall vibe of the image. The woman is facing directly toward the camera. The pose is relaxed, with her hands gently clasped in front of her, standing naturally. Body language should feel confident and graceful. The setting is an elegant urban street with white classical architecture and greenery in the background, with natural daylight creating soft shadows and crisp highlights. Background details include white building facades, arched windows, potted plants, and a paved walkway. The scene is lit with natural daylight, producing warm highlights and gentle contrast between the subject and the background. Camera details: eye-level angle, medium-full shot, sharp focus on subject with a softly blurred background (bokeh), standard portrait lens look, and centered composition. Overall mood is chic, effortless, and modern. The image should convey empowerment and a sense of elegant individuality."
Dress,vto_image_20250811_102510,https://storage.googleapis.com/alleai-in/yaswanth/prog_content_testset_sampled/Dress/vto_image_20250811_102510/reference.jpg?X-Amz-Algorithm=AWS4-HMAC-SHA256&X-Amz-Credential=GOOG4E63MNGYP5VR4UILWSHQ%2F20250910%2Fap-south-1%2Fs3%2Faws4_request&X-Amz-Date=20250910T114403Z&X-Amz-Expires=604800&X-Amz-SignedHeaders=host&X-Amz-Signature=f04c07a719443b118fc78b5414d0f5a4f3c6da83c17d10b4365f170575136d63,https://storage.googleapis.com/alleai-in/yaswanth/prog_content_testset_sampled/Dress/vto_image_20250811_102510/garment.jpg?X-Amz-Algorithm=AWS4-HMAC-SHA256&X-Amz-Credential=GOOG4E63MNGYP5VR4UILWSHQ%2F20250910%2Fap-south-1%2Fs3%2Faws4_request&X-Amz-Date=20250910T114403Z&X-Amz-Expires=604800&X-Amz-SignedHeaders=host&X-Amz-Signature=13e02c3d2ad0d242e4219a14fe88a7e23692bc61458f49cc173c71184ce18cba,https://storage.googleapis.com/alleai-in/yaswanth/prog_content_testset_sampled/Dress/vto_image_20250811_102510/garment_cropped.jpg?X-Amz-Algorithm=AWS4-HMAC-SHA256&X-Amz-Credential=GOOG4E63MNGYP5VR4UILWSHQ%2F20250910%2Fap-south-1%2Fs3%2Faws4_request&X-Amz-Date=20250910T114403Z&X-Amz-Expires=604800&X-Amz-SignedHeaders=host&X-Amz-Signature=e97d336290a621c920aeb186f8299372e5f422c34c7486a18c9fb6fac08fedc3,https://storage.googleapis.com/alleai-in/yaswanth/prog_content_testset_sampled/Dress/vto_image_20250811_102510/garment_cropped_upscaled.jpg?X-Amz-Algorithm=AWS4-HMAC-SHA256&X-Amz-Credential=GOOG4E63MNGYP5VR4UILWSHQ%2F20250910%2Fap-south-1%2Fs3%2Faws4_request&X-Amz-Date=20250910T114403Z&X-Amz-Expires=604800&X-Amz-SignedHeaders=host&X-Amz-Signature=4ab004135be38b0ecc5542116d927b9d433350b712bf25c5ee262036e9d527ff,https://storage.googleapis.com/alleai-in/yaswanth/prog_content_testset_sampled/Dress/vto_image_20250811_102510/reference_upscaled.jpg?X-Amz-Algorithm=AWS4-HMAC-SHA256&X-Amz-Credential=GOOG4E63MNGYP5VR4UILWSHQ%2F20250910%2Fap-south-1%2Fs3%2Faws4_request&X-Amz-Date=20250910T114403Z&X-Amz-Expires=604800&X-Amz-SignedHeaders=host&X-Amz-Signature=b1f5276e88f0709935e7d08fbd21de728e7fc63a65b4c77bc8ab1dc5aa5646ae,https://storage.googleapis.com/alleai-in/yaswanth/prog_content_testset_sampled/Dress/vto_image_20250811_102510/output_text_desc_redux_switch_5_mask_V5.jpg?X-Amz-Algorithm=AWS4-HMAC-SHA256&X-Amz-Credential=GOOG4E63MNGYP5VR4UILWSHQ%2F20250910%2Fap-south-1%2Fs3%2Faws4_request&X-Amz-Date=20250910T114403Z&X-Amz-Expires=604800&X-Amz-SignedHeaders=host&X-Amz-Signature=5079d73310acbc7ccf4676d607510fe50cc4561646afcd62e189c817355f05c8,https://storage.googleapis.com/alleai-in/yaswanth/prog_content_testset_sampled/Dress/vto_image_20250811_102510/output_seedream.png?X-Amz-Algorithm=AWS4-HMAC-SHA256&X-Amz-Credential=GOOG4E63MNGYP5VR4UILWSHQ%2F20250910%2Fap-south-1%2Fs3%2Faws4_request&X-Amz-Date=20250910T114403Z&X-Amz-Expires=604800&X-Amz-SignedHeaders=host&X-Amz-Signature=8b30897234508e25602f218504edaa23961d8060e9b8b99516e2703631e2e8dd,https://storage.googleapis.com/alleai-in/yaswanth/prog_content_testset_sampled/Dress/vto_image_20250811_102510/output_seedream_upscaled_garment.png?X-Amz-Algorithm=AWS4-HMAC-SHA256&X-Amz-Credential=GOOG4E63MNGYP5VR4UILWSHQ%2F20250910%2Fap-south-1%2Fs3%2Faws4_request&X-Amz-Date=20250910T114403Z&X-Amz-Expires=604800&X-Amz-SignedHeaders=host&X-Amz-Signature=1598cd778a54074b9f3555653a809dd944390e761e5e599ee5a30737863e208d,"A candid outdoor fashion portrait of a white woman wearing this dark navy shirt dress. The dress is paired with a slim beige belt, nude pointed-toe heels, and a structured black handbag. Hair is styled in loose waves. Expression is confident and composed, contributing to the overall vibe of the image.

The woman is facing directly toward the camera. The pose is walking mid-stride across a city street crosswalk. Body language should feel relaxed and self-assured.

The setting is an urban street with parked cars, trees, and residential buildings in the background, with natural daylight casting soft shadows and warm highlights. Background details include blurred cars, leafy trees, and textured building facades. The scene is lit with natural daylight, creating a gentle rim glow on the hair and subtle contrast between the subject and the background.

Camera details:
- eye-level angle
- medium-full shot
- sharp focus on subject with blurred background (bokeh)
- standard portrait lens look
- composition is centered, with the subject dominating the foreground and dynamic diagonal lines from the crosswalk.

Vibe & Style:
Overall mood is chic, effortless, and modern. The image should convey empowerment and street cool."
Dress,vto_image_20250826_105931,https://storage.googleapis.com/alleai-in/yaswanth/prog_content_testset_sampled/Dress/vto_image_20250826_105931/reference.jpg?X-Amz-Algorithm=AWS4-HMAC-SHA256&X-Amz-Credential=GOOG4E63MNGYP5VR4UILWSHQ%2F20250910%2Fap-south-1%2Fs3%2Faws4_request&X-Amz-Date=20250910T114403Z&X-Amz-Expires=604800&X-Amz-SignedHeaders=host&X-Amz-Signature=6457531c87824ad18c13e6a17cdadc83bda80a87523656734d63c695b9f4b5d4,https://storage.googleapis.com/alleai-in/yaswanth/prog_content_testset_sampled/Dress/vto_image_20250826_105931/garment.jpg?X-Amz-Algorithm=AWS4-HMAC-SHA256&X-Amz-Credential=GOOG4E63MNGYP5VR4UILWSHQ%2F20250910%2Fap-south-1%2Fs3%2Faws4_request&X-Amz-Date=20250910T114403Z&X-Amz-Expires=604800&X-Amz-SignedHeaders=host&X-Amz-Signature=d57145de2bee8be91feddf65520704965b31e0013bb245a7c1546cc67af9818c,https://storage.googleapis.com/alleai-in/yaswanth/prog_content_testset_sampled/Dress/vto_image_20250826_105931/garment_cropped.jpg?X-Amz-Algorithm=AWS4-HMAC-SHA256&X-Amz-Credential=GOOG4E63MNGYP5VR4UILWSHQ%2F20250910%2Fap-south-1%2Fs3%2Faws4_request&X-Amz-Date=20250910T114403Z&X-Amz-Expires=604800&X-Amz-SignedHeaders=host&X-Amz-Signature=00ce15264981be90ccee00023897aa5304b802b7ce90056f05b91ec50b4d64ad,https://storage.googleapis.com/alleai-in/yaswanth/prog_content_testset_sampled/Dress/vto_image_20250826_105931/garment_cropped_upscaled.jpg?X-Amz-Algorithm=AWS4-HMAC-SHA256&X-Amz-Credential=GOOG4E63MNGYP5VR4UILWSHQ%2F20250910%2Fap-south-1%2Fs3%2Faws4_request&X-Amz-Date=20250910T114403Z&X-Amz-Expires=604800&X-Amz-SignedHeaders=host&X-Amz-Signature=6db24e33b01ebd94891a06f3f6b3b2162f6e03216d8c4fc061c8f7caed80fcff,https://storage.googleapis.com/alleai-in/yaswanth/prog_content_testset_sampled/Dress/vto_image_20250826_105931/reference_upscaled.jpg?X-Amz-Algorithm=AWS4-HMAC-SHA256&X-Amz-Credential=GOOG4E63MNGYP5VR4UILWSHQ%2F20250910%2Fap-south-1%2Fs3%2Faws4_request&X-Amz-Date=20250910T114403Z&X-Amz-Expires=604800&X-Amz-SignedHeaders=host&X-Amz-Signature=f24a32f3e3851c30c783380abf58eacb5b8e2616956bccafcbd512ee83dad047,https://storage.googleapis.com/alleai-in/yaswanth/prog_content_testset_sampled/Dress/vto_image_20250826_105931/output_text_desc_redux_switch_5_mask_V5.jpg?X-Amz-Algorithm=AWS4-HMAC-SHA256&X-Amz-Credential=GOOG4E63MNGYP5VR4UILWSHQ%2F20250910%2Fap-south-1%2Fs3%2Faws4_request&X-Amz-Date=20250910T114403Z&X-Amz-Expires=604800&X-Amz-SignedHeaders=host&X-Amz-Signature=60863edf74f0f27e703982c57291f34035416a024e1bda1cb93446d80f165b3e,https://storage.googleapis.com/alleai-in/yaswanth/prog_content_testset_sampled/Dress/vto_image_20250826_105931/output_seedream.png?X-Amz-Algorithm=AWS4-HMAC-SHA256&X-Amz-Credential=GOOG4E63MNGYP5VR4UILWSHQ%2F20250910%2Fap-south-1%2Fs3%2Faws4_request&X-Amz-Date=20250910T114403Z&X-Amz-Expires=604800&X-Amz-SignedHeaders=host&X-Amz-Signature=f910e0b208ad74e09ee6c69b24e7922dc5e496b5d03bf6e1fac7fa37058e46aa,https://storage.googleapis.com/alleai-in/yaswanth/prog_content_testset_sampled/Dress/vto_image_20250826_105931/output_seedream_upscaled_garment.png?X-Amz-Algorithm=AWS4-HMAC-SHA256&X-Amz-Credential=GOOG4E63MNGYP5VR4UILWSHQ%2F20250910%2Fap-south-1%2Fs3%2Faws4_request&X-Amz-Date=20250910T114403Z&X-Amz-Expires=604800&X-Amz-SignedHeaders=host&X-Amz-Signature=d1293192a04917f34373c4ed2baa39ac9b83642582f83db0904abf2d4413683f,"A candid outdoor fashion portrait of a white woman wearing this light beige floral puff-sleeve midi dress. The dress is paired with elegant cream ankle-strap heels, a structured cream handbag, and small gold hoop earrings. Hair is styled in a sleek, neat low bun. Expression is relaxed with a gentle, candid smile, contributing to the overall vibe of the image.

The woman is facing directly toward the camera. The pose is natural and poised, with one hand resting in the dress pocket and the other holding the handbag. Body language should feel confident and graceful.

The setting is a quiet urban street with a neutral, textured wall in the background, and the sidewalk beneath her feet. The scene is lit with natural daylight, creating soft shadows and crisp highlights. Background details include the subtle texture of the wall and the edge of the pavement. The light creates warm highlights and a gentle, flattering glow on the subject.

Camera details:
- eye-level angle
- medium-full shot
- sharp focus on subject with blurred background (bokeh)
- standard portrait lens look
- centered composition with the subject dominating the foreground

Vibe & Style:
Overall mood is chic, effortless, and elegant. The image should convey a sense of modern femininity and timeless street style."
Dress,vto_image_20250829_081859,https://storage.googleapis.com/alleai-in/yaswanth/prog_content_testset_sampled/Dress/vto_image_20250829_081859/reference.jpg?X-Amz-Algorithm=AWS4-HMAC-SHA256&X-Amz-Credential=GOOG4E63MNGYP5VR4UILWSHQ%2F20250910%2Fap-south-1%2Fs3%2Faws4_request&X-Amz-Date=20250910T114403Z&X-Amz-Expires=604800&X-Amz-SignedHeaders=host&X-Amz-Signature=be89475d9e2ac2ba0db8205717cb0d7602644325a94e9d1dbba5e2390942a89f,https://storage.googleapis.com/alleai-in/yaswanth/prog_content_testset_sampled/Dress/vto_image_20250829_081859/garment.jpg?X-Amz-Algorithm=AWS4-HMAC-SHA256&X-Amz-Credential=GOOG4E63MNGYP5VR4UILWSHQ%2F20250910%2Fap-south-1%2Fs3%2Faws4_request&X-Amz-Date=20250910T114403Z&X-Amz-Expires=604800&X-Amz-SignedHeaders=host&X-Amz-Signature=f1a129cf1933e7976fd00733b34677ea0ae458748abf485115696727dc961ba9,https://storage.googleapis.com/alleai-in/yaswanth/prog_content_testset_sampled/Dress/vto_image_20250829_081859/garment_cropped.jpg?X-Amz-Algorithm=AWS4-HMAC-SHA256&X-Amz-Credential=GOOG4E63MNGYP5VR4UILWSHQ%2F20250910%2Fap-south-1%2Fs3%2Faws4_request&X-Amz-Date=20250910T114403Z&X-Amz-Expires=604800&X-Amz-SignedHeaders=host&X-Amz-Signature=5ea64b54754070191beb7a576bece04d5b8d4184a4fa84d354dca4f748f23f55,https://storage.googleapis.com/alleai-in/yaswanth/prog_content_testset_sampled/Dress/vto_image_20250829_081859/garment_cropped_upscaled.jpg?X-Amz-Algorithm=AWS4-HMAC-SHA256&X-Amz-Credential=GOOG4E63MNGYP5VR4UILWSHQ%2F20250910%2Fap-south-1%2Fs3%2Faws4_request&X-Amz-Date=20250910T114403Z&X-Amz-Expires=604800&X-Amz-SignedHeaders=host&X-Amz-Signature=a15282a794387f2c3bcb49de1449ee074ad4301e63222cfab6076eb3d3ebb2ad,https://storage.googleapis.com/alleai-in/yaswanth/prog_content_testset_sampled/Dress/vto_image_20250829_081859/reference_upscaled.jpg?X-Amz-Algorithm=AWS4-HMAC-SHA256&X-Amz-Credential=GOOG4E63MNGYP5VR4UILWSHQ%2F20250910%2Fap-south-1%2Fs3%2Faws4_request&X-Amz-Date=20250910T114403Z&X-Amz-Expires=604800&X-Amz-SignedHeaders=host&X-Amz-Signature=cfccd0d6c88e0c04b360719cad6eda89a9242c62bad2010bb06445489a720d7e,https://storage.googleapis.com/alleai-in/yaswanth/prog_content_testset_sampled/Dress/vto_image_20250829_081859/output_text_desc_redux_switch_5_mask_V5.jpg?X-Amz-Algorithm=AWS4-HMAC-SHA256&X-Amz-Credential=GOOG4E63MNGYP5VR4UILWSHQ%2F20250910%2Fap-south-1%2Fs3%2Faws4_request&X-Amz-Date=20250910T114403Z&X-Amz-Expires=604800&X-Amz-SignedHeaders=host&X-Amz-Signature=605ce5d5fa96a2b1bcce7c0ee81cf42a5aa7e2efe1a6eb00002565d86b9fe49d,https://storage.googleapis.com/alleai-in/yaswanth/prog_content_testset_sampled/Dress/vto_image_20250829_081859/output_seedream.png?X-Amz-Algorithm=AWS4-HMAC-SHA256&X-Amz-Credential=GOOG4E63MNGYP5VR4UILWSHQ%2F20250910%2Fap-south-1%2Fs3%2Faws4_request&X-Amz-Date=20250910T114403Z&X-Amz-Expires=604800&X-Amz-SignedHeaders=host&X-Amz-Signature=73e3e1990040290be5bd6b2062380b6acc8a3fbebd6d6015b1015207951058f0,https://storage.googleapis.com/alleai-in/yaswanth/prog_content_testset_sampled/Dress/vto_image_20250829_081859/output_seedream_upscaled_garment.png?X-Amz-Algorithm=AWS4-HMAC-SHA256&X-Amz-Credential=GOOG4E63MNGYP5VR4UILWSHQ%2F20250910%2Fap-south-1%2Fs3%2Faws4_request&X-Amz-Date=20250910T114403Z&X-Amz-Expires=604800&X-Amz-SignedHeaders=host&X-Amz-Signature=ae0f6441c73f320ee0d175d09ee50f396e57d059bff528dcefaedcd38bc9458f,"A candid outdoor fashion portrait of a woman of ambiguous ethnicity wearing this light pink dress. The dress is paired with white sandals and a small chain-strap shoulder bag with a pink flower accessory. Hair is styled in a neat, low bun. Expression is relaxed and thoughtful, contributing to the overall serene vibe of the image. The woman is facing slightly turned in a ¾ profile, looking away into the distance. The pose is natural, as if walking mid-stride along the beach, with one arm gently swinging and the other holding her bag. Body language should feel relaxed and confident. The setting is a tropical beach with soft white sand, palm trees, and the ocean in the background, under a pastel evening sky. Lighting is natural daylight with soft shadows and gentle highlights, creating a warm, inviting atmosphere. Background details include palm trees, the ocean horizon, and textured sand. The scene is lit with natural daylight, producing warm highlights and soft backlighting. Camera details: eye-level angle, medium-full shot, sharp focus on subject with a softly blurred background (bokeh), standard portrait lens look, composition off-centered with the subject slightly to the left, palm trees framing the scene. Vibe & Style: Overall mood is chic, effortless, and serene. The image should convey a sense of mindfulness, relaxation, and free-spirited energy."
Dress,vto_image_20250826_011800,https://storage.googleapis.com/alleai-in/yaswanth/prog_content_testset_sampled/Dress/vto_image_20250826_011800/reference.jpg?X-Amz-Algorithm=AWS4-HMAC-SHA256&X-Amz-Credential=GOOG4E63MNGYP5VR4UILWSHQ%2F20250910%2Fap-south-1%2Fs3%2Faws4_request&X-Amz-Date=20250910T114403Z&X-Amz-Expires=604800&X-Amz-SignedHeaders=host&X-Amz-Signature=b2e767f207c3b44cd7c965b495cb85f713889a7120e0905668395da9e6eca5d2,https://storage.googleapis.com/alleai-in/yaswanth/prog_content_testset_sampled/Dress/vto_image_20250826_011800/garment.jpg?X-Amz-Algorithm=AWS4-HMAC-SHA256&X-Amz-Credential=GOOG4E63MNGYP5VR4UILWSHQ%2F20250910%2Fap-south-1%2Fs3%2Faws4_request&X-Amz-Date=20250910T114403Z&X-Amz-Expires=604800&X-Amz-SignedHeaders=host&X-Amz-Signature=944d58854a536c58edc778de9ffaafa875d78a141346e8f015224bec24f622de,https://storage.googleapis.com/alleai-in/yaswanth/prog_content_testset_sampled/Dress/vto_image_20250826_011800/garment_cropped.jpg?X-Amz-Algorithm=AWS4-HMAC-SHA256&X-Amz-Credential=GOOG4E63MNGYP5VR4UILWSHQ%2F20250910%2Fap-south-1%2Fs3%2Faws4_request&X-Amz-Date=20250910T114403Z&X-Amz-Expires=604800&X-Amz-SignedHeaders=host&X-Amz-Signature=6f24a3b6f40b7ee5ab5f89f4a0790440da201f3e89d29508a98e68fbc14dc777,https://storage.googleapis.com/alleai-in/yaswanth/prog_content_testset_sampled/Dress/vto_image_20250826_011800/garment_cropped_upscaled.jpg?X-Amz-Algorithm=AWS4-HMAC-SHA256&X-Amz-Credential=GOOG4E63MNGYP5VR4UILWSHQ%2F20250910%2Fap-south-1%2Fs3%2Faws4_request&X-Amz-Date=20250910T114403Z&X-Amz-Expires=604800&X-Amz-SignedHeaders=host&X-Amz-Signature=f484ed5158cae797c2c32c43fb457b8132769f1d5c4abde21f5f73f8b6741771,https://storage.googleapis.com/alleai-in/yaswanth/prog_content_testset_sampled/Dress/vto_image_20250826_011800/reference_upscaled.jpg?X-Amz-Algorithm=AWS4-HMAC-SHA256&X-Amz-Credential=GOOG4E63MNGYP5VR4UILWSHQ%2F20250910%2Fap-south-1%2Fs3%2Faws4_request&X-Amz-Date=20250910T114403Z&X-Amz-Expires=604800&X-Amz-SignedHeaders=host&X-Amz-Signature=a67470caa3c4cfdd5ef31a5f231b83f5d484ddbbbcb9a2302feb12c5f8050f1c,https://storage.googleapis.com/alleai-in/yaswanth/prog_content_testset_sampled/Dress/vto_image_20250826_011800/output_text_desc_redux_switch_5_mask_V5.jpg?X-Amz-Algorithm=AWS4-HMAC-SHA256&X-Amz-Credential=GOOG4E63MNGYP5VR4UILWSHQ%2F20250910%2Fap-south-1%2Fs3%2Faws4_request&X-Amz-Date=20250910T114403Z&X-Amz-Expires=604800&X-Amz-SignedHeaders=host&X-Amz-Signature=d7abd8a21b94fcde41669f81c8dd30019f83e357ce48a3195efcbeeb299f25dc,https://storage.googleapis.com/alleai-in/yaswanth/prog_content_testset_sampled/Dress/vto_image_20250826_011800/output_seedream.png?X-Amz-Algorithm=AWS4-HMAC-SHA256&X-Amz-Credential=GOOG4E63MNGYP5VR4UILWSHQ%2F20250910%2Fap-south-1%2Fs3%2Faws4_request&X-Amz-Date=20250910T114403Z&X-Amz-Expires=604800&X-Amz-SignedHeaders=host&X-Amz-Signature=00968107269d8b5ba7e098202ef2d42896ff85e6384866964025bcff1c507206,https://storage.googleapis.com/alleai-in/yaswanth/prog_content_testset_sampled/Dress/vto_image_20250826_011800/output_seedream_upscaled_garment.png?X-Amz-Algorithm=AWS4-HMAC-SHA256&X-Amz-Credential=GOOG4E63MNGYP5VR4UILWSHQ%2F20250910%2Fap-south-1%2Fs3%2Faws4_request&X-Amz-Date=20250910T114403Z&X-Amz-Expires=604800&X-Amz-SignedHeaders=host&X-Amz-Signature=e1c752c8cc7f6eeee2524375613495ab6f83c937f43363e5fc93a1fce97c98c3,"A candid outdoor fashion portrait of a Latina woman wearing this beige sleeveless dress with an abstract green and black dot pattern and a belted waist. The dress is paired with taupe pointed-toe heels and a structured tan leather handbag. Hair is styled in loose waves, and her expression is joyful, contributing to the overall vibrant and approachable vibe of the image.

The woman is facing slightly turned in a ¾ profile, walking mid-stride along a city sidewalk. Body language should feel relaxed and confident.

The setting is an urban street with stone walls covered in green ivy, modern glass storefronts, and lush trees in the background. The lighting is natural daylight with soft shadows and crisp highlights, creating warm highlights and a gentle rim glow on her hair.

Camera details:
- eye-level angle
- medium-full shot
- sharp focus on subject with blurred background (bokeh)
- standard portrait lens look
- composition follows the rule of thirds, with the subject slightly off-centered and dynamic diagonal lines from the sidewalk and building.

Vibe & Style:
Overall mood is chic, effortless, and modern. The image should convey a sense of empowerment, movement, and street cool."
Dress,208220,https://storage.googleapis.com/alleai-in/yaswanth/prog_content_testset_sampled/Dress/208220/reference.jpg?X-Amz-Algorithm=AWS4-HMAC-SHA256&X-Amz-Credential=GOOG4E63MNGYP5VR4UILWSHQ%2F20250910%2Fap-south-1%2Fs3%2Faws4_request&X-Amz-Date=20250910T114403Z&X-Amz-Expires=604800&X-Amz-SignedHeaders=host&X-Amz-Signature=9b36ff9c9685673659e3aaa2ef63b2126e5d5fb9e3c7814f218218b03c490b7e,https://storage.googleapis.com/alleai-in/yaswanth/prog_content_testset_sampled/Dress/208220/garment.jpg?X-Amz-Algorithm=AWS4-HMAC-SHA256&X-Amz-Credential=GOOG4E63MNGYP5VR4UILWSHQ%2F20250910%2Fap-south-1%2Fs3%2Faws4_request&X-Amz-Date=20250910T114403Z&X-Amz-Expires=604800&X-Amz-SignedHeaders=host&X-Amz-Signature=8c2c1197c814cd9e2e14dc65d7a43493e262c9909d0c8d9f147c44327a8bdea3,https://storage.googleapis.com/alleai-in/yaswanth/prog_content_testset_sampled/Dress/208220/garment_cropped.jpg?X-Amz-Algorithm=AWS4-HMAC-SHA256&X-Amz-Credential=GOOG4E63MNGYP5VR4UILWSHQ%2F20250910%2Fap-south-1%2Fs3%2Faws4_request&X-Amz-Date=20250910T114403Z&X-Amz-Expires=604800&X-Amz-SignedHeaders=host&X-Amz-Signature=b7b06cd3c5587b2b429ba6be7fafaf29573b59bb749dfd510bcd6a7a80dd5c71,https://storage.googleapis.com/alleai-in/yaswanth/prog_content_testset_sampled/Dress/208220/garment_cropped_upscaled.jpg?X-Amz-Algorithm=AWS4-HMAC-SHA256&X-Amz-Credential=GOOG4E63MNGYP5VR4UILWSHQ%2F20250910%2Fap-south-1%2Fs3%2Faws4_request&X-Amz-Date=20250910T114403Z&X-Amz-Expires=604800&X-Amz-SignedHeaders=host&X-Amz-Signature=d926469b4fc66d810475203008644b0d399d90b3ce53e719b1df1b9da32cc366,https://storage.googleapis.com/alleai-in/yaswanth/prog_content_testset_sampled/Dress/208220/reference_upscaled.jpg?X-Amz-Algorithm=AWS4-HMAC-SHA256&X-Amz-Credential=GOOG4E63MNGYP5VR4UILWSHQ%2F20250910%2Fap-south-1%2Fs3%2Faws4_request&X-Amz-Date=20250910T114403Z&X-Amz-Expires=604800&X-Amz-SignedHeaders=host&X-Amz-Signature=af531565163f9a8eaf28ee427a2d766696331e55f67df3f80b5d98b79896ea03,https://storage.googleapis.com/alleai-in/yaswanth/prog_content_testset_sampled/Dress/208220/output_text_desc_redux_switch_5_mask_V5.jpg?X-Amz-Algorithm=AWS4-HMAC-SHA256&X-Amz-Credential=GOOG4E63MNGYP5VR4UILWSHQ%2F20250910%2Fap-south-1%2Fs3%2Faws4_request&X-Amz-Date=20250910T114403Z&X-Amz-Expires=604800&X-Amz-SignedHeaders=host&X-Amz-Signature=03fbbdeb2573e90feca2ac666d68c049e214aa5be7e3037eb15040ce3d25ad31,https://storage.googleapis.com/alleai-in/yaswanth/prog_content_testset_sampled/Dress/208220/output_seedream.png?X-Amz-Algorithm=AWS4-HMAC-SHA256&X-Amz-Credential=GOOG4E63MNGYP5VR4UILWSHQ%2F20250910%2Fap-south-1%2Fs3%2Faws4_request&X-Amz-Date=20250910T114403Z&X-Amz-Expires=604800&X-Amz-SignedHeaders=host&X-Amz-Signature=19dc3d4fa02d8b95ec9428def12132b0a236d4ecb18206a666fcfcd410f811bc,https://storage.googleapis.com/alleai-in/yaswanth/prog_content_testset_sampled/Dress/208220/output_seedream_upscaled_garment.png?X-Amz-Algorithm=AWS4-HMAC-SHA256&X-Amz-Credential=GOOG4E63MNGYP5VR4UILWSHQ%2F20250910%2Fap-south-1%2Fs3%2Faws4_request&X-Amz-Date=20250910T114403Z&X-Amz-Expires=604800&X-Amz-SignedHeaders=host&X-Amz-Signature=b243aca6e1d453c4294ecc2db8d6a788b362a4627912fcf83f28a5a28bb2dedd,"A candid indoor fashion portrait of a Caucasian woman wearing this black sequin halter dress. The black sequin halter dress is paired with sheer black tights, black pointed-toe heels, and accessorized with a black headband and elegant drop earrings. Hair is styled in soft, loose waves with a polished finish. Expression is relaxed and subtly joyful, contributing to the overall festive and elegant vibe of the image.

The woman is facing slightly turned in a ¾ profile, with one hand resting on her hip and the other gently touching her hair. The pose is natural and confident, standing tall with a slight bend in one knee. Body language should feel poised, graceful, and self-assured.

The setting is a cozy, tastefully decorated bedroom with a frosted Christmas tree adorned with lights, a white nightstand with a lamp, and a neatly made bed with white linens. Lighting is natural daylight, softly illuminating the scene with gentle highlights and minimal shadows. Background details include the festive tree, subtle holiday decor, and warm wooden flooring. The scene is lit with natural daylight, creating soft, flattering highlights and a gentle glow on the subject's hair.

Camera details:
- eye-level angle
- medium-full shot
- sharp focus on subject with a softly blurred background (bokeh)
- standard portrait lens look
- composition is off-centered, with the subject slightly to the left, following the rule of thirds, and the Christmas tree providing a festive backdrop

Vibe & Style:
Overall mood is chic, elegant, and celebratory. The image should convey a sense of festive sophistication, confidence, and holiday glamour."
Dress,vto_image_20250812_125854,https://storage.googleapis.com/alleai-in/yaswanth/prog_content_testset_sampled/Dress/vto_image_20250812_125854/reference.jpg?X-Amz-Algorithm=AWS4-HMAC-SHA256&X-Amz-Credential=GOOG4E63MNGYP5VR4UILWSHQ%2F20250910%2Fap-south-1%2Fs3%2Faws4_request&X-Amz-Date=20250910T114403Z&X-Amz-Expires=604800&X-Amz-SignedHeaders=host&X-Amz-Signature=7d0304128d9ef94f1565ec1242fcab8bd6307529e96d8c228917f943e3779492,https://storage.googleapis.com/alleai-in/yaswanth/prog_content_testset_sampled/Dress/vto_image_20250812_125854/garment.jpg?X-Amz-Algorithm=AWS4-HMAC-SHA256&X-Amz-Credential=GOOG4E63MNGYP5VR4UILWSHQ%2F20250910%2Fap-south-1%2Fs3%2Faws4_request&X-Amz-Date=20250910T114403Z&X-Amz-Expires=604800&X-Amz-SignedHeaders=host&X-Amz-Signature=64c26c3d49ea5f123c1c8fa38379ab5bed5f86ef68224294f365a83762260376,https://storage.googleapis.com/alleai-in/yaswanth/prog_content_testset_sampled/Dress/vto_image_20250812_125854/garment_cropped.jpg?X-Amz-Algorithm=AWS4-HMAC-SHA256&X-Amz-Credential=GOOG4E63MNGYP5VR4UILWSHQ%2F20250910%2Fap-south-1%2Fs3%2Faws4_request&X-Amz-Date=20250910T114403Z&X-Amz-Expires=604800&X-Amz-SignedHeaders=host&X-Amz-Signature=1a7cfec85a8705c352322434dc3a71b425c59c8dc1b40f9839da96cf60ff8ea4,https://storage.googleapis.com/alleai-in/yaswanth/prog_content_testset_sampled/Dress/vto_image_20250812_125854/garment_cropped_upscaled.jpg?X-Amz-Algorithm=AWS4-HMAC-SHA256&X-Amz-Credential=GOOG4E63MNGYP5VR4UILWSHQ%2F20250910%2Fap-south-1%2Fs3%2Faws4_request&X-Amz-Date=20250910T114403Z&X-Amz-Expires=604800&X-Amz-SignedHeaders=host&X-Amz-Signature=00f5f65ae973e145ecb928abe07b821b93fc1803005c4e6de51e5942f8bfd8cd,https://storage.googleapis.com/alleai-in/yaswanth/prog_content_testset_sampled/Dress/vto_image_20250812_125854/reference_upscaled.jpg?X-Amz-Algorithm=AWS4-HMAC-SHA256&X-Amz-Credential=GOOG4E63MNGYP5VR4UILWSHQ%2F20250910%2Fap-south-1%2Fs3%2Faws4_request&X-Amz-Date=20250910T114403Z&X-Amz-Expires=604800&X-Amz-SignedHeaders=host&X-Amz-Signature=7d9f5544f129eedf3e35d52e303dad4de6dab4bab7b2b59511d83152c25c4792,https://storage.googleapis.com/alleai-in/yaswanth/prog_content_testset_sampled/Dress/vto_image_20250812_125854/output_text_desc_redux_switch_5_mask_V5.jpg?X-Amz-Algorithm=AWS4-HMAC-SHA256&X-Amz-Credential=GOOG4E63MNGYP5VR4UILWSHQ%2F20250910%2Fap-south-1%2Fs3%2Faws4_request&X-Amz-Date=20250910T114403Z&X-Amz-Expires=604800&X-Amz-SignedHeaders=host&X-Amz-Signature=b0f40c86994a8d1352bc5cc8c8ea98338ad19eef43a82871ae4c5bc8afb31de6,https://storage.googleapis.com/alleai-in/yaswanth/prog_content_testset_sampled/Dress/vto_image_20250812_125854/output_seedream.png?X-Amz-Algorithm=AWS4-HMAC-SHA256&X-Amz-Credential=GOOG4E63MNGYP5VR4UILWSHQ%2F20250910%2Fap-south-1%2Fs3%2Faws4_request&X-Amz-Date=20250910T114403Z&X-Amz-Expires=604800&X-Amz-SignedHeaders=host&X-Amz-Signature=047e1a6c4ca53a0bf4c04f46c4ccff2ccea68b060577b10157901e202ad7df87,https://storage.googleapis.com/alleai-in/yaswanth/prog_content_testset_sampled/Dress/vto_image_20250812_125854/output_seedream_upscaled_garment.png?X-Amz-Algorithm=AWS4-HMAC-SHA256&X-Amz-Credential=GOOG4E63MNGYP5VR4UILWSHQ%2F20250910%2Fap-south-1%2Fs3%2Faws4_request&X-Amz-Date=20250910T114403Z&X-Amz-Expires=604800&X-Amz-SignedHeaders=host&X-Amz-Signature=a703292d047f0e72050cb7fa92b89ada6e761b87cd2b194cd5a6ce0b2f4d519c,"A candid indoor fashion portrait of a white woman wearing this vibrant cobalt blue sleeveless dress. The dress is paired with strappy nude heeled sandals and gold hoop earrings. Hair is styled in sleek, loose waves. Expression is relaxed and softly smiling, contributing to the overall elegant vibe of the image.

The woman is facing slightly turned ¾ profile toward the camera. The pose is natural and poised, with one hand resting gently by her side and the other relaxed. Body language should feel confident and graceful.

The setting is an indoor space with a neutral-toned stone wall and tiled floor, softly lit by natural daylight that creates gentle highlights and subtle shadows. Background details include textured stonework and clean architectural lines. The scene is lit with natural daylight, producing soft highlights and a gentle glow on the subject's hair and dress.

Camera details:
- eye-level angle
- medium-full shot
- sharp focus on subject with softly blurred background (bokeh)
- standard portrait lens look
- composition is centered, with the subject dominating the foreground and subtle diagonal lines from the staircase in the background

Vibe & Style:
Overall mood is chic, modern, and elegant. The image should convey a sense of effortless sophistication and poised confidence."
Dress,vto_image_20250826_040034,https://storage.googleapis.com/alleai-in/yaswanth/prog_content_testset_sampled/Dress/vto_image_20250826_040034/reference.jpg?X-Amz-Algorithm=AWS4-HMAC-SHA256&X-Amz-Credential=GOOG4E63MNGYP5VR4UILWSHQ%2F20250910%2Fap-south-1%2Fs3%2Faws4_request&X-Amz-Date=20250910T114403Z&X-Amz-Expires=604800&X-Amz-SignedHeaders=host&X-Amz-Signature=9aea61cba6a65a696b2800e0fdef50d5f17668d61ca1b4ad046b6b3605e30daa,https://storage.googleapis.com/alleai-in/yaswanth/prog_content_testset_sampled/Dress/vto_image_20250826_040034/garment.jpg?X-Amz-Algorithm=AWS4-HMAC-SHA256&X-Amz-Credential=GOOG4E63MNGYP5VR4UILWSHQ%2F20250910%2Fap-south-1%2Fs3%2Faws4_request&X-Amz-Date=20250910T114403Z&X-Amz-Expires=604800&X-Amz-SignedHeaders=host&X-Amz-Signature=fdb8118b6d4f1bb236bb8399dc0869536b95aac6d983f424f991d790c18fc795,https://storage.googleapis.com/alleai-in/yaswanth/prog_content_testset_sampled/Dress/vto_image_20250826_040034/garment_cropped.jpg?X-Amz-Algorithm=AWS4-HMAC-SHA256&X-Amz-Credential=GOOG4E63MNGYP5VR4UILWSHQ%2F20250910%2Fap-south-1%2Fs3%2Faws4_request&X-Amz-Date=20250910T114403Z&X-Amz-Expires=604800&X-Amz-SignedHeaders=host&X-Amz-Signature=12a18cc9ac101e2bb469f11981b165883811649e90b83e0e939f40416b1515ea,https://storage.googleapis.com/alleai-in/yaswanth/prog_content_testset_sampled/Dress/vto_image_20250826_040034/garment_cropped_upscaled.jpg?X-Amz-Algorithm=AWS4-HMAC-SHA256&X-Amz-Credential=GOOG4E63MNGYP5VR4UILWSHQ%2F20250910%2Fap-south-1%2Fs3%2Faws4_request&X-Amz-Date=20250910T114403Z&X-Amz-Expires=604800&X-Amz-SignedHeaders=host&X-Amz-Signature=d4efb7a884f120c198bef437d0551247c2a1503c4bc5b8e3428e4c1e4bbf3d0d,https://storage.googleapis.com/alleai-in/yaswanth/prog_content_testset_sampled/Dress/vto_image_20250826_040034/reference_upscaled.jpg?X-Amz-Algorithm=AWS4-HMAC-SHA256&X-Amz-Credential=GOOG4E63MNGYP5VR4UILWSHQ%2F20250910%2Fap-south-1%2Fs3%2Faws4_request&X-Amz-Date=20250910T114403Z&X-Amz-Expires=604800&X-Amz-SignedHeaders=host&X-Amz-Signature=b98e0d1d01f763d1a6c8ff34c101e8729cd80f4358acfa0bd99bf651699b1fc8,https://storage.googleapis.com/alleai-in/yaswanth/prog_content_testset_sampled/Dress/vto_image_20250826_040034/output_text_desc_redux_switch_5_mask_V5.jpg?X-Amz-Algorithm=AWS4-HMAC-SHA256&X-Amz-Credential=GOOG4E63MNGYP5VR4UILWSHQ%2F20250910%2Fap-south-1%2Fs3%2Faws4_request&X-Amz-Date=20250910T114403Z&X-Amz-Expires=604800&X-Amz-SignedHeaders=host&X-Amz-Signature=a091c8274d9ad053d7da56b877c20ee7146be3f5326b64f3afc5516deedb7f14,https://storage.googleapis.com/alleai-in/yaswanth/prog_content_testset_sampled/Dress/vto_image_20250826_040034/output_seedream.png?X-Amz-Algorithm=AWS4-HMAC-SHA256&X-Amz-Credential=GOOG4E63MNGYP5VR4UILWSHQ%2F20250910%2Fap-south-1%2Fs3%2Faws4_request&X-Amz-Date=20250910T114403Z&X-Amz-Expires=604800&X-Amz-SignedHeaders=host&X-Amz-Signature=420011396354bbf1666d0081c283c835d4a49b50ec495e5f64fe9f1d85131d02,https://storage.googleapis.com/alleai-in/yaswanth/prog_content_testset_sampled/Dress/vto_image_20250826_040034/output_seedream_upscaled_garment.png?X-Amz-Algorithm=AWS4-HMAC-SHA256&X-Amz-Credential=GOOG4E63MNGYP5VR4UILWSHQ%2F20250910%2Fap-south-1%2Fs3%2Faws4_request&X-Amz-Date=20250910T114403Z&X-Amz-Expires=604800&X-Amz-SignedHeaders=host&X-Amz-Signature=ed619c260ad2d37795a2208f01e07b91aaca1242db63107a244d75694629b56c,"A candid outdoor fashion portrait of an East Asian woman wearing this soft beige sleeveless draped dress. The dress is paired with a black and white woven handbag, as seen in the original outfit, and no visible footwear. Hair is styled sleek and straight, falling naturally past her shoulders. Expression is thoughtful and serene, contributing to the overall vibe of the image.

The woman is facing slightly turned ¾ profile toward the camera. The pose is relaxed, with one hand resting gently on a wooden table and the other holding the handbag, body language feeling graceful and composed.

The setting is a rustic outdoor café with wooden tables and chairs, stone walls, and glass windows reflecting the greenery outside. Lighting is natural daylight, creating soft shadows and warm highlights on the subject. Background details include tableware, plates, cups, and subtle foliage in the foreground, adding depth and texture. The scene is lit with natural daylight, producing gentle highlights and a soft, inviting atmosphere.

Camera details:
- eye-level angle
- medium-full shot
- sharp focus on subject with blurred background (bokeh)
- standard portrait lens look
- off-centered composition with the subject slightly to the right, incorporating dynamic diagonal lines from the table and chair arrangement

Vibe & Style:
Overall mood is chic, effortless, and modern. The image should convey a sense of serene confidence and understated elegance, blending rustic charm with contemporary fashion."
Dress,206581,https://storage.googleapis.com/alleai-in/yaswanth/prog_content_testset_sampled/Dress/206581/reference.jpg?X-Amz-Algorithm=AWS4-HMAC-SHA256&X-Amz-Credential=GOOG4E63MNGYP5VR4UILWSHQ%2F20250910%2Fap-south-1%2Fs3%2Faws4_request&X-Amz-Date=20250910T114403Z&X-Amz-Expires=604800&X-Amz-SignedHeaders=host&X-Amz-Signature=c2b822f67f3c2f2af46af90102ab901aa5761fb5543d1e6d472cfa27dde07e81,https://storage.googleapis.com/alleai-in/yaswanth/prog_content_testset_sampled/Dress/206581/garment.jpg?X-Amz-Algorithm=AWS4-HMAC-SHA256&X-Amz-Credential=GOOG4E63MNGYP5VR4UILWSHQ%2F20250910%2Fap-south-1%2Fs3%2Faws4_request&X-Amz-Date=20250910T114403Z&X-Amz-Expires=604800&X-Amz-SignedHeaders=host&X-Amz-Signature=a2dd636b55d9bf9d38379ca5d8fed21b5f88d32cd8db5929eba323c9f9a3984e,https://storage.googleapis.com/alleai-in/yaswanth/prog_content_testset_sampled/Dress/206581/garment_cropped.jpg?X-Amz-Algorithm=AWS4-HMAC-SHA256&X-Amz-Credential=GOOG4E63MNGYP5VR4UILWSHQ%2F20250910%2Fap-south-1%2Fs3%2Faws4_request&X-Amz-Date=20250910T114403Z&X-Amz-Expires=604800&X-Amz-SignedHeaders=host&X-Amz-Signature=1e7314ad3d84c2eb2a8b0042c7f4175994d66e06bd2a799c21b0c2e6cd99ecf1,https://storage.googleapis.com/alleai-in/yaswanth/prog_content_testset_sampled/Dress/206581/garment_cropped_upscaled.jpg?X-Amz-Algorithm=AWS4-HMAC-SHA256&X-Amz-Credential=GOOG4E63MNGYP5VR4UILWSHQ%2F20250910%2Fap-south-1%2Fs3%2Faws4_request&X-Amz-Date=20250910T114403Z&X-Amz-Expires=604800&X-Amz-SignedHeaders=host&X-Amz-Signature=386273945391e49458d113cdadf6f2bec4d35b216ea260b72aceca34193d9e9f,https://storage.googleapis.com/alleai-in/yaswanth/prog_content_testset_sampled/Dress/206581/reference_upscaled.jpg?X-Amz-Algorithm=AWS4-HMAC-SHA256&X-Amz-Credential=GOOG4E63MNGYP5VR4UILWSHQ%2F20250910%2Fap-south-1%2Fs3%2Faws4_request&X-Amz-Date=20250910T114403Z&X-Amz-Expires=604800&X-Amz-SignedHeaders=host&X-Amz-Signature=953c2a0fa22513cc478223d116c21cd19c6fa3951ff75bf6285ef3c27d9c5857,https://storage.googleapis.com/alleai-in/yaswanth/prog_content_testset_sampled/Dress/206581/output_text_desc_redux_switch_5_mask_V5.jpg?X-Amz-Algorithm=AWS4-HMAC-SHA256&X-Amz-Credential=GOOG4E63MNGYP5VR4UILWSHQ%2F20250910%2Fap-south-1%2Fs3%2Faws4_request&X-Amz-Date=20250910T114403Z&X-Amz-Expires=604800&X-Amz-SignedHeaders=host&X-Amz-Signature=1ec87e840fc071268c5a2d24990b6976b7cc57b64e586673cbe2d18aba7698f2,https://storage.googleapis.com/alleai-in/yaswanth/prog_content_testset_sampled/Dress/206581/output_seedream.png?X-Amz-Algorithm=AWS4-HMAC-SHA256&X-Amz-Credential=GOOG4E63MNGYP5VR4UILWSHQ%2F20250910%2Fap-south-1%2Fs3%2Faws4_request&X-Amz-Date=20250910T114403Z&X-Amz-Expires=604800&X-Amz-SignedHeaders=host&X-Amz-Signature=73bad7c602cfa337c2251a205da5759ebcdf3ce0a52a35c4158c5633bd00dc2c,https://storage.googleapis.com/alleai-in/yaswanth/prog_content_testset_sampled/Dress/206581/output_seedream_upscaled_garment.png?X-Amz-Algorithm=AWS4-HMAC-SHA256&X-Amz-Credential=GOOG4E63MNGYP5VR4UILWSHQ%2F20250910%2Fap-south-1%2Fs3%2Faws4_request&X-Amz-Date=20250910T114403Z&X-Amz-Expires=604800&X-Amz-SignedHeaders=host&X-Amz-Signature=19f8f062843913727bc88540b4ec1e8c1baf2970daeb50f15feb1c8dec459c87,"A candid outdoor fashion portrait of a Caucasian woman wearing this black and white floral print dress. The dress is paired with light gray knee-high western boots, and a delicate gold necklace as seen in the original outfit. Hair is styled in loose, voluminous waves cascading over her shoulders. Expression is joyful, contributing to the overall vibe of the image. 

The woman is facing directly toward the camera. The pose is relaxed, standing with one leg slightly forward, hands gently at her sides, and a natural, candid smile. Body language should feel confident and approachable.

The setting is a rustic outdoor environment in front of a white wooden building, with green grass and a stone foundation visible in the background. Lighting is natural daylight, creating soft shadows and warm highlights on the subject. Background details include windows with divided panes, textured white siding, and a hint of gravel path. The scene is lit with natural daylight, producing a gentle rim glow on the hair and subtle contrast between the subject and the background.

Camera details:
- eye-level angle
- medium-full shot
- sharp focus on subject with blurred background (bokeh)
- standard portrait lens look
- centered composition with the subject dominating the foreground

Vibe & Style:
Overall mood is chic, effortless, and modern. The image should convey a sense of approachable confidence and rustic charm."
Dress,vto_image_20250823_132726,https://storage.googleapis.com/alleai-in/yaswanth/prog_content_testset_sampled/Dress/vto_image_20250823_132726/reference.jpg?X-Amz-Algorithm=AWS4-HMAC-SHA256&X-Amz-Credential=GOOG4E63MNGYP5VR4UILWSHQ%2F20250910%2Fap-south-1%2Fs3%2Faws4_request&X-Amz-Date=20250910T114403Z&X-Amz-Expires=604800&X-Amz-SignedHeaders=host&X-Amz-Signature=8b7daf7dea8737cbd7c76604e942172d6b915be7bd09479657c043edd9c71476,https://storage.googleapis.com/alleai-in/yaswanth/prog_content_testset_sampled/Dress/vto_image_20250823_132726/garment.jpg?X-Amz-Algorithm=AWS4-HMAC-SHA256&X-Amz-Credential=GOOG4E63MNGYP5VR4UILWSHQ%2F20250910%2Fap-south-1%2Fs3%2Faws4_request&X-Amz-Date=20250910T114403Z&X-Amz-Expires=604800&X-Amz-SignedHeaders=host&X-Amz-Signature=f9b6986aabd02d797e1b12704b5f7544e400c2f0733e3e2a13870579a381732a,https://storage.googleapis.com/alleai-in/yaswanth/prog_content_testset_sampled/Dress/vto_image_20250823_132726/garment_cropped.jpg?X-Amz-Algorithm=AWS4-HMAC-SHA256&X-Amz-Credential=GOOG4E63MNGYP5VR4UILWSHQ%2F20250910%2Fap-south-1%2Fs3%2Faws4_request&X-Amz-Date=20250910T114403Z&X-Amz-Expires=604800&X-Amz-SignedHeaders=host&X-Amz-Signature=25c60e7befa6b5a5cb468db3830e1181270d84433f15f32d14e9cf1bb26cde8e,https://storage.googleapis.com/alleai-in/yaswanth/prog_content_testset_sampled/Dress/vto_image_20250823_132726/garment_cropped_upscaled.jpg?X-Amz-Algorithm=AWS4-HMAC-SHA256&X-Amz-Credential=GOOG4E63MNGYP5VR4UILWSHQ%2F20250910%2Fap-south-1%2Fs3%2Faws4_request&X-Amz-Date=20250910T114403Z&X-Amz-Expires=604800&X-Amz-SignedHeaders=host&X-Amz-Signature=3b1dbb4b18e9a921600149ccc6bd29968506ba0518f8dbc9f2eb27b564002b4b,https://storage.googleapis.com/alleai-in/yaswanth/prog_content_testset_sampled/Dress/vto_image_20250823_132726/reference_upscaled.jpg?X-Amz-Algorithm=AWS4-HMAC-SHA256&X-Amz-Credential=GOOG4E63MNGYP5VR4UILWSHQ%2F20250910%2Fap-south-1%2Fs3%2Faws4_request&X-Amz-Date=20250910T114403Z&X-Amz-Expires=604800&X-Amz-SignedHeaders=host&X-Amz-Signature=7071bfb6e242aa62e8d022a2f403db55eaba52a2781e852b5580521f9ca9a8f6,https://storage.googleapis.com/alleai-in/yaswanth/prog_content_testset_sampled/Dress/vto_image_20250823_132726/output_text_desc_redux_switch_5_mask_V5.jpg?X-Amz-Algorithm=AWS4-HMAC-SHA256&X-Amz-Credential=GOOG4E63MNGYP5VR4UILWSHQ%2F20250910%2Fap-south-1%2Fs3%2Faws4_request&X-Amz-Date=20250910T114403Z&X-Amz-Expires=604800&X-Amz-SignedHeaders=host&X-Amz-Signature=a65f6c69f7fd92df5f39b0ad30aebb6b7d937ce54c7a450f2567278970086a86,https://storage.googleapis.com/alleai-in/yaswanth/prog_content_testset_sampled/Dress/vto_image_20250823_132726/output_seedream.png?X-Amz-Algorithm=AWS4-HMAC-SHA256&X-Amz-Credential=GOOG4E63MNGYP5VR4UILWSHQ%2F20250910%2Fap-south-1%2Fs3%2Faws4_request&X-Amz-Date=20250910T114403Z&X-Amz-Expires=604800&X-Amz-SignedHeaders=host&X-Amz-Signature=1ac2981c8e5d0abcb78d783cea319ab884bf454f29645b32955f33dcb5857613,https://storage.googleapis.com/alleai-in/yaswanth/prog_content_testset_sampled/Dress/vto_image_20250823_132726/output_seedream_upscaled_garment.png?X-Amz-Algorithm=AWS4-HMAC-SHA256&X-Amz-Credential=GOOG4E63MNGYP5VR4UILWSHQ%2F20250910%2Fap-south-1%2Fs3%2Faws4_request&X-Amz-Date=20250910T114403Z&X-Amz-Expires=604800&X-Amz-SignedHeaders=host&X-Amz-Signature=0d61c5afe606c1b96dd3e9f4301ac31cb51e4dff82270980d595914ab1085ec5,"A candid indoor fashion portrait of an East Asian woman wearing this champagne satin off-shoulder dress. The dress is paired with statement pearl drop earrings and a large white rose hair accessory styled in an elegant updo. Hair is styled in a neat, sophisticated bun adorned with the floral accessory. Expression is thoughtful and serene, contributing to the overall refined vibe of the image.

The woman is facing away from the camera in a graceful ¾ profile, her head gently turned to the side. The pose is relaxed and poised, with one hand resting at her side and the other arm softly bent, accentuating the elegant lines of the dress. Body language should feel graceful, confident, and composed.

The setting is a softly lit indoor space with large windows opening to a garden view, featuring warm natural daylight filtering through. Background details include blurred greenery outside, wooden door frames, neutral curtains, and a hint of classic furniture. The scene is lit with natural daylight, creating soft highlights on the satin fabric and gentle shadows that enhance the contours of the dress and the model’s silhouette.

Camera details:
- eye-level angle
- medium-full shot
- sharp focus on subject with a softly blurred background (bokeh)
- standard portrait lens look
- composition is off-centered, with the subject slightly to the right, following the rule of thirds, and the open window framing her figure

Vibe & Style:
Overall mood is elegant, serene, and editorial. The image should convey a sense of timeless sophistication, quiet confidence, and refined beauty."
Dress,vto_image_20250826_070944,https://storage.googleapis.com/alleai-in/yaswanth/prog_content_testset_sampled/Dress/vto_image_20250826_070944/reference.jpg?X-Amz-Algorithm=AWS4-HMAC-SHA256&X-Amz-Credential=GOOG4E63MNGYP5VR4UILWSHQ%2F20250910%2Fap-south-1%2Fs3%2Faws4_request&X-Amz-Date=20250910T114403Z&X-Amz-Expires=604800&X-Amz-SignedHeaders=host&X-Amz-Signature=967edf966a5b3b0e441ee9196433cc291d9f729cd4489025d1716956c8f4b68d,https://storage.googleapis.com/alleai-in/yaswanth/prog_content_testset_sampled/Dress/vto_image_20250826_070944/garment.jpg?X-Amz-Algorithm=AWS4-HMAC-SHA256&X-Amz-Credential=GOOG4E63MNGYP5VR4UILWSHQ%2F20250910%2Fap-south-1%2Fs3%2Faws4_request&X-Amz-Date=20250910T114403Z&X-Amz-Expires=604800&X-Amz-SignedHeaders=host&X-Amz-Signature=cb87bf1d892fa6f7d58b2afe458b6541be39d3156e790d76ded8d005fd9699cc,https://storage.googleapis.com/alleai-in/yaswanth/prog_content_testset_sampled/Dress/vto_image_20250826_070944/garment_cropped.jpg?X-Amz-Algorithm=AWS4-HMAC-SHA256&X-Amz-Credential=GOOG4E63MNGYP5VR4UILWSHQ%2F20250910%2Fap-south-1%2Fs3%2Faws4_request&X-Amz-Date=20250910T114403Z&X-Amz-Expires=604800&X-Amz-SignedHeaders=host&X-Amz-Signature=4dea6927cb420f5fb9fb9814e1b756f774a21439d81d9d6067f77c69d6d207df,https://storage.googleapis.com/alleai-in/yaswanth/prog_content_testset_sampled/Dress/vto_image_20250826_070944/garment_cropped_upscaled.jpg?X-Amz-Algorithm=AWS4-HMAC-SHA256&X-Amz-Credential=GOOG4E63MNGYP5VR4UILWSHQ%2F20250910%2Fap-south-1%2Fs3%2Faws4_request&X-Amz-Date=20250910T114403Z&X-Amz-Expires=604800&X-Amz-SignedHeaders=host&X-Amz-Signature=8c96e1f25f9d8cfab5f88aae30caf26fc313445b269f086c76ec9b4241c90076,https://storage.googleapis.com/alleai-in/yaswanth/prog_content_testset_sampled/Dress/vto_image_20250826_070944/reference_upscaled.jpg?X-Amz-Algorithm=AWS4-HMAC-SHA256&X-Amz-Credential=GOOG4E63MNGYP5VR4UILWSHQ%2F20250910%2Fap-south-1%2Fs3%2Faws4_request&X-Amz-Date=20250910T114403Z&X-Amz-Expires=604800&X-Amz-SignedHeaders=host&X-Amz-Signature=6cc66829e6cbae468542158cb235c7492f456084e72505052b2631e2eec5a9e3,https://storage.googleapis.com/alleai-in/yaswanth/prog_content_testset_sampled/Dress/vto_image_20250826_070944/output_text_desc_redux_switch_5_mask_V5.jpg?X-Amz-Algorithm=AWS4-HMAC-SHA256&X-Amz-Credential=GOOG4E63MNGYP5VR4UILWSHQ%2F20250910%2Fap-south-1%2Fs3%2Faws4_request&X-Amz-Date=20250910T114403Z&X-Amz-Expires=604800&X-Amz-SignedHeaders=host&X-Amz-Signature=3ab75ef7f7db0b7ce2e43f2c620fde1c0475fdbab86f30ffb33ad0ce1fd46a8c,https://storage.googleapis.com/alleai-in/yaswanth/prog_content_testset_sampled/Dress/vto_image_20250826_070944/output_seedream.png?X-Amz-Algorithm=AWS4-HMAC-SHA256&X-Amz-Credential=GOOG4E63MNGYP5VR4UILWSHQ%2F20250910%2Fap-south-1%2Fs3%2Faws4_request&X-Amz-Date=20250910T114403Z&X-Amz-Expires=604800&X-Amz-SignedHeaders=host&X-Amz-Signature=632fa425144675fdde642fbae99dfa7e0e6a9c18c13f23f3fe64f9582d25634b,https://storage.googleapis.com/alleai-in/yaswanth/prog_content_testset_sampled/Dress/vto_image_20250826_070944/output_seedream_upscaled_garment.png?X-Amz-Algorithm=AWS4-HMAC-SHA256&X-Amz-Credential=GOOG4E63MNGYP5VR4UILWSHQ%2F20250910%2Fap-south-1%2Fs3%2Faws4_request&X-Amz-Date=20250910T114403Z&X-Amz-Expires=604800&X-Amz-SignedHeaders=host&X-Amz-Signature=d287ac00ac6e7eb29947cc522feb9ba52f0c95afedd517c0e12553ff26fbe3b5,"A candid outdoor fashion portrait of a white woman wearing this chocolate brown halter neck dress. The dress is paired with minimalist beige strappy sandals and gold statement earrings. Hair is styled in a sleek, low updo. Expression is relaxed and poised, contributing to the overall elegant vibe of the image.

The woman is facing slightly turned in a ¾ profile, with her body angled to the side and her gaze directed forward. The pose is natural, standing gracefully with one arm bent and hands gently clasped. Body language should feel confident and effortless.

The setting is an urban street with classic stone architecture in the background, featuring textured stone walls and pavement. The scene is lit with natural daylight, creating soft shadows and subtle highlights on the subject. The light creates gentle, warm highlights and a slight rim glow on the hair, with a crisp contrast between the subject and the neutral stone background.

Camera details:
- eye-level angle
- medium-full shot
- sharp focus on subject with a softly blurred background (bokeh)
- standard portrait lens look
- off-centered composition, with the subject slightly to one side, allowing the architectural background to frame her elegantly

Vibe & Style:
Overall mood is chic, effortless, and modern. The image should convey a sense of understated elegance and urban sophistication."
Dress,vto_image_20250826_015549,https://storage.googleapis.com/alleai-in/yaswanth/prog_content_testset_sampled/Dress/vto_image_20250826_015549/reference.jpg?X-Amz-Algorithm=AWS4-HMAC-SHA256&X-Amz-Credential=GOOG4E63MNGYP5VR4UILWSHQ%2F20250910%2Fap-south-1%2Fs3%2Faws4_request&X-Amz-Date=20250910T114403Z&X-Amz-Expires=604800&X-Amz-SignedHeaders=host&X-Amz-Signature=61439d6fe693b8bc08a845d32bb1afd2f32333015d76552227071b750040f9cb,https://storage.googleapis.com/alleai-in/yaswanth/prog_content_testset_sampled/Dress/vto_image_20250826_015549/garment.jpg?X-Amz-Algorithm=AWS4-HMAC-SHA256&X-Amz-Credential=GOOG4E63MNGYP5VR4UILWSHQ%2F20250910%2Fap-south-1%2Fs3%2Faws4_request&X-Amz-Date=20250910T114403Z&X-Amz-Expires=604800&X-Amz-SignedHeaders=host&X-Amz-Signature=be38d928fca44992dab2553342299f42cab1fdbca38838303b57ec73fdfddf4a,https://storage.googleapis.com/alleai-in/yaswanth/prog_content_testset_sampled/Dress/vto_image_20250826_015549/garment_cropped.jpg?X-Amz-Algorithm=AWS4-HMAC-SHA256&X-Amz-Credential=GOOG4E63MNGYP5VR4UILWSHQ%2F20250910%2Fap-south-1%2Fs3%2Faws4_request&X-Amz-Date=20250910T114403Z&X-Amz-Expires=604800&X-Amz-SignedHeaders=host&X-Amz-Signature=43f16692e71b9e7da3c19012226dc553141f947a1b1cd9fb1c605b56f70a5eb2,https://storage.googleapis.com/alleai-in/yaswanth/prog_content_testset_sampled/Dress/vto_image_20250826_015549/garment_cropped_upscaled.jpg?X-Amz-Algorithm=AWS4-HMAC-SHA256&X-Amz-Credential=GOOG4E63MNGYP5VR4UILWSHQ%2F20250910%2Fap-south-1%2Fs3%2Faws4_request&X-Amz-Date=20250910T114403Z&X-Amz-Expires=604800&X-Amz-SignedHeaders=host&X-Amz-Signature=c6234db20545fe70059565de5e08fef68826244611bbe85c8c8f1da0c788cd49,https://storage.googleapis.com/alleai-in/yaswanth/prog_content_testset_sampled/Dress/vto_image_20250826_015549/reference_upscaled.jpg?X-Amz-Algorithm=AWS4-HMAC-SHA256&X-Amz-Credential=GOOG4E63MNGYP5VR4UILWSHQ%2F20250910%2Fap-south-1%2Fs3%2Faws4_request&X-Amz-Date=20250910T114403Z&X-Amz-Expires=604800&X-Amz-SignedHeaders=host&X-Amz-Signature=368fedab4814358cdc5c6d526188f7d9543e86d1a0291ae8833edce93a4e860c,https://storage.googleapis.com/alleai-in/yaswanth/prog_content_testset_sampled/Dress/vto_image_20250826_015549/output_text_desc_redux_switch_5_mask_V5.jpg?X-Amz-Algorithm=AWS4-HMAC-SHA256&X-Amz-Credential=GOOG4E63MNGYP5VR4UILWSHQ%2F20250910%2Fap-south-1%2Fs3%2Faws4_request&X-Amz-Date=20250910T114403Z&X-Amz-Expires=604800&X-Amz-SignedHeaders=host&X-Amz-Signature=53cf1f2d3b0ff5ab9a3c168e4e637ef3fb7ca1af8a3059b0f8eb9e93e6d4f912,https://storage.googleapis.com/alleai-in/yaswanth/prog_content_testset_sampled/Dress/vto_image_20250826_015549/output_seedream.png?X-Amz-Algorithm=AWS4-HMAC-SHA256&X-Amz-Credential=GOOG4E63MNGYP5VR4UILWSHQ%2F20250910%2Fap-south-1%2Fs3%2Faws4_request&X-Amz-Date=20250910T114403Z&X-Amz-Expires=604800&X-Amz-SignedHeaders=host&X-Amz-Signature=62e0a4493024961777c90fe1d64501e2f6697438e4d0975b5e7f324014c6e9b6,https://storage.googleapis.com/alleai-in/yaswanth/prog_content_testset_sampled/Dress/vto_image_20250826_015549/output_seedream_upscaled_garment.png?X-Amz-Algorithm=AWS4-HMAC-SHA256&X-Amz-Credential=GOOG4E63MNGYP5VR4UILWSHQ%2F20250910%2Fap-south-1%2Fs3%2Faws4_request&X-Amz-Date=20250910T114403Z&X-Amz-Expires=604800&X-Amz-SignedHeaders=host&X-Amz-Signature=ede311788735e9a55072d40b7baea619226d8cd3e23e68d5f21815eb5237fd25,"A candid indoor fashion portrait of a white woman wearing this black off-shoulder mini dress with sheer mesh long sleeves adorned with black butterfly patterns. The dress is paired with statement pearl and gold drop earrings, a delicate gold necklace, and no visible footwear. Hair is styled in loose waves with a half-up ponytail, framing her face elegantly. Expression is relaxed and confident, contributing to the overall chic and poised vibe of the image.

The woman is facing directly toward the camera. The pose is casual, with one hand resting on her hip and the other arm slightly bent, standing beside a gold wire chair and a mirrored side table. Body language should feel confident and graceful.

The setting is a stylish indoor room with a large ornate gold-framed mirror, a gold wire chair with a white faux fur cushion, and a mirrored nightstand. Lighting is natural daylight, softly illuminating the scene with gentle highlights and subtle shadows. Background details include white curtains and neutral-toned walls, adding a touch of modern elegance. The scene is lit with natural daylight, creating soft highlights and a gentle glow on the subject's hair and skin.

Camera details:
- eye-level angle
- medium-full shot
- sharp focus on subject with a softly blurred background (bokeh)
- standard portrait lens look
- composition is centered, with the subject dominating the foreground and the mirror adding depth and interest to the background

Vibe & Style:
Overall mood is chic, modern, and elegant. The image should convey a sense of empowerment, individuality, and effortless sophistication."
Dress,vto_image_20250826_074718,https://storage.googleapis.com/alleai-in/yaswanth/prog_content_testset_sampled/Dress/vto_image_20250826_074718/reference.jpg?X-Amz-Algorithm=AWS4-HMAC-SHA256&X-Amz-Credential=GOOG4E63MNGYP5VR4UILWSHQ%2F20250910%2Fap-south-1%2Fs3%2Faws4_request&X-Amz-Date=20250910T114403Z&X-Amz-Expires=604800&X-Amz-SignedHeaders=host&X-Amz-Signature=4eeadb71e3bcd88c3e2ab277f2c7981e16ede636a25d4ac4b830d9b156ea76fe,https://storage.googleapis.com/alleai-in/yaswanth/prog_content_testset_sampled/Dress/vto_image_20250826_074718/garment.jpg?X-Amz-Algorithm=AWS4-HMAC-SHA256&X-Amz-Credential=GOOG4E63MNGYP5VR4UILWSHQ%2F20250910%2Fap-south-1%2Fs3%2Faws4_request&X-Amz-Date=20250910T114403Z&X-Amz-Expires=604800&X-Amz-SignedHeaders=host&X-Amz-Signature=ec8540decc32fb13feaf50ec8a0b4bfb1fb712d6136d133c2a4f486b42f4c3fc,https://storage.googleapis.com/alleai-in/yaswanth/prog_content_testset_sampled/Dress/vto_image_20250826_074718/garment_cropped.jpg?X-Amz-Algorithm=AWS4-HMAC-SHA256&X-Amz-Credential=GOOG4E63MNGYP5VR4UILWSHQ%2F20250910%2Fap-south-1%2Fs3%2Faws4_request&X-Amz-Date=20250910T114403Z&X-Amz-Expires=604800&X-Amz-SignedHeaders=host&X-Amz-Signature=dd71b94e5581a0e14cb308800379dcd665a32d8a0055178ab75612301cbfec05,https://storage.googleapis.com/alleai-in/yaswanth/prog_content_testset_sampled/Dress/vto_image_20250826_074718/garment_cropped_upscaled.jpg?X-Amz-Algorithm=AWS4-HMAC-SHA256&X-Amz-Credential=GOOG4E63MNGYP5VR4UILWSHQ%2F20250910%2Fap-south-1%2Fs3%2Faws4_request&X-Amz-Date=20250910T114403Z&X-Amz-Expires=604800&X-Amz-SignedHeaders=host&X-Amz-Signature=0df1f01a36d7d090734c67ead6f574d9a384a06c2d363895ce5438f3f5bc6e2c,https://storage.googleapis.com/alleai-in/yaswanth/prog_content_testset_sampled/Dress/vto_image_20250826_074718/reference_upscaled.jpg?X-Amz-Algorithm=AWS4-HMAC-SHA256&X-Amz-Credential=GOOG4E63MNGYP5VR4UILWSHQ%2F20250910%2Fap-south-1%2Fs3%2Faws4_request&X-Amz-Date=20250910T114403Z&X-Amz-Expires=604800&X-Amz-SignedHeaders=host&X-Amz-Signature=1d1b2fd1499e9553454370b66007afb2998c93a0896894345315c4c9308b1f76,https://storage.googleapis.com/alleai-in/yaswanth/prog_content_testset_sampled/Dress/vto_image_20250826_074718/output_text_desc_redux_switch_5_mask_V5.jpg?X-Amz-Algorithm=AWS4-HMAC-SHA256&X-Amz-Credential=GOOG4E63MNGYP5VR4UILWSHQ%2F20250910%2Fap-south-1%2Fs3%2Faws4_request&X-Amz-Date=20250910T114403Z&X-Amz-Expires=604800&X-Amz-SignedHeaders=host&X-Amz-Signature=e63ba118f7c4ca00ad81ea6c625650fb8ae77938763c57a14a09c7bc3e15e7d6,https://storage.googleapis.com/alleai-in/yaswanth/prog_content_testset_sampled/Dress/vto_image_20250826_074718/output_seedream.png?X-Amz-Algorithm=AWS4-HMAC-SHA256&X-Amz-Credential=GOOG4E63MNGYP5VR4UILWSHQ%2F20250910%2Fap-south-1%2Fs3%2Faws4_request&X-Amz-Date=20250910T114403Z&X-Amz-Expires=604800&X-Amz-SignedHeaders=host&X-Amz-Signature=ec79967665d5954be1bbcae7291bf8e09d5a82831ca6a16ef5a28bd3408bf94d,https://storage.googleapis.com/alleai-in/yaswanth/prog_content_testset_sampled/Dress/vto_image_20250826_074718/output_seedream_upscaled_garment.png?X-Amz-Algorithm=AWS4-HMAC-SHA256&X-Amz-Credential=GOOG4E63MNGYP5VR4UILWSHQ%2F20250910%2Fap-south-1%2Fs3%2Faws4_request&X-Amz-Date=20250910T114403Z&X-Amz-Expires=604800&X-Amz-SignedHeaders=host&X-Amz-Signature=8d6bffa2aa32e8170da9c9d096aac87de0ef5667e844c2afca02ec57f5517ccc,"A candid outdoor fashion portrait of a Southeast Asian woman wearing this classic black mini dress with thin straps and a fitted silhouette. The dress is paired with sheer black tights, a flowing black chiffon scarf draped around her neck, chic rectangular black sunglasses, a delicate silver bracelet, and a tan leather handbag with gold hardware. Hair is styled in loose, slightly tousled waves, with a few strands framing her face. Expression is relaxed and confident, contributing to the overall vibe of the image.

The woman is facing slightly turned in a ¾ profile, her gaze directed away into the distance. The pose is natural and elegant, with one arm relaxed by her side and the other holding the handbag, body language exuding poise and effortless confidence.

The setting is an urban street with light-colored architectural walls and subtle shadows, bathed in natural daylight. Background details include textured stone, architectural ledges, and soft, neutral tones. The scene is lit with natural daylight, creating soft highlights and gentle shadows that add depth and warmth to the image.

Camera details:
- eye-level angle
- medium-full shot
- sharp focus on subject with a softly blurred background (bokeh)
- standard portrait lens look
- off-centered composition with the subject dominating the foreground, subtle architectural lines adding structure

Vibe & Style:
Overall mood is chic, modern, and editorial. The image should convey a sense of effortless sophistication, urban cool, and timeless elegance."
Dress,vto_image_20250826_104710,https://storage.googleapis.com/alleai-in/yaswanth/prog_content_testset_sampled/Dress/vto_image_20250826_104710/reference.jpg?X-Amz-Algorithm=AWS4-HMAC-SHA256&X-Amz-Credential=GOOG4E63MNGYP5VR4UILWSHQ%2F20250910%2Fap-south-1%2Fs3%2Faws4_request&X-Amz-Date=20250910T114403Z&X-Amz-Expires=604800&X-Amz-SignedHeaders=host&X-Amz-Signature=c436a56220bc79f46034b07f437698577c5b9db5102cb7b9c78662dedc58db6d,https://storage.googleapis.com/alleai-in/yaswanth/prog_content_testset_sampled/Dress/vto_image_20250826_104710/garment.jpg?X-Amz-Algorithm=AWS4-HMAC-SHA256&X-Amz-Credential=GOOG4E63MNGYP5VR4UILWSHQ%2F20250910%2Fap-south-1%2Fs3%2Faws4_request&X-Amz-Date=20250910T114403Z&X-Amz-Expires=604800&X-Amz-SignedHeaders=host&X-Amz-Signature=ab22154ac172e329ccfe15e28abe032782830baddfe5063b5e7f792a981b98fc,https://storage.googleapis.com/alleai-in/yaswanth/prog_content_testset_sampled/Dress/vto_image_20250826_104710/garment_cropped.jpg?X-Amz-Algorithm=AWS4-HMAC-SHA256&X-Amz-Credential=GOOG4E63MNGYP5VR4UILWSHQ%2F20250910%2Fap-south-1%2Fs3%2Faws4_request&X-Amz-Date=20250910T114403Z&X-Amz-Expires=604800&X-Amz-SignedHeaders=host&X-Amz-Signature=1e96dfae4c91b8b60e8bc030d9c8d5dcb0a68484a82650e07648182609fe3820,https://storage.googleapis.com/alleai-in/yaswanth/prog_content_testset_sampled/Dress/vto_image_20250826_104710/garment_cropped_upscaled.jpg?X-Amz-Algorithm=AWS4-HMAC-SHA256&X-Amz-Credential=GOOG4E63MNGYP5VR4UILWSHQ%2F20250910%2Fap-south-1%2Fs3%2Faws4_request&X-Amz-Date=20250910T114403Z&X-Amz-Expires=604800&X-Amz-SignedHeaders=host&X-Amz-Signature=d11abcd10ddb90c6417cc26b2804c371d47de3accf602a001a6d879e30e66261,https://storage.googleapis.com/alleai-in/yaswanth/prog_content_testset_sampled/Dress/vto_image_20250826_104710/reference_upscaled.jpg?X-Amz-Algorithm=AWS4-HMAC-SHA256&X-Amz-Credential=GOOG4E63MNGYP5VR4UILWSHQ%2F20250910%2Fap-south-1%2Fs3%2Faws4_request&X-Amz-Date=20250910T114403Z&X-Amz-Expires=604800&X-Amz-SignedHeaders=host&X-Amz-Signature=6af057d6325db1e63be081091b577df2cfab9388718fc44d3afec2abceeaa61b,https://storage.googleapis.com/alleai-in/yaswanth/prog_content_testset_sampled/Dress/vto_image_20250826_104710/output_text_desc_redux_switch_5_mask_V5.jpg?X-Amz-Algorithm=AWS4-HMAC-SHA256&X-Amz-Credential=GOOG4E63MNGYP5VR4UILWSHQ%2F20250910%2Fap-south-1%2Fs3%2Faws4_request&X-Amz-Date=20250910T114403Z&X-Amz-Expires=604800&X-Amz-SignedHeaders=host&X-Amz-Signature=9a729df2337c729224e51ec904f0de798c844dd16a063df8ef978651536229d9,https://storage.googleapis.com/alleai-in/yaswanth/prog_content_testset_sampled/Dress/vto_image_20250826_104710/output_seedream.png?X-Amz-Algorithm=AWS4-HMAC-SHA256&X-Amz-Credential=GOOG4E63MNGYP5VR4UILWSHQ%2F20250910%2Fap-south-1%2Fs3%2Faws4_request&X-Amz-Date=20250910T114403Z&X-Amz-Expires=604800&X-Amz-SignedHeaders=host&X-Amz-Signature=2a59a9fda980065fec61cfdffeb644a69e46c42bda145fd4cb02601b2a2012d8,https://storage.googleapis.com/alleai-in/yaswanth/prog_content_testset_sampled/Dress/vto_image_20250826_104710/output_seedream_upscaled_garment.png?X-Amz-Algorithm=AWS4-HMAC-SHA256&X-Amz-Credential=GOOG4E63MNGYP5VR4UILWSHQ%2F20250910%2Fap-south-1%2Fs3%2Faws4_request&X-Amz-Date=20250910T114403Z&X-Amz-Expires=604800&X-Amz-SignedHeaders=host&X-Amz-Signature=c3ee642f57e75c1a03e1d27aaf54eac98fb90a4e6fe60b18dfc73c4af8f71a56,"A candid outdoor fashion portrait of a Caucasian woman wearing this light blue floral print dress. The dress is paired with a small woven basket handbag, and she holds a vintage camera in one hand. Hair is styled in loose, voluminous waves with a slightly windblown look. Expression is relaxed and thoughtful, contributing to the overall vibe of the image. The woman is facing slightly turned in a ¾ profile, gazing off into the distance. The pose is casually leaning against a concrete ledge, with one leg bent and the other extended, creating a natural and effortless posture. Body language should feel relaxed and confident. The setting is a coastal terrace with the ocean in the background, under a clear sky. Lighting is natural daylight, creating soft shadows and gentle highlights on the subject. Background details include the sea, sky, and a hint of the coastline. The scene is lit with natural daylight, producing warm highlights and a soft rim glow on the hair. Camera details: eye-level angle, medium-full shot, sharp focus on subject with a softly blurred background (bokeh), standard portrait lens look, and off-centered composition with the subject dominating the foreground. Overall mood is chic, effortless, and serene. The image should convey a sense of mindfulness, rustic charm, and free-spirited energy."
Dress,vto_image_20250826_031320,https://storage.googleapis.com/alleai-in/yaswanth/prog_content_testset_sampled/Dress/vto_image_20250826_031320/reference.jpg?X-Amz-Algorithm=AWS4-HMAC-SHA256&X-Amz-Credential=GOOG4E63MNGYP5VR4UILWSHQ%2F20250910%2Fap-south-1%2Fs3%2Faws4_request&X-Amz-Date=20250910T114403Z&X-Amz-Expires=604800&X-Amz-SignedHeaders=host&X-Amz-Signature=2326eb75dd1001c35de514d9dbd31d97e9e19cf3962f5465d21bb536baf2c68b,https://storage.googleapis.com/alleai-in/yaswanth/prog_content_testset_sampled/Dress/vto_image_20250826_031320/garment.jpg?X-Amz-Algorithm=AWS4-HMAC-SHA256&X-Amz-Credential=GOOG4E63MNGYP5VR4UILWSHQ%2F20250910%2Fap-south-1%2Fs3%2Faws4_request&X-Amz-Date=20250910T114403Z&X-Amz-Expires=604800&X-Amz-SignedHeaders=host&X-Amz-Signature=2bd2ab22cc28e9fa8247d4a50afab23092dd0c10323d0f884c8781dcc0cd6fea,https://storage.googleapis.com/alleai-in/yaswanth/prog_content_testset_sampled/Dress/vto_image_20250826_031320/garment_cropped.jpg?X-Amz-Algorithm=AWS4-HMAC-SHA256&X-Amz-Credential=GOOG4E63MNGYP5VR4UILWSHQ%2F20250910%2Fap-south-1%2Fs3%2Faws4_request&X-Amz-Date=20250910T114403Z&X-Amz-Expires=604800&X-Amz-SignedHeaders=host&X-Amz-Signature=d4ff28649adcacab90d2a60a685a3fd79dfb0ff6b81e69a9c37e63d8660bd6ae,https://storage.googleapis.com/alleai-in/yaswanth/prog_content_testset_sampled/Dress/vto_image_20250826_031320/garment_cropped_upscaled.jpg?X-Amz-Algorithm=AWS4-HMAC-SHA256&X-Amz-Credential=GOOG4E63MNGYP5VR4UILWSHQ%2F20250910%2Fap-south-1%2Fs3%2Faws4_request&X-Amz-Date=20250910T114403Z&X-Amz-Expires=604800&X-Amz-SignedHeaders=host&X-Amz-Signature=b8aa572a88235e06425dafd8f286d8d43b4ca485090b083e56446b281784d592,https://storage.googleapis.com/alleai-in/yaswanth/prog_content_testset_sampled/Dress/vto_image_20250826_031320/reference_upscaled.jpg?X-Amz-Algorithm=AWS4-HMAC-SHA256&X-Amz-Credential=GOOG4E63MNGYP5VR4UILWSHQ%2F20250910%2Fap-south-1%2Fs3%2Faws4_request&X-Amz-Date=20250910T114403Z&X-Amz-Expires=604800&X-Amz-SignedHeaders=host&X-Amz-Signature=cec17e1f5c0f95efecb9678908c1b9fc1401e4f1fd10b7027bb0de13e1ea03cc,https://storage.googleapis.com/alleai-in/yaswanth/prog_content_testset_sampled/Dress/vto_image_20250826_031320/output_text_desc_redux_switch_5_mask_V5.jpg?X-Amz-Algorithm=AWS4-HMAC-SHA256&X-Amz-Credential=GOOG4E63MNGYP5VR4UILWSHQ%2F20250910%2Fap-south-1%2Fs3%2Faws4_request&X-Amz-Date=20250910T114403Z&X-Amz-Expires=604800&X-Amz-SignedHeaders=host&X-Amz-Signature=b888555e3c03f5b999a2bcdb2ffd9fd02b826418727ebced9ce564949c74083b,https://storage.googleapis.com/alleai-in/yaswanth/prog_content_testset_sampled/Dress/vto_image_20250826_031320/output_seedream.png?X-Amz-Algorithm=AWS4-HMAC-SHA256&X-Amz-Credential=GOOG4E63MNGYP5VR4UILWSHQ%2F20250910%2Fap-south-1%2Fs3%2Faws4_request&X-Amz-Date=20250910T114403Z&X-Amz-Expires=604800&X-Amz-SignedHeaders=host&X-Amz-Signature=021b3b09d125c06ec81d548a143dd1c5d9a49e4a7c933887ad3a5c35d1a96f26,https://storage.googleapis.com/alleai-in/yaswanth/prog_content_testset_sampled/Dress/vto_image_20250826_031320/output_seedream_upscaled_garment.png?X-Amz-Algorithm=AWS4-HMAC-SHA256&X-Amz-Credential=GOOG4E63MNGYP5VR4UILWSHQ%2F20250910%2Fap-south-1%2Fs3%2Faws4_request&X-Amz-Date=20250910T114403Z&X-Amz-Expires=604800&X-Amz-SignedHeaders=host&X-Amz-Signature=d89dd97ca42d357a46c9fe7773ae089545f76ce6e6308b626f570aab56b39a0a,"A candid outdoor fashion portrait of a woman of ambiguous ethnicity wearing this vibrant light pink off-shoulder ruched mini dress with dramatic flared sleeves and floral appliqué detail across the chest. The dress is paired with delicate gold necklaces, simple gold rings, and no visible footwear. Hair is styled in loose, natural waves, cascading over the shoulders. Expression is relaxed and subtly confident, contributing to the overall chic vibe of the image.

The woman is facing slightly turned in a ¾ profile toward the camera. The pose is casual, with one hand resting by her side and the other gently touching her hip, body language feeling relaxed and self-assured.

The setting is a rustic stone patio just outside a modern home, with natural daylight casting soft shadows and crisp highlights. Background details include stone flooring, glass doors, and hints of greenery. The scene is lit with natural daylight, creating warm highlights and gentle contrast between the subject and the background.

Camera details:
- eye-level angle
- medium-full shot
- sharp focus on subject with a softly blurred background (bokeh)
- standard portrait lens look
- composition is centered, with the subject dominating the foreground and subtle asymmetry in the background elements

Vibe & Style:
Overall mood is chic, effortless, and modern. The image should convey a sense of confidence, individuality, and understated elegance."
Dress,vto_image_20250823_090328,https://storage.googleapis.com/alleai-in/yaswanth/prog_content_testset_sampled/Dress/vto_image_20250823_090328/reference.jpg?X-Amz-Algorithm=AWS4-HMAC-SHA256&X-Amz-Credential=GOOG4E63MNGYP5VR4UILWSHQ%2F20250910%2Fap-south-1%2Fs3%2Faws4_request&X-Amz-Date=20250910T114403Z&X-Amz-Expires=604800&X-Amz-SignedHeaders=host&X-Amz-Signature=a8e969bd3f57cef73abd88b552d8b52ad60937280bcc3fe74082420907dfa63d,https://storage.googleapis.com/alleai-in/yaswanth/prog_content_testset_sampled/Dress/vto_image_20250823_090328/garment.jpg?X-Amz-Algorithm=AWS4-HMAC-SHA256&X-Amz-Credential=GOOG4E63MNGYP5VR4UILWSHQ%2F20250910%2Fap-south-1%2Fs3%2Faws4_request&X-Amz-Date=20250910T114403Z&X-Amz-Expires=604800&X-Amz-SignedHeaders=host&X-Amz-Signature=64c77f060e7de63e7e8e30764c7c24c8624978168564cbff239ba67b4ab496d9,https://storage.googleapis.com/alleai-in/yaswanth/prog_content_testset_sampled/Dress/vto_image_20250823_090328/garment_cropped.jpg?X-Amz-Algorithm=AWS4-HMAC-SHA256&X-Amz-Credential=GOOG4E63MNGYP5VR4UILWSHQ%2F20250910%2Fap-south-1%2Fs3%2Faws4_request&X-Amz-Date=20250910T114403Z&X-Amz-Expires=604800&X-Amz-SignedHeaders=host&X-Amz-Signature=1057a9b7ae44428944a7d5d59b173f3ca4e7b79fe738b185fdfca1eba1a0c653,https://storage.googleapis.com/alleai-in/yaswanth/prog_content_testset_sampled/Dress/vto_image_20250823_090328/garment_cropped_upscaled.jpg?X-Amz-Algorithm=AWS4-HMAC-SHA256&X-Amz-Credential=GOOG4E63MNGYP5VR4UILWSHQ%2F20250910%2Fap-south-1%2Fs3%2Faws4_request&X-Amz-Date=20250910T114403Z&X-Amz-Expires=604800&X-Amz-SignedHeaders=host&X-Amz-Signature=e2786636ace78fa3a64010d085081e4dedf2e1b9af7cef242d05c41898a24dad,https://storage.googleapis.com/alleai-in/yaswanth/prog_content_testset_sampled/Dress/vto_image_20250823_090328/reference_upscaled.jpg?X-Amz-Algorithm=AWS4-HMAC-SHA256&X-Amz-Credential=GOOG4E63MNGYP5VR4UILWSHQ%2F20250910%2Fap-south-1%2Fs3%2Faws4_request&X-Amz-Date=20250910T114403Z&X-Amz-Expires=604800&X-Amz-SignedHeaders=host&X-Amz-Signature=2659eb64587cbd6d9adc5f7a8922fc7a8c69807c6b94059665aa2d930f51baee,https://storage.googleapis.com/alleai-in/yaswanth/prog_content_testset_sampled/Dress/vto_image_20250823_090328/output_text_desc_redux_switch_5_mask_V5.jpg?X-Amz-Algorithm=AWS4-HMAC-SHA256&X-Amz-Credential=GOOG4E63MNGYP5VR4UILWSHQ%2F20250910%2Fap-south-1%2Fs3%2Faws4_request&X-Amz-Date=20250910T114403Z&X-Amz-Expires=604800&X-Amz-SignedHeaders=host&X-Amz-Signature=a6cdb5b02d630a0d8318b386282f39a3bc984710f009c28604a8f4ba47937566,https://storage.googleapis.com/alleai-in/yaswanth/prog_content_testset_sampled/Dress/vto_image_20250823_090328/output_seedream.png?X-Amz-Algorithm=AWS4-HMAC-SHA256&X-Amz-Credential=GOOG4E63MNGYP5VR4UILWSHQ%2F20250910%2Fap-south-1%2Fs3%2Faws4_request&X-Amz-Date=20250910T114403Z&X-Amz-Expires=604800&X-Amz-SignedHeaders=host&X-Amz-Signature=2372e837b6ee1f16aede0e2cd291626c00bb2ac2aecb797a5c0405e16e8d8aaa,https://storage.googleapis.com/alleai-in/yaswanth/prog_content_testset_sampled/Dress/vto_image_20250823_090328/output_seedream_upscaled_garment.png?X-Amz-Algorithm=AWS4-HMAC-SHA256&X-Amz-Credential=GOOG4E63MNGYP5VR4UILWSHQ%2F20250910%2Fap-south-1%2Fs3%2Faws4_request&X-Amz-Date=20250910T114403Z&X-Amz-Expires=604800&X-Amz-SignedHeaders=host&X-Amz-Signature=d22d72b07a38f4d8264eae8ddbe5805227701a142b9d5493f96579420c4bad8c,"A candid outdoor fashion portrait of a Caucasian woman wearing this champagne beige sleeveless dress with a fitted bodice and a gathered, high-low satin skirt. The dress is paired with nude pointed-toe high heels, a small beige clutch, and bold statement earrings. Hair is styled in a sleek, low bun. Expression is poised and confident, contributing to the overall vibe of the image. The woman is facing slightly turned ¾ profile. The pose is walking mid-stride, with one hand holding the clutch and the other arm relaxed by her side. Body language should feel elegant, self-assured, and graceful. The setting is an urban street with modern stone walls, featuring natural daylight and soft shadows. Background details include textured stone panels and a clean, minimalist cityscape. The scene is lit with natural daylight, creating crisp highlights and subtle, soft shadows. Camera details: - eye-level angle - medium-full shot - sharp focus on subject with blurred background (bokeh) - standard portrait lens look - off-centered composition with the subject dominating the foreground. Vibe & Style: Overall mood is chic, modern, and editorial. The image should convey empowerment, sophistication, and effortless city style."
Dress,vto_image_20250825_141834,https://storage.googleapis.com/alleai-in/yaswanth/prog_content_testset_sampled/Dress/vto_image_20250825_141834/reference.jpg?X-Amz-Algorithm=AWS4-HMAC-SHA256&X-Amz-Credential=GOOG4E63MNGYP5VR4UILWSHQ%2F20250910%2Fap-south-1%2Fs3%2Faws4_request&X-Amz-Date=20250910T114403Z&X-Amz-Expires=604800&X-Amz-SignedHeaders=host&X-Amz-Signature=f28649ff2eaba81f15bb75132df5e1e7ea7c204eab3a6cac488feb8438ee5b77,https://storage.googleapis.com/alleai-in/yaswanth/prog_content_testset_sampled/Dress/vto_image_20250825_141834/garment.jpg?X-Amz-Algorithm=AWS4-HMAC-SHA256&X-Amz-Credential=GOOG4E63MNGYP5VR4UILWSHQ%2F20250910%2Fap-south-1%2Fs3%2Faws4_request&X-Amz-Date=20250910T114403Z&X-Amz-Expires=604800&X-Amz-SignedHeaders=host&X-Amz-Signature=5dc932c83725fa792aeece65a13d7dc62390a7454735907da97c4d9fe666b455,https://storage.googleapis.com/alleai-in/yaswanth/prog_content_testset_sampled/Dress/vto_image_20250825_141834/garment_cropped.jpg?X-Amz-Algorithm=AWS4-HMAC-SHA256&X-Amz-Credential=GOOG4E63MNGYP5VR4UILWSHQ%2F20250910%2Fap-south-1%2Fs3%2Faws4_request&X-Amz-Date=20250910T114403Z&X-Amz-Expires=604800&X-Amz-SignedHeaders=host&X-Amz-Signature=c7cddacd61a9e51f1ef0c07dc18ec0de8d30d409f0c6d44e0de85d66a8b6fca7,https://storage.googleapis.com/alleai-in/yaswanth/prog_content_testset_sampled/Dress/vto_image_20250825_141834/garment_cropped_upscaled.jpg?X-Amz-Algorithm=AWS4-HMAC-SHA256&X-Amz-Credential=GOOG4E63MNGYP5VR4UILWSHQ%2F20250910%2Fap-south-1%2Fs3%2Faws4_request&X-Amz-Date=20250910T114403Z&X-Amz-Expires=604800&X-Amz-SignedHeaders=host&X-Amz-Signature=79b50dfddd24fcecb82862ee83b55e72b1e38ca39eb4a6c25fa3e65ee16d46f5,https://storage.googleapis.com/alleai-in/yaswanth/prog_content_testset_sampled/Dress/vto_image_20250825_141834/reference_upscaled.jpg?X-Amz-Algorithm=AWS4-HMAC-SHA256&X-Amz-Credential=GOOG4E63MNGYP5VR4UILWSHQ%2F20250910%2Fap-south-1%2Fs3%2Faws4_request&X-Amz-Date=20250910T114403Z&X-Amz-Expires=604800&X-Amz-SignedHeaders=host&X-Amz-Signature=327a4af34b1e624caaa9d7bc34b836a120780a39dfd39be3df6f021afd86b18e,https://storage.googleapis.com/alleai-in/yaswanth/prog_content_testset_sampled/Dress/vto_image_20250825_141834/output_text_desc_redux_switch_5_mask_V5.jpg?X-Amz-Algorithm=AWS4-HMAC-SHA256&X-Amz-Credential=GOOG4E63MNGYP5VR4UILWSHQ%2F20250910%2Fap-south-1%2Fs3%2Faws4_request&X-Amz-Date=20250910T114403Z&X-Amz-Expires=604800&X-Amz-SignedHeaders=host&X-Amz-Signature=846c65a4142dc91aa705851c7b793445f6d23b11f6d24e71a6486350e929afe5,https://storage.googleapis.com/alleai-in/yaswanth/prog_content_testset_sampled/Dress/vto_image_20250825_141834/output_seedream.png?X-Amz-Algorithm=AWS4-HMAC-SHA256&X-Amz-Credential=GOOG4E63MNGYP5VR4UILWSHQ%2F20250910%2Fap-south-1%2Fs3%2Faws4_request&X-Amz-Date=20250910T114403Z&X-Amz-Expires=604800&X-Amz-SignedHeaders=host&X-Amz-Signature=4f75bf8a94dc7d33a4a6a6dbaf63e2fd4a05372b2bdad8f4afa2ccc33f0fb1ec,https://storage.googleapis.com/alleai-in/yaswanth/prog_content_testset_sampled/Dress/vto_image_20250825_141834/output_seedream_upscaled_garment.png?X-Amz-Algorithm=AWS4-HMAC-SHA256&X-Amz-Credential=GOOG4E63MNGYP5VR4UILWSHQ%2F20250910%2Fap-south-1%2Fs3%2Faws4_request&X-Amz-Date=20250910T114403Z&X-Amz-Expires=604800&X-Amz-SignedHeaders=host&X-Amz-Signature=59c30f71326991d7e05bd4e3254c013f532d34ec3461246e8a2e2404dbd5bd6b,"A candid outdoor fashion portrait of a woman of Middle Eastern ethnicity wearing this white eyelet lace sundress. The dress is paired with tan flat sandals, a woven straw sunhat, round black sunglasses, and a straw shoulder bag. Hair is styled sleek and straight, left loose under the hat. Expression is relaxed and serene, contributing to the overall effortless summer vibe of the image.

The woman is facing directly toward the camera. The pose is casual, standing mid-stride on a sunlit garden path, with one hand holding the bag and the other relaxed by her side. Body language should feel relaxed and confident.

The setting is a lush garden with palm trees and manicured greenery, under clear blue skies, with natural daylight casting soft shadows and crisp highlights. Background details include tropical plants, curved pathways, and distant hints of resort structures. The scene is lit with bright natural daylight, creating warm highlights and gentle shadows, with a subtle rim glow on her hair and a high contrast between the subject and the vibrant background.

Camera details:
- eye-level angle
- full-body framing
- sharp focus on subject with blurred background (bokeh)
- standard portrait lens look
- composition is centered, with the subject dominating the foreground and dynamic diagonal lines from the path and foliage.

Vibe & Style:
Overall mood is chic, effortless, and serene. The image should convey a narrative of summer ease, individuality, and relaxed resort elegance."
Dress,vto_image_20250823_093857,https://storage.googleapis.com/alleai-in/yaswanth/prog_content_testset_sampled/Dress/vto_image_20250823_093857/reference.jpg?X-Amz-Algorithm=AWS4-HMAC-SHA256&X-Amz-Credential=GOOG4E63MNGYP5VR4UILWSHQ%2F20250910%2Fap-south-1%2Fs3%2Faws4_request&X-Amz-Date=20250910T114403Z&X-Amz-Expires=604800&X-Amz-SignedHeaders=host&X-Amz-Signature=7e358c9c02f15a86e0a53e9156c4b3f696323f0d7f804ee45cd4e1467b2922d6,https://storage.googleapis.com/alleai-in/yaswanth/prog_content_testset_sampled/Dress/vto_image_20250823_093857/garment.jpg?X-Amz-Algorithm=AWS4-HMAC-SHA256&X-Amz-Credential=GOOG4E63MNGYP5VR4UILWSHQ%2F20250910%2Fap-south-1%2Fs3%2Faws4_request&X-Amz-Date=20250910T114403Z&X-Amz-Expires=604800&X-Amz-SignedHeaders=host&X-Amz-Signature=e98c66a40e23730895544e5796ba0450e9e204d556621f53da3096aed4536db1,https://storage.googleapis.com/alleai-in/yaswanth/prog_content_testset_sampled/Dress/vto_image_20250823_093857/garment_cropped.jpg?X-Amz-Algorithm=AWS4-HMAC-SHA256&X-Amz-Credential=GOOG4E63MNGYP5VR4UILWSHQ%2F20250910%2Fap-south-1%2Fs3%2Faws4_request&X-Amz-Date=20250910T114403Z&X-Amz-Expires=604800&X-Amz-SignedHeaders=host&X-Amz-Signature=49eb0272871586f055abeb953e52edb0624db914fbf88884710014ba48ba15bf,https://storage.googleapis.com/alleai-in/yaswanth/prog_content_testset_sampled/Dress/vto_image_20250823_093857/garment_cropped_upscaled.jpg?X-Amz-Algorithm=AWS4-HMAC-SHA256&X-Amz-Credential=GOOG4E63MNGYP5VR4UILWSHQ%2F20250910%2Fap-south-1%2Fs3%2Faws4_request&X-Amz-Date=20250910T114403Z&X-Amz-Expires=604800&X-Amz-SignedHeaders=host&X-Amz-Signature=1d2a05955f7263e544342d9a4832ff106d81dab652869d43ae3f94af10ce9155,https://storage.googleapis.com/alleai-in/yaswanth/prog_content_testset_sampled/Dress/vto_image_20250823_093857/reference_upscaled.jpg?X-Amz-Algorithm=AWS4-HMAC-SHA256&X-Amz-Credential=GOOG4E63MNGYP5VR4UILWSHQ%2F20250910%2Fap-south-1%2Fs3%2Faws4_request&X-Amz-Date=20250910T114403Z&X-Amz-Expires=604800&X-Amz-SignedHeaders=host&X-Amz-Signature=90910bcb06ae6e1ec117519b5ee1f839d8ebdee2e1b1ba0f885b0b80a8c5a42b,https://storage.googleapis.com/alleai-in/yaswanth/prog_content_testset_sampled/Dress/vto_image_20250823_093857/output_text_desc_redux_switch_5_mask_V5.jpg?X-Amz-Algorithm=AWS4-HMAC-SHA256&X-Amz-Credential=GOOG4E63MNGYP5VR4UILWSHQ%2F20250910%2Fap-south-1%2Fs3%2Faws4_request&X-Amz-Date=20250910T114403Z&X-Amz-Expires=604800&X-Amz-SignedHeaders=host&X-Amz-Signature=67dc1faa4775bb7f1cf4a20289829784c1c12905c0f869f018725b201440d86c,https://storage.googleapis.com/alleai-in/yaswanth/prog_content_testset_sampled/Dress/vto_image_20250823_093857/output_seedream.png?X-Amz-Algorithm=AWS4-HMAC-SHA256&X-Amz-Credential=GOOG4E63MNGYP5VR4UILWSHQ%2F20250910%2Fap-south-1%2Fs3%2Faws4_request&X-Amz-Date=20250910T114403Z&X-Amz-Expires=604800&X-Amz-SignedHeaders=host&X-Amz-Signature=492fec27dec01b81a80b55bcf7f25e2bb67b198e53a698774b3fa3f0c12af6b6,https://storage.googleapis.com/alleai-in/yaswanth/prog_content_testset_sampled/Dress/vto_image_20250823_093857/output_seedream_upscaled_garment.png?X-Amz-Algorithm=AWS4-HMAC-SHA256&X-Amz-Credential=GOOG4E63MNGYP5VR4UILWSHQ%2F20250910%2Fap-south-1%2Fs3%2Faws4_request&X-Amz-Date=20250910T114403Z&X-Amz-Expires=604800&X-Amz-SignedHeaders=host&X-Amz-Signature=95fb294987245c63d119eefccc577e83a6eed9224ad041acfd9cab6d4cbc7eef,"A candid outdoor fashion portrait of a South Asian woman wearing this green printed dress with intricate patterns and earthy tones. The dress is paired with nude high-heeled sandals, and no visible accessories. Hair is styled in loose, soft waves. Expression is joyful, contributing to the overall vibrant and fresh vibe of the image.

The woman is facing slightly turned ¾ profile toward the camera. The pose is natural, with one hand gently holding the skirt and the other relaxed by her side, as if she is about to take a step. Body language should feel relaxed and confident.

The setting is a lush greenhouse garden, with abundant green plants, wooden stairs, and a glass ceiling letting in natural daylight. Background details include potted plants, wooden textures, and leafy foliage. The scene is lit with natural daylight, creating warm highlights and soft shadows, with a gentle rim glow on her hair.

Camera details:
- eye-level angle
- medium-full shot
- sharp focus on subject with blurred background (bokeh)
- standard portrait lens look
- composition is off-centered, with the subject slightly to the right, dynamic diagonal lines from the stairs, and greenery framing the scene

Vibe & Style:
Overall mood is chic, effortless, and fresh. The image should convey a sense of joyful individuality and natural elegance."
Dress,vto_image_20250826_044825,https://storage.googleapis.com/alleai-in/yaswanth/prog_content_testset_sampled/Dress/vto_image_20250826_044825/reference.jpg?X-Amz-Algorithm=AWS4-HMAC-SHA256&X-Amz-Credential=GOOG4E63MNGYP5VR4UILWSHQ%2F20250910%2Fap-south-1%2Fs3%2Faws4_request&X-Amz-Date=20250910T114403Z&X-Amz-Expires=604800&X-Amz-SignedHeaders=host&X-Amz-Signature=781c01278d10275c02d8d4ff0b7fb50b612e7779bb4ea5fef0af2df98fc8ec5b,https://storage.googleapis.com/alleai-in/yaswanth/prog_content_testset_sampled/Dress/vto_image_20250826_044825/garment.jpg?X-Amz-Algorithm=AWS4-HMAC-SHA256&X-Amz-Credential=GOOG4E63MNGYP5VR4UILWSHQ%2F20250910%2Fap-south-1%2Fs3%2Faws4_request&X-Amz-Date=20250910T114403Z&X-Amz-Expires=604800&X-Amz-SignedHeaders=host&X-Amz-Signature=4a7047d998860ebff0433122ed873b83e9c00912c5dabacc8493d011771c7642,https://storage.googleapis.com/alleai-in/yaswanth/prog_content_testset_sampled/Dress/vto_image_20250826_044825/garment_cropped.jpg?X-Amz-Algorithm=AWS4-HMAC-SHA256&X-Amz-Credential=GOOG4E63MNGYP5VR4UILWSHQ%2F20250910%2Fap-south-1%2Fs3%2Faws4_request&X-Amz-Date=20250910T114403Z&X-Amz-Expires=604800&X-Amz-SignedHeaders=host&X-Amz-Signature=00232deacd6a66d2ca17be4473044d59d36a22f7957d8fe55f3e44c8363d10e3,https://storage.googleapis.com/alleai-in/yaswanth/prog_content_testset_sampled/Dress/vto_image_20250826_044825/garment_cropped_upscaled.jpg?X-Amz-Algorithm=AWS4-HMAC-SHA256&X-Amz-Credential=GOOG4E63MNGYP5VR4UILWSHQ%2F20250910%2Fap-south-1%2Fs3%2Faws4_request&X-Amz-Date=20250910T114403Z&X-Amz-Expires=604800&X-Amz-SignedHeaders=host&X-Amz-Signature=f953699342207297c28b9862b89ab0e95faac9e5f18319fcf20f1ef4ebd890a0,https://storage.googleapis.com/alleai-in/yaswanth/prog_content_testset_sampled/Dress/vto_image_20250826_044825/reference_upscaled.jpg?X-Amz-Algorithm=AWS4-HMAC-SHA256&X-Amz-Credential=GOOG4E63MNGYP5VR4UILWSHQ%2F20250910%2Fap-south-1%2Fs3%2Faws4_request&X-Amz-Date=20250910T114403Z&X-Amz-Expires=604800&X-Amz-SignedHeaders=host&X-Amz-Signature=392a0503a60e48c36c896b16c5de467ef45b5458abe20119a80e4096e1059b3d,https://storage.googleapis.com/alleai-in/yaswanth/prog_content_testset_sampled/Dress/vto_image_20250826_044825/output_text_desc_redux_switch_5_mask_V5.jpg?X-Amz-Algorithm=AWS4-HMAC-SHA256&X-Amz-Credential=GOOG4E63MNGYP5VR4UILWSHQ%2F20250910%2Fap-south-1%2Fs3%2Faws4_request&X-Amz-Date=20250910T114403Z&X-Amz-Expires=604800&X-Amz-SignedHeaders=host&X-Amz-Signature=f2ba86aa907be5c694b3daf630f09349f22f83272f5b80ce00020dbd13356e03,https://storage.googleapis.com/alleai-in/yaswanth/prog_content_testset_sampled/Dress/vto_image_20250826_044825/output_seedream.png?X-Amz-Algorithm=AWS4-HMAC-SHA256&X-Amz-Credential=GOOG4E63MNGYP5VR4UILWSHQ%2F20250910%2Fap-south-1%2Fs3%2Faws4_request&X-Amz-Date=20250910T114403Z&X-Amz-Expires=604800&X-Amz-SignedHeaders=host&X-Amz-Signature=274f50fb00404e829c1ec8c6fae7a7cb1f87d75c85ece8fe7768b1df22a858ac,https://storage.googleapis.com/alleai-in/yaswanth/prog_content_testset_sampled/Dress/vto_image_20250826_044825/output_seedream_upscaled_garment.png?X-Amz-Algorithm=AWS4-HMAC-SHA256&X-Amz-Credential=GOOG4E63MNGYP5VR4UILWSHQ%2F20250910%2Fap-south-1%2Fs3%2Faws4_request&X-Amz-Date=20250910T114403Z&X-Amz-Expires=604800&X-Amz-SignedHeaders=host&X-Amz-Signature=14ccbc83d76f913b27c5843e14da399b86f9510b58f9ca0c555b0fe5794b21f8,"A candid outdoor fashion portrait of a Black woman wearing this light pink and white striped belted shirt dress. The dress is paired with gold pointed-toe low-heeled shoes and accessorized with a small gold textured clutch, pearl stud earrings, and a delicate bracelet. Hair is styled in voluminous natural curls. Expression is relaxed and confident, contributing to the overall chic vibe of the image.

The woman is facing slightly turned ¾ profile toward the camera. The pose is casually leaning against a black iron fence, one hand resting on the rail, the other holding the clutch. Body language should feel poised, elegant, and self-assured.

The setting is an urban street with a classic stone building and decorative iron window grilles in the background, trimmed hedges along the sidewalk. The scene is lit with natural daylight, creating soft shadows and crisp highlights, with gentle illumination on the subject’s face and a subtle rim glow on her hair.

Camera details:
- eye-level angle
- medium-full shot
- sharp focus on subject with blurred background (bokeh)
- standard portrait lens look
- off-centered composition with the subject dominating the foreground, vertical lines from the fence and building adding structure

Vibe & Style:
Overall mood is chic, effortless, and modern. The image should convey empowerment, individuality, and a sense of urban sophistication."
Dress,vto_image_20250826_103235,https://storage.googleapis.com/alleai-in/yaswanth/prog_content_testset_sampled/Dress/vto_image_20250826_103235/reference.jpg?X-Amz-Algorithm=AWS4-HMAC-SHA256&X-Amz-Credential=GOOG4E63MNGYP5VR4UILWSHQ%2F20250910%2Fap-south-1%2Fs3%2Faws4_request&X-Amz-Date=20250910T114403Z&X-Amz-Expires=604800&X-Amz-SignedHeaders=host&X-Amz-Signature=106b9178ad20cab2a928ca456469dd29f0d99c95bc2ca4ec6777fa44a00af72e,https://storage.googleapis.com/alleai-in/yaswanth/prog_content_testset_sampled/Dress/vto_image_20250826_103235/garment.jpg?X-Amz-Algorithm=AWS4-HMAC-SHA256&X-Amz-Credential=GOOG4E63MNGYP5VR4UILWSHQ%2F20250910%2Fap-south-1%2Fs3%2Faws4_request&X-Amz-Date=20250910T114403Z&X-Amz-Expires=604800&X-Amz-SignedHeaders=host&X-Amz-Signature=3ec3cef822f59111b4c1b8b9f8069a4736cac65266ad35e61cc90ccd3df36c02,https://storage.googleapis.com/alleai-in/yaswanth/prog_content_testset_sampled/Dress/vto_image_20250826_103235/garment_cropped.jpg?X-Amz-Algorithm=AWS4-HMAC-SHA256&X-Amz-Credential=GOOG4E63MNGYP5VR4UILWSHQ%2F20250910%2Fap-south-1%2Fs3%2Faws4_request&X-Amz-Date=20250910T114403Z&X-Amz-Expires=604800&X-Amz-SignedHeaders=host&X-Amz-Signature=fc0c98edd7fb2a39aff2a086da5c113f0002679791ff07266ae98a2002b15e0f,https://storage.googleapis.com/alleai-in/yaswanth/prog_content_testset_sampled/Dress/vto_image_20250826_103235/garment_cropped_upscaled.jpg?X-Amz-Algorithm=AWS4-HMAC-SHA256&X-Amz-Credential=GOOG4E63MNGYP5VR4UILWSHQ%2F20250910%2Fap-south-1%2Fs3%2Faws4_request&X-Amz-Date=20250910T114403Z&X-Amz-Expires=604800&X-Amz-SignedHeaders=host&X-Amz-Signature=bc1598a3267565e45f4a631fac5ec6ecd38c9ef52db27a33ce52c5f1ce492ec8,https://storage.googleapis.com/alleai-in/yaswanth/prog_content_testset_sampled/Dress/vto_image_20250826_103235/reference_upscaled.jpg?X-Amz-Algorithm=AWS4-HMAC-SHA256&X-Amz-Credential=GOOG4E63MNGYP5VR4UILWSHQ%2F20250910%2Fap-south-1%2Fs3%2Faws4_request&X-Amz-Date=20250910T114403Z&X-Amz-Expires=604800&X-Amz-SignedHeaders=host&X-Amz-Signature=3143b09de151173c57abaf23480ca62b7de07bd7b01cef0378bf2542933667c2,https://storage.googleapis.com/alleai-in/yaswanth/prog_content_testset_sampled/Dress/vto_image_20250826_103235/output_text_desc_redux_switch_5_mask_V5.jpg?X-Amz-Algorithm=AWS4-HMAC-SHA256&X-Amz-Credential=GOOG4E63MNGYP5VR4UILWSHQ%2F20250910%2Fap-south-1%2Fs3%2Faws4_request&X-Amz-Date=20250910T114403Z&X-Amz-Expires=604800&X-Amz-SignedHeaders=host&X-Amz-Signature=151daf02d8e74b8cc9717b6b8f26906c8e98111f8c79cc4e6ec566717a773c14,https://storage.googleapis.com/alleai-in/yaswanth/prog_content_testset_sampled/Dress/vto_image_20250826_103235/output_seedream.png?X-Amz-Algorithm=AWS4-HMAC-SHA256&X-Amz-Credential=GOOG4E63MNGYP5VR4UILWSHQ%2F20250910%2Fap-south-1%2Fs3%2Faws4_request&X-Amz-Date=20250910T114403Z&X-Amz-Expires=604800&X-Amz-SignedHeaders=host&X-Amz-Signature=20e42f3d5b88c27e05eedbaf0439582955ecfedd0564563aabfc8d7e59fc9e29,https://storage.googleapis.com/alleai-in/yaswanth/prog_content_testset_sampled/Dress/vto_image_20250826_103235/output_seedream_upscaled_garment.png?X-Amz-Algorithm=AWS4-HMAC-SHA256&X-Amz-Credential=GOOG4E63MNGYP5VR4UILWSHQ%2F20250910%2Fap-south-1%2Fs3%2Faws4_request&X-Amz-Date=20250910T114403Z&X-Amz-Expires=604800&X-Amz-SignedHeaders=host&X-Amz-Signature=bace5d1bcce32e101f7ae3f4f07c1cfe7cc37f6e9225b91b7854e8bc974675df,"A candid outdoor fashion portrait of a woman of ambiguous ethnicity wearing this white dress with red floral print and smocked bodice. The dress is paired with nude open-toe heeled sandals and delicate drop earrings. Hair is styled in a tousled, messy top bun with loose face-framing strands. Expression is thoughtful and slightly wistful, contributing to the overall vibe of the image. The woman is facing slightly turned in a ¾ profile toward the camera. The pose is relaxed, with one arm gently bent and the other resting by her side, body leaning softly against a rustic wall. Body language should feel graceful and serene. The setting is a rustic, Mediterranean-inspired courtyard with textured stone walls, patterned tile flooring, and a large potted plant with broad green leaves. The scene is lit with natural daylight, creating soft shadows and warm highlights that accentuate the textures and details. Background details include weathered stone, white stucco, and lush greenery. The scene is lit with natural daylight, producing gentle, diffused light and subtle rim glow on the hair. Camera details: eye-level angle, medium-full shot, sharp focus on subject with softly blurred background (bokeh), standard portrait lens look, subject off-centered with dynamic diagonal lines from architectural elements. Vibe & Style: Overall mood is chic, effortless, and editorial. The image should convey a sense of serene elegance and rustic charm."
Dress,vto_image_20250826_080037,https://storage.googleapis.com/alleai-in/yaswanth/prog_content_testset_sampled/Dress/vto_image_20250826_080037/reference.jpg?X-Amz-Algorithm=AWS4-HMAC-SHA256&X-Amz-Credential=GOOG4E63MNGYP5VR4UILWSHQ%2F20250910%2Fap-south-1%2Fs3%2Faws4_request&X-Amz-Date=20250910T114403Z&X-Amz-Expires=604800&X-Amz-SignedHeaders=host&X-Amz-Signature=8bb5f637f75be0c31eedc97ae092d69ed32253e1f351a2859c8d50e85babf23e,https://storage.googleapis.com/alleai-in/yaswanth/prog_content_testset_sampled/Dress/vto_image_20250826_080037/garment.jpg?X-Amz-Algorithm=AWS4-HMAC-SHA256&X-Amz-Credential=GOOG4E63MNGYP5VR4UILWSHQ%2F20250910%2Fap-south-1%2Fs3%2Faws4_request&X-Amz-Date=20250910T114403Z&X-Amz-Expires=604800&X-Amz-SignedHeaders=host&X-Amz-Signature=8064ed9b0a5dbdaea88bc6c86e8b5c93d6f3b5245616f26f2ed96bf66fcce482,https://storage.googleapis.com/alleai-in/yaswanth/prog_content_testset_sampled/Dress/vto_image_20250826_080037/garment_cropped.jpg?X-Amz-Algorithm=AWS4-HMAC-SHA256&X-Amz-Credential=GOOG4E63MNGYP5VR4UILWSHQ%2F20250910%2Fap-south-1%2Fs3%2Faws4_request&X-Amz-Date=20250910T114403Z&X-Amz-Expires=604800&X-Amz-SignedHeaders=host&X-Amz-Signature=a442d5ebc846d25196e707862ed4fa2100d408c7d1cb4fa88fa675a9e1a1ac17,https://storage.googleapis.com/alleai-in/yaswanth/prog_content_testset_sampled/Dress/vto_image_20250826_080037/garment_cropped_upscaled.jpg?X-Amz-Algorithm=AWS4-HMAC-SHA256&X-Amz-Credential=GOOG4E63MNGYP5VR4UILWSHQ%2F20250910%2Fap-south-1%2Fs3%2Faws4_request&X-Amz-Date=20250910T114403Z&X-Amz-Expires=604800&X-Amz-SignedHeaders=host&X-Amz-Signature=f890999c52427879cdb0790f661914031fac2104db6ba71db469775a1ec53119,https://storage.googleapis.com/alleai-in/yaswanth/prog_content_testset_sampled/Dress/vto_image_20250826_080037/reference_upscaled.jpg?X-Amz-Algorithm=AWS4-HMAC-SHA256&X-Amz-Credential=GOOG4E63MNGYP5VR4UILWSHQ%2F20250910%2Fap-south-1%2Fs3%2Faws4_request&X-Amz-Date=20250910T114403Z&X-Amz-Expires=604800&X-Amz-SignedHeaders=host&X-Amz-Signature=3d994be8e9fe696b5ffe5c53ba107924552e40f3d9178c83a74bdd0b4712d45a,https://storage.googleapis.com/alleai-in/yaswanth/prog_content_testset_sampled/Dress/vto_image_20250826_080037/output_text_desc_redux_switch_5_mask_V5.jpg?X-Amz-Algorithm=AWS4-HMAC-SHA256&X-Amz-Credential=GOOG4E63MNGYP5VR4UILWSHQ%2F20250910%2Fap-south-1%2Fs3%2Faws4_request&X-Amz-Date=20250910T114403Z&X-Amz-Expires=604800&X-Amz-SignedHeaders=host&X-Amz-Signature=fc11506acbd93f96398237e25a1667fbd8875cd5e87ac778c087fe7385279c9e,https://storage.googleapis.com/alleai-in/yaswanth/prog_content_testset_sampled/Dress/vto_image_20250826_080037/output_seedream.png?X-Amz-Algorithm=AWS4-HMAC-SHA256&X-Amz-Credential=GOOG4E63MNGYP5VR4UILWSHQ%2F20250910%2Fap-south-1%2Fs3%2Faws4_request&X-Amz-Date=20250910T114403Z&X-Amz-Expires=604800&X-Amz-SignedHeaders=host&X-Amz-Signature=c3d6e068acbb551dd81b3467e8df7b0f3434c19631eee8a2d8f6467ebc53b01e,https://storage.googleapis.com/alleai-in/yaswanth/prog_content_testset_sampled/Dress/vto_image_20250826_080037/output_seedream_upscaled_garment.png?X-Amz-Algorithm=AWS4-HMAC-SHA256&X-Amz-Credential=GOOG4E63MNGYP5VR4UILWSHQ%2F20250910%2Fap-south-1%2Fs3%2Faws4_request&X-Amz-Date=20250910T114403Z&X-Amz-Expires=604800&X-Amz-SignedHeaders=host&X-Amz-Signature=685d0c9832e10e827f616f1ad52e6c3cc8cd9726599c1326336f66a02fcb3a1c,"A candid outdoor fashion portrait of a white woman wearing this vibrant red dress with bold white polka dots. The dress is paired with layered gold necklaces, round sunglasses, and no visible footwear. Hair is styled in loose waves, and her expression is relaxed with a soft, candid smile, contributing to the overall effortless vibe of the image.

The woman is facing slightly turned in a ¾ profile, gently touching her hair. The pose is natural and graceful, as if she is mid-step or about to walk, with her body language feeling relaxed and confident.

The setting is a sunlit urban courtyard with white arched architecture and a potted plant in the background, with natural daylight creating soft shadows and crisp highlights. Background details include white walls, a staircase with railings, and a touch of greenery. The scene is lit with natural daylight, producing warm highlights and a gentle rim glow on her hair.

Camera details:
- eye-level angle
- medium-full shot
- sharp focus on subject with a softly blurred background (bokeh)
- standard portrait lens look
- composition is off-centered, with the subject slightly to the left, using dynamic diagonal lines from the architecture

Vibe & Style:
Overall mood is chic, effortless, and modern. The image should convey a sense of individuality, relaxed confidence, and street cool."
Dress,vto_image_20250826_021417,https://storage.googleapis.com/alleai-in/yaswanth/prog_content_testset_sampled/Dress/vto_image_20250826_021417/reference.jpg?X-Amz-Algorithm=AWS4-HMAC-SHA256&X-Amz-Credential=GOOG4E63MNGYP5VR4UILWSHQ%2F20250910%2Fap-south-1%2Fs3%2Faws4_request&X-Amz-Date=20250910T114403Z&X-Amz-Expires=604800&X-Amz-SignedHeaders=host&X-Amz-Signature=ea7b96fa1ff84c00f028d3adccf370eaf9e0afc10ffcb9f7ed97bb0bcda81faa,https://storage.googleapis.com/alleai-in/yaswanth/prog_content_testset_sampled/Dress/vto_image_20250826_021417/garment.jpg?X-Amz-Algorithm=AWS4-HMAC-SHA256&X-Amz-Credential=GOOG4E63MNGYP5VR4UILWSHQ%2F20250910%2Fap-south-1%2Fs3%2Faws4_request&X-Amz-Date=20250910T114403Z&X-Amz-Expires=604800&X-Amz-SignedHeaders=host&X-Amz-Signature=f95410bbb62641369508ba0253a1b06a9ad882411f2bcdb3128f00841ce027e6,https://storage.googleapis.com/alleai-in/yaswanth/prog_content_testset_sampled/Dress/vto_image_20250826_021417/garment_cropped.jpg?X-Amz-Algorithm=AWS4-HMAC-SHA256&X-Amz-Credential=GOOG4E63MNGYP5VR4UILWSHQ%2F20250910%2Fap-south-1%2Fs3%2Faws4_request&X-Amz-Date=20250910T114403Z&X-Amz-Expires=604800&X-Amz-SignedHeaders=host&X-Amz-Signature=feaf5e37adb65fd16992375906b983c7b50da3c7387051ebe3dd3ce3282b32f6,https://storage.googleapis.com/alleai-in/yaswanth/prog_content_testset_sampled/Dress/vto_image_20250826_021417/garment_cropped_upscaled.jpg?X-Amz-Algorithm=AWS4-HMAC-SHA256&X-Amz-Credential=GOOG4E63MNGYP5VR4UILWSHQ%2F20250910%2Fap-south-1%2Fs3%2Faws4_request&X-Amz-Date=20250910T114403Z&X-Amz-Expires=604800&X-Amz-SignedHeaders=host&X-Amz-Signature=60b8e5c9c533c8e5248f0b457749dd76ffc2d38717212f21f13f950ae4734d0b,https://storage.googleapis.com/alleai-in/yaswanth/prog_content_testset_sampled/Dress/vto_image_20250826_021417/reference_upscaled.jpg?X-Amz-Algorithm=AWS4-HMAC-SHA256&X-Amz-Credential=GOOG4E63MNGYP5VR4UILWSHQ%2F20250910%2Fap-south-1%2Fs3%2Faws4_request&X-Amz-Date=20250910T114403Z&X-Amz-Expires=604800&X-Amz-SignedHeaders=host&X-Amz-Signature=83948e35845abd4afbeae8fae7ad8576384d67463f646158ceb866c37cfc39fc,https://storage.googleapis.com/alleai-in/yaswanth/prog_content_testset_sampled/Dress/vto_image_20250826_021417/output_text_desc_redux_switch_5_mask_V5.jpg?X-Amz-Algorithm=AWS4-HMAC-SHA256&X-Amz-Credential=GOOG4E63MNGYP5VR4UILWSHQ%2F20250910%2Fap-south-1%2Fs3%2Faws4_request&X-Amz-Date=20250910T114403Z&X-Amz-Expires=604800&X-Amz-SignedHeaders=host&X-Amz-Signature=fd8124626275044db74302e5594443e735de204dc8f889a6c8c681cf9d2105ff,https://storage.googleapis.com/alleai-in/yaswanth/prog_content_testset_sampled/Dress/vto_image_20250826_021417/output_seedream.png?X-Amz-Algorithm=AWS4-HMAC-SHA256&X-Amz-Credential=GOOG4E63MNGYP5VR4UILWSHQ%2F20250910%2Fap-south-1%2Fs3%2Faws4_request&X-Amz-Date=20250910T114403Z&X-Amz-Expires=604800&X-Amz-SignedHeaders=host&X-Amz-Signature=ef9ad7029fffc1744c3ceb6bcaf585a1a84744dd3c1569377fe31cc7260c759a,https://storage.googleapis.com/alleai-in/yaswanth/prog_content_testset_sampled/Dress/vto_image_20250826_021417/output_seedream_upscaled_garment.png?X-Amz-Algorithm=AWS4-HMAC-SHA256&X-Amz-Credential=GOOG4E63MNGYP5VR4UILWSHQ%2F20250910%2Fap-south-1%2Fs3%2Faws4_request&X-Amz-Date=20250910T114403Z&X-Amz-Expires=604800&X-Amz-SignedHeaders=host&X-Amz-Signature=364effb05b55a8990b6b26710d4100a7682e06d804db975f6490b0044922078b,"A candid outdoor fashion portrait of a Caucasian woman wearing this black and white colorblock sleeveless bodycon dress. The dress is paired with sleek black high-heeled pumps and accessorized with bold black sunglasses. Hair is styled in a loose, elegant updo with a few soft strands framing the face. Expression is relaxed and confident, contributing to the overall chic vibe of the image.

The woman is facing slightly turned ¾ profile toward the camera. The pose is casually leaning against a sunlit city wall, one arm relaxed at her side. Body language should feel poised, sophisticated, and self-assured.

The setting is an urban street with classic city architecture and parked cars in the background, with natural daylight casting crisp highlights and soft shadows. Background details include blurred buildings, street textures, and subtle reflections on the pavement. The scene is lit with natural daylight, creating warm highlights and a gentle rim glow on her hair.

Camera details:
- eye-level angle
- medium-full shot
- sharp focus on subject with blurred background (bokeh)
- standard portrait lens look
- off-centered composition with the subject dominating the foreground, using dynamic diagonal lines from the street and wall.

Vibe & Style:
Overall mood is chic, modern, and editorial. The image should convey empowerment, street cool, and effortless sophistication."
Dress,vto_image_20250826_073605,https://storage.googleapis.com/alleai-in/yaswanth/prog_content_testset_sampled/Dress/vto_image_20250826_073605/reference.jpg?X-Amz-Algorithm=AWS4-HMAC-SHA256&X-Amz-Credential=GOOG4E63MNGYP5VR4UILWSHQ%2F20250910%2Fap-south-1%2Fs3%2Faws4_request&X-Amz-Date=20250910T114403Z&X-Amz-Expires=604800&X-Amz-SignedHeaders=host&X-Amz-Signature=f820fe11e34332588770a3332e29b13a7dbad5720520f0f6076cf3b1fcec2f68,https://storage.googleapis.com/alleai-in/yaswanth/prog_content_testset_sampled/Dress/vto_image_20250826_073605/garment.jpg?X-Amz-Algorithm=AWS4-HMAC-SHA256&X-Amz-Credential=GOOG4E63MNGYP5VR4UILWSHQ%2F20250910%2Fap-south-1%2Fs3%2Faws4_request&X-Amz-Date=20250910T114403Z&X-Amz-Expires=604800&X-Amz-SignedHeaders=host&X-Amz-Signature=51f16a1007465b928a8f3d2f6d3c6c90556a1f746bce7a7dac01dc9fa42efadb,https://storage.googleapis.com/alleai-in/yaswanth/prog_content_testset_sampled/Dress/vto_image_20250826_073605/garment_cropped.jpg?X-Amz-Algorithm=AWS4-HMAC-SHA256&X-Amz-Credential=GOOG4E63MNGYP5VR4UILWSHQ%2F20250910%2Fap-south-1%2Fs3%2Faws4_request&X-Amz-Date=20250910T114403Z&X-Amz-Expires=604800&X-Amz-SignedHeaders=host&X-Amz-Signature=c45633464dcd908a66a9d2056c35028863004dd2ebf48c22d44e9dc7db3364bc,https://storage.googleapis.com/alleai-in/yaswanth/prog_content_testset_sampled/Dress/vto_image_20250826_073605/garment_cropped_upscaled.jpg?X-Amz-Algorithm=AWS4-HMAC-SHA256&X-Amz-Credential=GOOG4E63MNGYP5VR4UILWSHQ%2F20250910%2Fap-south-1%2Fs3%2Faws4_request&X-Amz-Date=20250910T114403Z&X-Amz-Expires=604800&X-Amz-SignedHeaders=host&X-Amz-Signature=079713b5f02b5962b7c058ba328a2841c854f4e0d6524be5fe69fe803021f2d7,https://storage.googleapis.com/alleai-in/yaswanth/prog_content_testset_sampled/Dress/vto_image_20250826_073605/reference_upscaled.jpg?X-Amz-Algorithm=AWS4-HMAC-SHA256&X-Amz-Credential=GOOG4E63MNGYP5VR4UILWSHQ%2F20250910%2Fap-south-1%2Fs3%2Faws4_request&X-Amz-Date=20250910T114403Z&X-Amz-Expires=604800&X-Amz-SignedHeaders=host&X-Amz-Signature=e44e2874e660826cfcdc043ff758fc2dc56ae640c06b9d14c5ad4c6ecbe90517,https://storage.googleapis.com/alleai-in/yaswanth/prog_content_testset_sampled/Dress/vto_image_20250826_073605/output_text_desc_redux_switch_5_mask_V5.jpg?X-Amz-Algorithm=AWS4-HMAC-SHA256&X-Amz-Credential=GOOG4E63MNGYP5VR4UILWSHQ%2F20250910%2Fap-south-1%2Fs3%2Faws4_request&X-Amz-Date=20250910T114403Z&X-Amz-Expires=604800&X-Amz-SignedHeaders=host&X-Amz-Signature=4b2e11118dedf8278856c79ce09e7407630d1718d07935dc74a9c822dbf0eaa4,https://storage.googleapis.com/alleai-in/yaswanth/prog_content_testset_sampled/Dress/vto_image_20250826_073605/output_seedream.png?X-Amz-Algorithm=AWS4-HMAC-SHA256&X-Amz-Credential=GOOG4E63MNGYP5VR4UILWSHQ%2F20250910%2Fap-south-1%2Fs3%2Faws4_request&X-Amz-Date=20250910T114403Z&X-Amz-Expires=604800&X-Amz-SignedHeaders=host&X-Amz-Signature=d0ab972cf8f0661b9b45356d082b1437926ea628eda2a0ab16238ce76da1e872,https://storage.googleapis.com/alleai-in/yaswanth/prog_content_testset_sampled/Dress/vto_image_20250826_073605/output_seedream_upscaled_garment.png?X-Amz-Algorithm=AWS4-HMAC-SHA256&X-Amz-Credential=GOOG4E63MNGYP5VR4UILWSHQ%2F20250910%2Fap-south-1%2Fs3%2Faws4_request&X-Amz-Date=20250910T114403Z&X-Amz-Expires=604800&X-Amz-SignedHeaders=host&X-Amz-Signature=d072bc85d97d0bf8882a420c432ae46d148d3cb45a2c372462e5fd3b91625c24,"A candid outdoor fashion portrait of a white woman wearing this vibrant blue and white patterned dress. The dress is paired with black ankle-strap heeled sandals and gold drop earrings. Hair is styled in loose waves, gently tousled by the breeze. Expression is relaxed and confident, contributing to the overall vibe of the image.

The woman is facing slightly turned ¾ profile toward the camera. The pose is natural, with one hand holding out the skirt of the dress, creating a sense of movement, and the other arm relaxed by her side. Body language should feel graceful and effortless.

The setting is a luxurious Mediterranean-inspired terrace by a pool, with white columns, ornate architectural details, and a vivid blue sky. Background details include distant green hills, lush trees, and the sparkling blue water of the pool. The scene is lit with natural daylight, creating crisp highlights and soft shadows, with warm sunlight illuminating the subject and a subtle rim glow on her hair.

Camera details:
- eye-level angle
- medium-full shot
- sharp focus on subject with blurred background (bokeh)
- standard portrait lens look
- composition is off-centered, with the subject dominating the foreground and dynamic diagonal lines from the architecture and dress.

Vibe & Style:
Overall mood is chic, effortless, and elegant. The image should convey a sense of empowerment, movement, and modern Mediterranean glamour."
Jeans,vto_image_20250812_101007,https://storage.googleapis.com/alleai-in/yaswanth/prog_content_testset_sampled/Jeans/vto_image_20250812_101007/reference.jpg?X-Amz-Algorithm=AWS4-HMAC-SHA256&X-Amz-Credential=GOOG4E63MNGYP5VR4UILWSHQ%2F20250910%2Fap-south-1%2Fs3%2Faws4_request&X-Amz-Date=20250910T114403Z&X-Amz-Expires=604800&X-Amz-SignedHeaders=host&X-Amz-Signature=7298b7c42bd43cc2113005b151bf4130872bf23e1004d9764006d116089bc9aa,https://storage.googleapis.com/alleai-in/yaswanth/prog_content_testset_sampled/Jeans/vto_image_20250812_101007/garment.jpg?X-Amz-Algorithm=AWS4-HMAC-SHA256&X-Amz-Credential=GOOG4E63MNGYP5VR4UILWSHQ%2F20250910%2Fap-south-1%2Fs3%2Faws4_request&X-Amz-Date=20250910T114403Z&X-Amz-Expires=604800&X-Amz-SignedHeaders=host&X-Amz-Signature=30c9156cc4f3834372004daecf1d6d8624995a9f46ded7660a506294a64fd954,https://storage.googleapis.com/alleai-in/yaswanth/prog_content_testset_sampled/Jeans/vto_image_20250812_101007/garment_cropped.jpg?X-Amz-Algorithm=AWS4-HMAC-SHA256&X-Amz-Credential=GOOG4E63MNGYP5VR4UILWSHQ%2F20250910%2Fap-south-1%2Fs3%2Faws4_request&X-Amz-Date=20250910T114403Z&X-Amz-Expires=604800&X-Amz-SignedHeaders=host&X-Amz-Signature=770c8b3a744a9b9d234fc30a6c9246e53f6c0e2639de4b5a8c870ff944348247,https://storage.googleapis.com/alleai-in/yaswanth/prog_content_testset_sampled/Jeans/vto_image_20250812_101007/garment_cropped_upscaled.jpg?X-Amz-Algorithm=AWS4-HMAC-SHA256&X-Amz-Credential=GOOG4E63MNGYP5VR4UILWSHQ%2F20250910%2Fap-south-1%2Fs3%2Faws4_request&X-Amz-Date=20250910T114403Z&X-Amz-Expires=604800&X-Amz-SignedHeaders=host&X-Amz-Signature=cdb40058e857252898d685cc95549c474ae7e948790636af7c4ec178ca23aadf,https://storage.googleapis.com/alleai-in/yaswanth/prog_content_testset_sampled/Jeans/vto_image_20250812_101007/reference_upscaled.jpg?X-Amz-Algorithm=AWS4-HMAC-SHA256&X-Amz-Credential=GOOG4E63MNGYP5VR4UILWSHQ%2F20250910%2Fap-south-1%2Fs3%2Faws4_request&X-Amz-Date=20250910T114403Z&X-Amz-Expires=604800&X-Amz-SignedHeaders=host&X-Amz-Signature=3fe497b9d41975d97627be31d8ad67bb7b1cebde04526a43c5e4d7d173edec5c,https://storage.googleapis.com/alleai-in/yaswanth/prog_content_testset_sampled/Jeans/vto_image_20250812_101007/output_text_desc_redux_switch_5_mask_V5.jpg?X-Amz-Algorithm=AWS4-HMAC-SHA256&X-Amz-Credential=GOOG4E63MNGYP5VR4UILWSHQ%2F20250910%2Fap-south-1%2Fs3%2Faws4_request&X-Amz-Date=20250910T114403Z&X-Amz-Expires=604800&X-Amz-SignedHeaders=host&X-Amz-Signature=f96f8a12ea3bf4442170995007477eb1981c30a0741e6174fc8bc45c3b8c460e,https://storage.googleapis.com/alleai-in/yaswanth/prog_content_testset_sampled/Jeans/vto_image_20250812_101007/output_seedream.png?X-Amz-Algorithm=AWS4-HMAC-SHA256&X-Amz-Credential=GOOG4E63MNGYP5VR4UILWSHQ%2F20250910%2Fap-south-1%2Fs3%2Faws4_request&X-Amz-Date=20250910T114403Z&X-Amz-Expires=604800&X-Amz-SignedHeaders=host&X-Amz-Signature=3f6adf2c191cc26fe19c85126c732a2b1fa49d573e25ebeb7da32e3db9494fb3,https://storage.googleapis.com/alleai-in/yaswanth/prog_content_testset_sampled/Jeans/vto_image_20250812_101007/output_seedream_upscaled_garment.png?X-Amz-Algorithm=AWS4-HMAC-SHA256&X-Amz-Credential=GOOG4E63MNGYP5VR4UILWSHQ%2F20250910%2Fap-south-1%2Fs3%2Faws4_request&X-Amz-Date=20250910T114403Z&X-Amz-Expires=604800&X-Amz-SignedHeaders=host&X-Amz-Signature=99330dd7a88cd6cebddfc24aeaadae08e55aa3bde14b896e349522b31ccc3067,"A candid outdoor fashion portrait of a woman of ambiguous ethnicity wearing these deep green wide-leg jeans. The jeans are paired with a white strapless bandeau top, white sneakers, and accessorized with black rectangular sunglasses and delicate layered necklaces. Hair is styled sleek and straight, worn loose. Expression is relaxed and confident, contributing to the overall vibe of the image.

The woman is facing directly toward the camera. The pose is walking mid-stride, arms relaxed at her sides. Body language should feel effortless and self-assured.

The setting is an urban street with a pale brick wall, faded signage, and textured pavement, under natural daylight with soft shadows and crisp highlights. Background details include urban wall textures, subtle graffiti, and scattered debris. The scene is lit with natural daylight, creating gentle highlights and subtle shadow contrast on the subject.

Camera details:
- eye-level angle
- medium-full shot
- sharp focus on subject with blurred background (bokeh)
- standard portrait lens look
- off-centered composition with the subject slightly to the left, dynamic diagonal lines from the pavement

Vibe & Style:
Overall mood is chic, casual, and modern. The image should convey effortless street cool and individuality."
Jeans,vto_image_20250819_170154,https://storage.googleapis.com/alleai-in/yaswanth/prog_content_testset_sampled/Jeans/vto_image_20250819_170154/reference.jpg?X-Amz-Algorithm=AWS4-HMAC-SHA256&X-Amz-Credential=GOOG4E63MNGYP5VR4UILWSHQ%2F20250910%2Fap-south-1%2Fs3%2Faws4_request&X-Amz-Date=20250910T114403Z&X-Amz-Expires=604800&X-Amz-SignedHeaders=host&X-Amz-Signature=1f3cb687fc12589e08e07b52cd7f37c61c4dbab4d688b85a62791b6abeea9750,https://storage.googleapis.com/alleai-in/yaswanth/prog_content_testset_sampled/Jeans/vto_image_20250819_170154/garment.jpg?X-Amz-Algorithm=AWS4-HMAC-SHA256&X-Amz-Credential=GOOG4E63MNGYP5VR4UILWSHQ%2F20250910%2Fap-south-1%2Fs3%2Faws4_request&X-Amz-Date=20250910T114403Z&X-Amz-Expires=604800&X-Amz-SignedHeaders=host&X-Amz-Signature=d11c25083ab664d2f0f14ea8a5fb356f522c726a7404de481720fb7c44d96515,https://storage.googleapis.com/alleai-in/yaswanth/prog_content_testset_sampled/Jeans/vto_image_20250819_170154/garment_cropped.jpg?X-Amz-Algorithm=AWS4-HMAC-SHA256&X-Amz-Credential=GOOG4E63MNGYP5VR4UILWSHQ%2F20250910%2Fap-south-1%2Fs3%2Faws4_request&X-Amz-Date=20250910T114403Z&X-Amz-Expires=604800&X-Amz-SignedHeaders=host&X-Amz-Signature=13b601b2d63ab73744c9aa8ff1b3a9422e495e6e4f2d837426014e4f32334f6c,https://storage.googleapis.com/alleai-in/yaswanth/prog_content_testset_sampled/Jeans/vto_image_20250819_170154/garment_cropped_upscaled.jpg?X-Amz-Algorithm=AWS4-HMAC-SHA256&X-Amz-Credential=GOOG4E63MNGYP5VR4UILWSHQ%2F20250910%2Fap-south-1%2Fs3%2Faws4_request&X-Amz-Date=20250910T114403Z&X-Amz-Expires=604800&X-Amz-SignedHeaders=host&X-Amz-Signature=979ccf2eb610d79b02d4003472811d255477d2a00f9f96d30e6e869148304561,https://storage.googleapis.com/alleai-in/yaswanth/prog_content_testset_sampled/Jeans/vto_image_20250819_170154/reference_upscaled.jpg?X-Amz-Algorithm=AWS4-HMAC-SHA256&X-Amz-Credential=GOOG4E63MNGYP5VR4UILWSHQ%2F20250910%2Fap-south-1%2Fs3%2Faws4_request&X-Amz-Date=20250910T114403Z&X-Amz-Expires=604800&X-Amz-SignedHeaders=host&X-Amz-Signature=e90406bdcfbf23379460e3ed1a7cd5d543a97cd2993119aed93661a987e0496b,https://storage.googleapis.com/alleai-in/yaswanth/prog_content_testset_sampled/Jeans/vto_image_20250819_170154/output_text_desc_redux_switch_5_mask_V5.jpg?X-Amz-Algorithm=AWS4-HMAC-SHA256&X-Amz-Credential=GOOG4E63MNGYP5VR4UILWSHQ%2F20250910%2Fap-south-1%2Fs3%2Faws4_request&X-Amz-Date=20250910T114403Z&X-Amz-Expires=604800&X-Amz-SignedHeaders=host&X-Amz-Signature=0736cdd60e673ed4bd40777e48c0dcbc881d330a07bff502ecdffc481a5d8cb5,https://storage.googleapis.com/alleai-in/yaswanth/prog_content_testset_sampled/Jeans/vto_image_20250819_170154/output_seedream.png?X-Amz-Algorithm=AWS4-HMAC-SHA256&X-Amz-Credential=GOOG4E63MNGYP5VR4UILWSHQ%2F20250910%2Fap-south-1%2Fs3%2Faws4_request&X-Amz-Date=20250910T114403Z&X-Amz-Expires=604800&X-Amz-SignedHeaders=host&X-Amz-Signature=5b7a0382cd2cccd7e93239f5114bda82df3a9974e6535c3f0ff7a0f89eed1980,https://storage.googleapis.com/alleai-in/yaswanth/prog_content_testset_sampled/Jeans/vto_image_20250819_170154/output_seedream_upscaled_garment.png?X-Amz-Algorithm=AWS4-HMAC-SHA256&X-Amz-Credential=GOOG4E63MNGYP5VR4UILWSHQ%2F20250910%2Fap-south-1%2Fs3%2Faws4_request&X-Amz-Date=20250910T114403Z&X-Amz-Expires=604800&X-Amz-SignedHeaders=host&X-Amz-Signature=d69b08f6edf1be2eb40acc8baa34298ccb2083f10ff19c10acbe418af39a6293,"A candid indoor fashion portrait of a Caucasian woman wearing this pastel lavender and white handbag. The handbag is paired with a fitted taupe long-sleeve top, light blue high-waisted ripped jeans, and dark brown heeled boots. Hair is styled in loose waves with a half-up, half-down look. Expression is relaxed and natural, contributing to the overall vibe of the image.

The woman is facing directly toward the camera, holding the handbag casually at her side. The pose is natural, with one hand in her pocket and the other holding the handbag, standing confidently. Body language should feel relaxed and self-assured.

The setting is a chic boutique interior, with natural daylight streaming in, soft shadows, and crisp highlights. Background details include clothing racks, a woven rug, a wooden floor, and minimalistic decor. The scene is lit with natural daylight, creating warm highlights and soft backlighting.

Camera details:
- eye-level angle
- medium-full shot
- sharp focus on subject with blurred background (bokeh)
- standard portrait lens look
- centered composition

Vibe & Style:
Overall mood is chic, effortless, and modern. The image should convey individuality and a sense of contemporary street style."
Jeans,vto_image_20250811_071311,https://storage.googleapis.com/alleai-in/yaswanth/prog_content_testset_sampled/Jeans/vto_image_20250811_071311/reference.jpg?X-Amz-Algorithm=AWS4-HMAC-SHA256&X-Amz-Credential=GOOG4E63MNGYP5VR4UILWSHQ%2F20250910%2Fap-south-1%2Fs3%2Faws4_request&X-Amz-Date=20250910T114403Z&X-Amz-Expires=604800&X-Amz-SignedHeaders=host&X-Amz-Signature=e13a41df6fd97c49d59e4baf2dabf6d0ab1d6273f01f1fa0f41875a4d96a90fd,https://storage.googleapis.com/alleai-in/yaswanth/prog_content_testset_sampled/Jeans/vto_image_20250811_071311/garment.jpg?X-Amz-Algorithm=AWS4-HMAC-SHA256&X-Amz-Credential=GOOG4E63MNGYP5VR4UILWSHQ%2F20250910%2Fap-south-1%2Fs3%2Faws4_request&X-Amz-Date=20250910T114403Z&X-Amz-Expires=604800&X-Amz-SignedHeaders=host&X-Amz-Signature=001601bf83cf8fe91345aef806cd1e6d3d7bb234d69002d805aca6632591345e,https://storage.googleapis.com/alleai-in/yaswanth/prog_content_testset_sampled/Jeans/vto_image_20250811_071311/garment_cropped.jpg?X-Amz-Algorithm=AWS4-HMAC-SHA256&X-Amz-Credential=GOOG4E63MNGYP5VR4UILWSHQ%2F20250910%2Fap-south-1%2Fs3%2Faws4_request&X-Amz-Date=20250910T114403Z&X-Amz-Expires=604800&X-Amz-SignedHeaders=host&X-Amz-Signature=e9fc202338bb0491d2338c16361de868ec21081635f3afd250643f85dc79ea24,https://storage.googleapis.com/alleai-in/yaswanth/prog_content_testset_sampled/Jeans/vto_image_20250811_071311/garment_cropped_upscaled.jpg?X-Amz-Algorithm=AWS4-HMAC-SHA256&X-Amz-Credential=GOOG4E63MNGYP5VR4UILWSHQ%2F20250910%2Fap-south-1%2Fs3%2Faws4_request&X-Amz-Date=20250910T114403Z&X-Amz-Expires=604800&X-Amz-SignedHeaders=host&X-Amz-Signature=daf2beeb12a97e77c2b8dfbbdfb9fe034d608141e18945f30f66da0f95bbc27e,https://storage.googleapis.com/alleai-in/yaswanth/prog_content_testset_sampled/Jeans/vto_image_20250811_071311/reference_upscaled.jpg?X-Amz-Algorithm=AWS4-HMAC-SHA256&X-Amz-Credential=GOOG4E63MNGYP5VR4UILWSHQ%2F20250910%2Fap-south-1%2Fs3%2Faws4_request&X-Amz-Date=20250910T114403Z&X-Amz-Expires=604800&X-Amz-SignedHeaders=host&X-Amz-Signature=2acf54a3236034b632ca7f0886f3eabbcf68fa10e1eb1079a1990a774c53c5ff,https://storage.googleapis.com/alleai-in/yaswanth/prog_content_testset_sampled/Jeans/vto_image_20250811_071311/output_text_desc_redux_switch_5_mask_V5.jpg?X-Amz-Algorithm=AWS4-HMAC-SHA256&X-Amz-Credential=GOOG4E63MNGYP5VR4UILWSHQ%2F20250910%2Fap-south-1%2Fs3%2Faws4_request&X-Amz-Date=20250910T114403Z&X-Amz-Expires=604800&X-Amz-SignedHeaders=host&X-Amz-Signature=7270de3f1a7b805a6939adeec0fd12c21aaa9d5caccc436c3308721dca6b0462,https://storage.googleapis.com/alleai-in/yaswanth/prog_content_testset_sampled/Jeans/vto_image_20250811_071311/output_seedream.png?X-Amz-Algorithm=AWS4-HMAC-SHA256&X-Amz-Credential=GOOG4E63MNGYP5VR4UILWSHQ%2F20250910%2Fap-south-1%2Fs3%2Faws4_request&X-Amz-Date=20250910T114403Z&X-Amz-Expires=604800&X-Amz-SignedHeaders=host&X-Amz-Signature=2eafd2849098d395cb2576e0004e57bd64076a765d386bc8c29ed0d09fc9d213,https://storage.googleapis.com/alleai-in/yaswanth/prog_content_testset_sampled/Jeans/vto_image_20250811_071311/output_seedream_upscaled_garment.png?X-Amz-Algorithm=AWS4-HMAC-SHA256&X-Amz-Credential=GOOG4E63MNGYP5VR4UILWSHQ%2F20250910%2Fap-south-1%2Fs3%2Faws4_request&X-Amz-Date=20250910T114403Z&X-Amz-Expires=604800&X-Amz-SignedHeaders=host&X-Amz-Signature=a2173c9bf17571f80449ecef0b6001526160f629a356a1d1ad7554161c1e84cd,"A candid indoor fashion portrait of a white woman wearing these black flared pants. The black flared pants are paired with a fitted sleeveless black top, open-toe heeled sandals, and no visible accessories. Hair is styled in loose waves, parted in the middle, with a natural, effortless look. Expression is relaxed with a subtle, candid smile, contributing to the overall vibe of the image.

The woman is facing directly toward the camera. The pose is casual, with one hand in her pocket and the other holding a phone for a mirror selfie. Body language should feel relaxed and confident.

The setting is a modern, minimalistic bedroom with light-colored walls, a bed with neutral bedding, a black-framed headboard, and a decorative vase with greenery on a sculptural side table. The scene is lit with natural daylight, creating soft shadows and crisp highlights, with gentle illumination on the subject's face and outfit.

Camera details:
- eye-level angle
- medium-full shot
- sharp focus on subject with slightly blurred background (bokeh)
- standard portrait lens look
- centered composition with the subject dominating the foreground

Vibe & Style:
Overall mood is chic, effortless, and modern. The image should convey a sense of confidence, individuality, and casual elegance."
Jeans,vto_image_20250811_102818,https://storage.googleapis.com/alleai-in/yaswanth/prog_content_testset_sampled/Jeans/vto_image_20250811_102818/reference.jpg?X-Amz-Algorithm=AWS4-HMAC-SHA256&X-Amz-Credential=GOOG4E63MNGYP5VR4UILWSHQ%2F20250910%2Fap-south-1%2Fs3%2Faws4_request&X-Amz-Date=20250910T114403Z&X-Amz-Expires=604800&X-Amz-SignedHeaders=host&X-Amz-Signature=78c658893d42300ae2226a0b9a5a2fcdbf25a35697f2838677adc0af95731846,https://storage.googleapis.com/alleai-in/yaswanth/prog_content_testset_sampled/Jeans/vto_image_20250811_102818/garment.jpg?X-Amz-Algorithm=AWS4-HMAC-SHA256&X-Amz-Credential=GOOG4E63MNGYP5VR4UILWSHQ%2F20250910%2Fap-south-1%2Fs3%2Faws4_request&X-Amz-Date=20250910T114403Z&X-Amz-Expires=604800&X-Amz-SignedHeaders=host&X-Amz-Signature=0fc4babe999cd9e6106678ba2c50137fac998b92700c66de38489e5af1dd0a03,https://storage.googleapis.com/alleai-in/yaswanth/prog_content_testset_sampled/Jeans/vto_image_20250811_102818/garment_cropped.jpg?X-Amz-Algorithm=AWS4-HMAC-SHA256&X-Amz-Credential=GOOG4E63MNGYP5VR4UILWSHQ%2F20250910%2Fap-south-1%2Fs3%2Faws4_request&X-Amz-Date=20250910T114403Z&X-Amz-Expires=604800&X-Amz-SignedHeaders=host&X-Amz-Signature=11e34d61359f553ccf7f5afd00ea3e5b92dcfc5de60acfbcab20b189689f71ee,https://storage.googleapis.com/alleai-in/yaswanth/prog_content_testset_sampled/Jeans/vto_image_20250811_102818/garment_cropped_upscaled.jpg?X-Amz-Algorithm=AWS4-HMAC-SHA256&X-Amz-Credential=GOOG4E63MNGYP5VR4UILWSHQ%2F20250910%2Fap-south-1%2Fs3%2Faws4_request&X-Amz-Date=20250910T114403Z&X-Amz-Expires=604800&X-Amz-SignedHeaders=host&X-Amz-Signature=032e4bcef62a44e36a212a562e1213e0bafb268a3d277b92a4bdcd1a633efbac,https://storage.googleapis.com/alleai-in/yaswanth/prog_content_testset_sampled/Jeans/vto_image_20250811_102818/reference_upscaled.jpg?X-Amz-Algorithm=AWS4-HMAC-SHA256&X-Amz-Credential=GOOG4E63MNGYP5VR4UILWSHQ%2F20250910%2Fap-south-1%2Fs3%2Faws4_request&X-Amz-Date=20250910T114403Z&X-Amz-Expires=604800&X-Amz-SignedHeaders=host&X-Amz-Signature=dda6004ec48b30a545efc3c83dd9f192d9f9dfa5e6bf0378356cb7328d09fa3d,https://storage.googleapis.com/alleai-in/yaswanth/prog_content_testset_sampled/Jeans/vto_image_20250811_102818/output_text_desc_redux_switch_5_mask_V5.jpg?X-Amz-Algorithm=AWS4-HMAC-SHA256&X-Amz-Credential=GOOG4E63MNGYP5VR4UILWSHQ%2F20250910%2Fap-south-1%2Fs3%2Faws4_request&X-Amz-Date=20250910T114403Z&X-Amz-Expires=604800&X-Amz-SignedHeaders=host&X-Amz-Signature=5c0135f4b4d59562c2235f5dc1235af14ee439ea820f7295172f7129717a1c08,https://storage.googleapis.com/alleai-in/yaswanth/prog_content_testset_sampled/Jeans/vto_image_20250811_102818/output_seedream.png?X-Amz-Algorithm=AWS4-HMAC-SHA256&X-Amz-Credential=GOOG4E63MNGYP5VR4UILWSHQ%2F20250910%2Fap-south-1%2Fs3%2Faws4_request&X-Amz-Date=20250910T114403Z&X-Amz-Expires=604800&X-Amz-SignedHeaders=host&X-Amz-Signature=2050839e384757a1f4f1a9a2a275ba00c789646a7526bf4353a1a93923907b09,https://storage.googleapis.com/alleai-in/yaswanth/prog_content_testset_sampled/Jeans/vto_image_20250811_102818/output_seedream_upscaled_garment.png?X-Amz-Algorithm=AWS4-HMAC-SHA256&X-Amz-Credential=GOOG4E63MNGYP5VR4UILWSHQ%2F20250910%2Fap-south-1%2Fs3%2Faws4_request&X-Amz-Date=20250910T114403Z&X-Amz-Expires=604800&X-Amz-SignedHeaders=host&X-Amz-Signature=b89a24aedfaa2b7607838ddd9df2c463c455852637dfade10cfc2b6d6becd5ea,"A candid indoor fashion portrait of a South Asian woman wearing these vibrant blue cargo jeans. The cargo jeans are paired with a fitted black short-sleeve mock neck top, and no footwear or visible accessories. Hair is styled in loose, natural waves. Expression is relaxed and neutral, contributing to the overall vibe of the image.

The woman is facing directly toward the camera. The pose is casual, with one arm relaxed at her side and the other slightly bent, standing naturally. Body language should feel confident and composed.

The setting is a modern indoor space, with a white paneled door, glass shower, and light wood flooring. Lighting is natural daylight, creating soft shadows and gentle highlights. Background details include a framed picture on the wall, a silver door handle, and a glass shower door. The scene is lit with natural daylight, producing subtle, even illumination and soft, realistic shadows.

Camera details:
- eye-level angle
- medium-full shot
- sharp focus on subject with slightly blurred background
- standard portrait lens look
- centered composition with the subject dominating the foreground

Vibe & Style:
Overall mood is modern, effortless, and casual. The image should convey a sense of confidence and everyday style."
Jeans,vto_image_20250827_075255,https://storage.googleapis.com/alleai-in/yaswanth/prog_content_testset_sampled/Jeans/vto_image_20250827_075255/reference.jpg?X-Amz-Algorithm=AWS4-HMAC-SHA256&X-Amz-Credential=GOOG4E63MNGYP5VR4UILWSHQ%2F20250910%2Fap-south-1%2Fs3%2Faws4_request&X-Amz-Date=20250910T114403Z&X-Amz-Expires=604800&X-Amz-SignedHeaders=host&X-Amz-Signature=302e770294314700c2b4ffa0290fd185200d475c45d0cc077fe1fbe3a7228106,https://storage.googleapis.com/alleai-in/yaswanth/prog_content_testset_sampled/Jeans/vto_image_20250827_075255/garment.jpg?X-Amz-Algorithm=AWS4-HMAC-SHA256&X-Amz-Credential=GOOG4E63MNGYP5VR4UILWSHQ%2F20250910%2Fap-south-1%2Fs3%2Faws4_request&X-Amz-Date=20250910T114403Z&X-Amz-Expires=604800&X-Amz-SignedHeaders=host&X-Amz-Signature=6b0dabeeb53a304bb9e594a35555f33c6486ed1dc47b44bc3c89a50a47023f2c,https://storage.googleapis.com/alleai-in/yaswanth/prog_content_testset_sampled/Jeans/vto_image_20250827_075255/garment_cropped.jpg?X-Amz-Algorithm=AWS4-HMAC-SHA256&X-Amz-Credential=GOOG4E63MNGYP5VR4UILWSHQ%2F20250910%2Fap-south-1%2Fs3%2Faws4_request&X-Amz-Date=20250910T114403Z&X-Amz-Expires=604800&X-Amz-SignedHeaders=host&X-Amz-Signature=a5517a0903a9763d786ed7b55228cd028c0d6130b97a0ee670a7cb5e65b55306,https://storage.googleapis.com/alleai-in/yaswanth/prog_content_testset_sampled/Jeans/vto_image_20250827_075255/garment_cropped_upscaled.jpg?X-Amz-Algorithm=AWS4-HMAC-SHA256&X-Amz-Credential=GOOG4E63MNGYP5VR4UILWSHQ%2F20250910%2Fap-south-1%2Fs3%2Faws4_request&X-Amz-Date=20250910T114403Z&X-Amz-Expires=604800&X-Amz-SignedHeaders=host&X-Amz-Signature=caf25932b4fc4a8d229fa6f51bfbfaaf1fcc50e48b001cd8805b5c958a6f31d9,https://storage.googleapis.com/alleai-in/yaswanth/prog_content_testset_sampled/Jeans/vto_image_20250827_075255/reference_upscaled.jpg?X-Amz-Algorithm=AWS4-HMAC-SHA256&X-Amz-Credential=GOOG4E63MNGYP5VR4UILWSHQ%2F20250910%2Fap-south-1%2Fs3%2Faws4_request&X-Amz-Date=20250910T114403Z&X-Amz-Expires=604800&X-Amz-SignedHeaders=host&X-Amz-Signature=5c43f4017f9ae67e5db0f2cea31d4541455270a07e9221a57a3daeda86e9b7e2,https://storage.googleapis.com/alleai-in/yaswanth/prog_content_testset_sampled/Jeans/vto_image_20250827_075255/output_text_desc_redux_switch_5_mask_V5.jpg?X-Amz-Algorithm=AWS4-HMAC-SHA256&X-Amz-Credential=GOOG4E63MNGYP5VR4UILWSHQ%2F20250910%2Fap-south-1%2Fs3%2Faws4_request&X-Amz-Date=20250910T114403Z&X-Amz-Expires=604800&X-Amz-SignedHeaders=host&X-Amz-Signature=6a3439b8b7af667d9bb8f3cc9d6bbc1eb1bd4283fde50f9b89898fe8ef67a6ab,https://storage.googleapis.com/alleai-in/yaswanth/prog_content_testset_sampled/Jeans/vto_image_20250827_075255/output_seedream.png?X-Amz-Algorithm=AWS4-HMAC-SHA256&X-Amz-Credential=GOOG4E63MNGYP5VR4UILWSHQ%2F20250910%2Fap-south-1%2Fs3%2Faws4_request&X-Amz-Date=20250910T114403Z&X-Amz-Expires=604800&X-Amz-SignedHeaders=host&X-Amz-Signature=50da8a0068beea2da3c62045aa95adc7f1f3a839ba34658555287885fc00b830,https://storage.googleapis.com/alleai-in/yaswanth/prog_content_testset_sampled/Jeans/vto_image_20250827_075255/output_seedream_upscaled_garment.png?X-Amz-Algorithm=AWS4-HMAC-SHA256&X-Amz-Credential=GOOG4E63MNGYP5VR4UILWSHQ%2F20250910%2Fap-south-1%2Fs3%2Faws4_request&X-Amz-Date=20250910T114403Z&X-Amz-Expires=604800&X-Amz-SignedHeaders=host&X-Amz-Signature=9cb1585387dfca5a1d6df17361289b863b0b9af0c5ba42f8b86db7f05ac10778,"A candid outdoor fashion portrait of a white woman wearing these black skinny jeans. The black skinny jeans are paired with a sleeveless white padded-shoulder top, black pointed-toe ankle boots, a black quilted handbag, and gold jewelry including a chain necklace and bracelet. Hair is styled in a sleek, low bun with a hair clip. Expression is relaxed and confident, contributing to the overall chic vibe of the image.

The woman is facing slightly turned in a ¾ profile, with her body angled away from the camera but her face visible. The pose is natural, standing on a cobblestone street with one hand holding the handbag and the other relaxed by her side. Body language should feel poised and self-assured.

The setting is an urban street with elegant stone buildings and large arched windows in the background, with natural daylight creating soft shadows and crisp highlights. Background details include architectural textures, window reflections, and some greenery. The scene is lit with natural daylight, producing warm highlights and subtle contrast between the subject and the background.

Camera details:
- eye-level angle
- medium-full shot
- sharp focus on subject with blurred background (bokeh)
- standard portrait lens look
- off-centered composition with the subject dominating the foreground, using dynamic vertical lines from the architecture

Vibe & Style:
Overall mood is chic, effortless, and modern. The image should convey empowerment and street cool, with a touch of urban sophistication."
Jeans,vto_image_20250826_044352,https://storage.googleapis.com/alleai-in/yaswanth/prog_content_testset_sampled/Jeans/vto_image_20250826_044352/reference.jpg?X-Amz-Algorithm=AWS4-HMAC-SHA256&X-Amz-Credential=GOOG4E63MNGYP5VR4UILWSHQ%2F20250910%2Fap-south-1%2Fs3%2Faws4_request&X-Amz-Date=20250910T114403Z&X-Amz-Expires=604800&X-Amz-SignedHeaders=host&X-Amz-Signature=9ce9eddb9ec69ff1f6d5ba8db6094a9b9c4ae524bc3f0cbe8ca0d59867456d04,https://storage.googleapis.com/alleai-in/yaswanth/prog_content_testset_sampled/Jeans/vto_image_20250826_044352/garment.jpg?X-Amz-Algorithm=AWS4-HMAC-SHA256&X-Amz-Credential=GOOG4E63MNGYP5VR4UILWSHQ%2F20250910%2Fap-south-1%2Fs3%2Faws4_request&X-Amz-Date=20250910T114403Z&X-Amz-Expires=604800&X-Amz-SignedHeaders=host&X-Amz-Signature=44ca20754422bc14b8b62e8502a5b28a77c625458241b497d7e4d3ab55e54583,https://storage.googleapis.com/alleai-in/yaswanth/prog_content_testset_sampled/Jeans/vto_image_20250826_044352/garment_cropped.jpg?X-Amz-Algorithm=AWS4-HMAC-SHA256&X-Amz-Credential=GOOG4E63MNGYP5VR4UILWSHQ%2F20250910%2Fap-south-1%2Fs3%2Faws4_request&X-Amz-Date=20250910T114403Z&X-Amz-Expires=604800&X-Amz-SignedHeaders=host&X-Amz-Signature=6d17546238bcf857cf1f3cd3a1df4d2b8383c3f360f694d1b96a82e40af2a501,https://storage.googleapis.com/alleai-in/yaswanth/prog_content_testset_sampled/Jeans/vto_image_20250826_044352/garment_cropped_upscaled.jpg?X-Amz-Algorithm=AWS4-HMAC-SHA256&X-Amz-Credential=GOOG4E63MNGYP5VR4UILWSHQ%2F20250910%2Fap-south-1%2Fs3%2Faws4_request&X-Amz-Date=20250910T114403Z&X-Amz-Expires=604800&X-Amz-SignedHeaders=host&X-Amz-Signature=a57375565cd0e07161674ce6baa939d72369d5b0d448eeb33db61cd3619be363,https://storage.googleapis.com/alleai-in/yaswanth/prog_content_testset_sampled/Jeans/vto_image_20250826_044352/reference_upscaled.jpg?X-Amz-Algorithm=AWS4-HMAC-SHA256&X-Amz-Credential=GOOG4E63MNGYP5VR4UILWSHQ%2F20250910%2Fap-south-1%2Fs3%2Faws4_request&X-Amz-Date=20250910T114403Z&X-Amz-Expires=604800&X-Amz-SignedHeaders=host&X-Amz-Signature=f60570253a74e32e0302c0b70cf2a089bfb99b71e1a7b5da3af8e88734d679d5,https://storage.googleapis.com/alleai-in/yaswanth/prog_content_testset_sampled/Jeans/vto_image_20250826_044352/output_text_desc_redux_switch_5_mask_V5.jpg?X-Amz-Algorithm=AWS4-HMAC-SHA256&X-Amz-Credential=GOOG4E63MNGYP5VR4UILWSHQ%2F20250910%2Fap-south-1%2Fs3%2Faws4_request&X-Amz-Date=20250910T114403Z&X-Amz-Expires=604800&X-Amz-SignedHeaders=host&X-Amz-Signature=9a072e0f11a0b03ced0f1ad6facfb2f0cf6a56b5944eb1c5b893fe6e8b45c268,https://storage.googleapis.com/alleai-in/yaswanth/prog_content_testset_sampled/Jeans/vto_image_20250826_044352/output_seedream.png?X-Amz-Algorithm=AWS4-HMAC-SHA256&X-Amz-Credential=GOOG4E63MNGYP5VR4UILWSHQ%2F20250910%2Fap-south-1%2Fs3%2Faws4_request&X-Amz-Date=20250910T114403Z&X-Amz-Expires=604800&X-Amz-SignedHeaders=host&X-Amz-Signature=802be9a5dd4fd22f58d88838078db0b1964f93ca9c4ab4b917de3ed3f60694e9,https://storage.googleapis.com/alleai-in/yaswanth/prog_content_testset_sampled/Jeans/vto_image_20250826_044352/output_seedream_upscaled_garment.png?X-Amz-Algorithm=AWS4-HMAC-SHA256&X-Amz-Credential=GOOG4E63MNGYP5VR4UILWSHQ%2F20250910%2Fap-south-1%2Fs3%2Faws4_request&X-Amz-Date=20250910T114403Z&X-Amz-Expires=604800&X-Amz-SignedHeaders=host&X-Amz-Signature=911ad32bf5662bcb1cbe2cc7609cdbdd9b51405e3d419946a0708c5c18472c38,"A candid indoor fashion portrait of a white woman wearing this textured white one-shoulder top. The top is paired with a black tailored blazer, light blue high-waisted cargo jeans with a utility pocket, a black designer belt with a gold buckle, and accessorized with a chunky gold chain necklace, small hoop earrings, a black structured handbag, and a gold bracelet. Hair is styled in a loose, low ponytail with soft curls. Expression is relaxed and confident, contributing to the overall chic vibe of the image.

The woman is facing slightly turned in a ¾ profile, with her body angled and one hand in her pocket, the other holding the handbag. The pose is casually leaning against a white paneled wall, exuding relaxed and poised body language.

The setting is an elegant indoor space with white paneled walls and a polished wooden floor, with natural daylight streaming in, creating soft shadows and crisp highlights. Background details include classic wall molding and subtle textures. The scene is lit with natural daylight, producing gentle, warm highlights and subtle contrast between the subject and the background.

Camera details:
- eye-level angle
- medium-full shot
- sharp focus on subject with softly blurred background (bokeh)
- standard portrait lens look
- off-centered composition with the subject dominating the foreground, using subtle diagonal lines from the pose

Vibe & Style:
Overall mood is chic, modern, and effortless. The image should convey empowerment and individuality with a touch of editorial sophistication."
Jeans,vto_image_20250811_082538,https://storage.googleapis.com/alleai-in/yaswanth/prog_content_testset_sampled/Jeans/vto_image_20250811_082538/reference.jpg?X-Amz-Algorithm=AWS4-HMAC-SHA256&X-Amz-Credential=GOOG4E63MNGYP5VR4UILWSHQ%2F20250910%2Fap-south-1%2Fs3%2Faws4_request&X-Amz-Date=20250910T114403Z&X-Amz-Expires=604800&X-Amz-SignedHeaders=host&X-Amz-Signature=dba6bb440777c5628c5ed8116a3a0297d9ba213733b8c5db1f9c44d92d6ae7a9,https://storage.googleapis.com/alleai-in/yaswanth/prog_content_testset_sampled/Jeans/vto_image_20250811_082538/garment.jpg?X-Amz-Algorithm=AWS4-HMAC-SHA256&X-Amz-Credential=GOOG4E63MNGYP5VR4UILWSHQ%2F20250910%2Fap-south-1%2Fs3%2Faws4_request&X-Amz-Date=20250910T114403Z&X-Amz-Expires=604800&X-Amz-SignedHeaders=host&X-Amz-Signature=47d4ed1c2e9068a7befd86bcce45997f54b985010fd82c1317a4b501030b2c10,https://storage.googleapis.com/alleai-in/yaswanth/prog_content_testset_sampled/Jeans/vto_image_20250811_082538/garment_cropped.jpg?X-Amz-Algorithm=AWS4-HMAC-SHA256&X-Amz-Credential=GOOG4E63MNGYP5VR4UILWSHQ%2F20250910%2Fap-south-1%2Fs3%2Faws4_request&X-Amz-Date=20250910T114403Z&X-Amz-Expires=604800&X-Amz-SignedHeaders=host&X-Amz-Signature=ac0101234c34bae34711066f9602d3556cdc12f15b0b7e471e19d5a4d55a7e4e,https://storage.googleapis.com/alleai-in/yaswanth/prog_content_testset_sampled/Jeans/vto_image_20250811_082538/garment_cropped_upscaled.jpg?X-Amz-Algorithm=AWS4-HMAC-SHA256&X-Amz-Credential=GOOG4E63MNGYP5VR4UILWSHQ%2F20250910%2Fap-south-1%2Fs3%2Faws4_request&X-Amz-Date=20250910T114403Z&X-Amz-Expires=604800&X-Amz-SignedHeaders=host&X-Amz-Signature=52e0d37ce7ed3aa88d7606caf4f61b70bb29b00899abe26d38b70b9f0b03cbbe,https://storage.googleapis.com/alleai-in/yaswanth/prog_content_testset_sampled/Jeans/vto_image_20250811_082538/reference_upscaled.jpg?X-Amz-Algorithm=AWS4-HMAC-SHA256&X-Amz-Credential=GOOG4E63MNGYP5VR4UILWSHQ%2F20250910%2Fap-south-1%2Fs3%2Faws4_request&X-Amz-Date=20250910T114403Z&X-Amz-Expires=604800&X-Amz-SignedHeaders=host&X-Amz-Signature=2364ed1aaa3a821cb230e4e47adffb75cc2d0296d55c8609b56ed373cfe077bd,https://storage.googleapis.com/alleai-in/yaswanth/prog_content_testset_sampled/Jeans/vto_image_20250811_082538/output_text_desc_redux_switch_5_mask_V5.jpg?X-Amz-Algorithm=AWS4-HMAC-SHA256&X-Amz-Credential=GOOG4E63MNGYP5VR4UILWSHQ%2F20250910%2Fap-south-1%2Fs3%2Faws4_request&X-Amz-Date=20250910T114403Z&X-Amz-Expires=604800&X-Amz-SignedHeaders=host&X-Amz-Signature=ffe950ca8fd773ad80cc8d54cf449e91fb04b89e68cb9e4d0d3f58c5a890cc4d,https://storage.googleapis.com/alleai-in/yaswanth/prog_content_testset_sampled/Jeans/vto_image_20250811_082538/output_seedream.png?X-Amz-Algorithm=AWS4-HMAC-SHA256&X-Amz-Credential=GOOG4E63MNGYP5VR4UILWSHQ%2F20250910%2Fap-south-1%2Fs3%2Faws4_request&X-Amz-Date=20250910T114403Z&X-Amz-Expires=604800&X-Amz-SignedHeaders=host&X-Amz-Signature=9614052809a59b5eee63706c58b68eec0b838ec33011427332f304aebf5c28a5,https://storage.googleapis.com/alleai-in/yaswanth/prog_content_testset_sampled/Jeans/vto_image_20250811_082538/output_seedream_upscaled_garment.png?X-Amz-Algorithm=AWS4-HMAC-SHA256&X-Amz-Credential=GOOG4E63MNGYP5VR4UILWSHQ%2F20250910%2Fap-south-1%2Fs3%2Faws4_request&X-Amz-Date=20250910T114403Z&X-Amz-Expires=604800&X-Amz-SignedHeaders=host&X-Amz-Signature=ae025772db3f827a2e1bfad449066e51a784650a0d489c85180f46720a3acf1a,"A candid outdoor fashion portrait of an East Asian woman wearing these medium-wash blue cargo jeans. The cargo jeans are paired with a black strappy bralette top, chunky off-white sneakers, and accessorized with layered silver necklaces and long black gloves. Hair is styled in loose waves, and her expression is relaxed with a subtle, candid smile, contributing to the overall vibe of the image.

The woman is facing slightly turned ¾ profile toward the camera. The pose is casually leaning with one arm raised above her head, creating a dynamic and confident stance. Body language should feel relaxed and effortlessly cool.

The setting is an urban rooftop with industrial air conditioning units and a weathered concrete surface, under a bright blue sky with scattered clouds. Lighting is natural daylight, casting crisp highlights and soft shadows. Background details include industrial equipment, exposed wires, and textured concrete, enhancing the gritty urban atmosphere. The scene is lit with strong natural daylight, creating warm highlights and dramatic shadows on the subject and surroundings.

Camera details:
- eye-level angle
- medium-full shot
- sharp focus on subject with blurred background (bokeh)
- standard portrait lens look
- off-centered composition with the subject dominating the foreground, some dynamic diagonal lines from the rooftop elements

Vibe & Style:
Overall mood is chic, bold, and editorial with a touch of urban rebellion. The image should convey empowerment, individuality, and street cool."
Jeans,vto_image_20250826_143328,https://storage.googleapis.com/alleai-in/yaswanth/prog_content_testset_sampled/Jeans/vto_image_20250826_143328/reference.jpg?X-Amz-Algorithm=AWS4-HMAC-SHA256&X-Amz-Credential=GOOG4E63MNGYP5VR4UILWSHQ%2F20250910%2Fap-south-1%2Fs3%2Faws4_request&X-Amz-Date=20250910T114403Z&X-Amz-Expires=604800&X-Amz-SignedHeaders=host&X-Amz-Signature=cb2f75e0a65cc1558e2351d8e6778d97c77f462c2795d84a942427381fe7e557,https://storage.googleapis.com/alleai-in/yaswanth/prog_content_testset_sampled/Jeans/vto_image_20250826_143328/garment.jpg?X-Amz-Algorithm=AWS4-HMAC-SHA256&X-Amz-Credential=GOOG4E63MNGYP5VR4UILWSHQ%2F20250910%2Fap-south-1%2Fs3%2Faws4_request&X-Amz-Date=20250910T114403Z&X-Amz-Expires=604800&X-Amz-SignedHeaders=host&X-Amz-Signature=5bec18b74d730cf0807593cd0dcd250440b5f70877423daf034a17b56a94effa,https://storage.googleapis.com/alleai-in/yaswanth/prog_content_testset_sampled/Jeans/vto_image_20250826_143328/garment_cropped.jpg?X-Amz-Algorithm=AWS4-HMAC-SHA256&X-Amz-Credential=GOOG4E63MNGYP5VR4UILWSHQ%2F20250910%2Fap-south-1%2Fs3%2Faws4_request&X-Amz-Date=20250910T114403Z&X-Amz-Expires=604800&X-Amz-SignedHeaders=host&X-Amz-Signature=142e381a907f717d82d0c0d25217262200a02b4f03365c0d5a9681cf5a663126,https://storage.googleapis.com/alleai-in/yaswanth/prog_content_testset_sampled/Jeans/vto_image_20250826_143328/garment_cropped_upscaled.jpg?X-Amz-Algorithm=AWS4-HMAC-SHA256&X-Amz-Credential=GOOG4E63MNGYP5VR4UILWSHQ%2F20250910%2Fap-south-1%2Fs3%2Faws4_request&X-Amz-Date=20250910T114403Z&X-Amz-Expires=604800&X-Amz-SignedHeaders=host&X-Amz-Signature=1681622bd8bef98a2a1474dd849b2da44699329ef82cda723ea692f25e87fac0,https://storage.googleapis.com/alleai-in/yaswanth/prog_content_testset_sampled/Jeans/vto_image_20250826_143328/reference_upscaled.jpg?X-Amz-Algorithm=AWS4-HMAC-SHA256&X-Amz-Credential=GOOG4E63MNGYP5VR4UILWSHQ%2F20250910%2Fap-south-1%2Fs3%2Faws4_request&X-Amz-Date=20250910T114403Z&X-Amz-Expires=604800&X-Amz-SignedHeaders=host&X-Amz-Signature=6418a867e01463846a985ee36a038b7dbde79c963b3dd9d067e9ab83edc2a025,https://storage.googleapis.com/alleai-in/yaswanth/prog_content_testset_sampled/Jeans/vto_image_20250826_143328/output_text_desc_redux_switch_5_mask_V5.jpg?X-Amz-Algorithm=AWS4-HMAC-SHA256&X-Amz-Credential=GOOG4E63MNGYP5VR4UILWSHQ%2F20250910%2Fap-south-1%2Fs3%2Faws4_request&X-Amz-Date=20250910T114403Z&X-Amz-Expires=604800&X-Amz-SignedHeaders=host&X-Amz-Signature=aeddeffddd743c20ac7926f4235cf2236dce92f777e71f05b307528baa8d2ea0,https://storage.googleapis.com/alleai-in/yaswanth/prog_content_testset_sampled/Jeans/vto_image_20250826_143328/output_seedream.png?X-Amz-Algorithm=AWS4-HMAC-SHA256&X-Amz-Credential=GOOG4E63MNGYP5VR4UILWSHQ%2F20250910%2Fap-south-1%2Fs3%2Faws4_request&X-Amz-Date=20250910T114403Z&X-Amz-Expires=604800&X-Amz-SignedHeaders=host&X-Amz-Signature=2351cdeea30ae0c8e7a4ac486742e404c7c4c57d25e7e81b352263d670edbf2d,https://storage.googleapis.com/alleai-in/yaswanth/prog_content_testset_sampled/Jeans/vto_image_20250826_143328/output_seedream_upscaled_garment.png?X-Amz-Algorithm=AWS4-HMAC-SHA256&X-Amz-Credential=GOOG4E63MNGYP5VR4UILWSHQ%2F20250910%2Fap-south-1%2Fs3%2Faws4_request&X-Amz-Date=20250910T114403Z&X-Amz-Expires=604800&X-Amz-SignedHeaders=host&X-Amz-Signature=e6f03848e6501c0db730d04f7d270039bcc91bda482a95321ee877e54a8b2c65,"A candid indoor fashion portrait of a woman of ambiguous ethnicity wearing these blue washed jeans. The jeans are paired with a crisp white short-sleeve t-shirt, a vibrant red knit vest, a patterned maroon tie worn as a belt, black square-toe shoes, and accessorized with chunky gold jewelry including bangles, statement rings, and a bold chain necklace with a green pendant. She carries a brown monogram shoulder bag and holds a rolled fashion magazine. Hair is styled in loose waves. Expression is relaxed and confident, contributing to the overall chic vibe of the image.

The woman is facing slightly turned in a ¾ profile toward the camera. The pose is casually leaning against a curved counter, one hand holding a coffee glass, the other arm resting with the magazine. Body language should feel effortless and self-assured.

The setting is a modern, minimalist café interior with neutral-toned walls, a curved bar counter, and subtle background details like a water bottle, soft lighting fixtures, and blurred furniture. The scene is lit with natural daylight streaming in from the side, creating soft shadows and gentle highlights on the subject and surroundings.

Camera details:
- eye-level angle
- medium-full shot
- sharp focus on subject with a softly blurred background (bokeh)
- standard portrait lens look
- composition is off-centered, with the subject dominating the foreground and dynamic diagonal lines from the counter.

Vibe & Style:
Overall mood is chic, modern, and editorial. The image should convey a sense of individuality, effortless style, and urban sophistication."
Jeans,vto_image_20250818_140120,https://storage.googleapis.com/alleai-in/yaswanth/prog_content_testset_sampled/Jeans/vto_image_20250818_140120/reference.jpg?X-Amz-Algorithm=AWS4-HMAC-SHA256&X-Amz-Credential=GOOG4E63MNGYP5VR4UILWSHQ%2F20250910%2Fap-south-1%2Fs3%2Faws4_request&X-Amz-Date=20250910T114403Z&X-Amz-Expires=604800&X-Amz-SignedHeaders=host&X-Amz-Signature=300787af66c27fa2aede7982f1044827fc6c40d24fe0db40bff3184c82f25ce1,https://storage.googleapis.com/alleai-in/yaswanth/prog_content_testset_sampled/Jeans/vto_image_20250818_140120/garment.jpg?X-Amz-Algorithm=AWS4-HMAC-SHA256&X-Amz-Credential=GOOG4E63MNGYP5VR4UILWSHQ%2F20250910%2Fap-south-1%2Fs3%2Faws4_request&X-Amz-Date=20250910T114403Z&X-Amz-Expires=604800&X-Amz-SignedHeaders=host&X-Amz-Signature=da5f9c254d35e448917f92a8c2e032215d1547e1709ac581a4b2b7ab44a2b29d,https://storage.googleapis.com/alleai-in/yaswanth/prog_content_testset_sampled/Jeans/vto_image_20250818_140120/garment_cropped.jpg?X-Amz-Algorithm=AWS4-HMAC-SHA256&X-Amz-Credential=GOOG4E63MNGYP5VR4UILWSHQ%2F20250910%2Fap-south-1%2Fs3%2Faws4_request&X-Amz-Date=20250910T114403Z&X-Amz-Expires=604800&X-Amz-SignedHeaders=host&X-Amz-Signature=28cbec537f44a6504925dabfea999562c77a6a95cc0270d1546d434021e46277,https://storage.googleapis.com/alleai-in/yaswanth/prog_content_testset_sampled/Jeans/vto_image_20250818_140120/garment_cropped_upscaled.jpg?X-Amz-Algorithm=AWS4-HMAC-SHA256&X-Amz-Credential=GOOG4E63MNGYP5VR4UILWSHQ%2F20250910%2Fap-south-1%2Fs3%2Faws4_request&X-Amz-Date=20250910T114403Z&X-Amz-Expires=604800&X-Amz-SignedHeaders=host&X-Amz-Signature=b4718c54f7e2ba55612dcfb40e8543276840195534097654d0de21bae024b7bc,https://storage.googleapis.com/alleai-in/yaswanth/prog_content_testset_sampled/Jeans/vto_image_20250818_140120/reference_upscaled.jpg?X-Amz-Algorithm=AWS4-HMAC-SHA256&X-Amz-Credential=GOOG4E63MNGYP5VR4UILWSHQ%2F20250910%2Fap-south-1%2Fs3%2Faws4_request&X-Amz-Date=20250910T114403Z&X-Amz-Expires=604800&X-Amz-SignedHeaders=host&X-Amz-Signature=1a10cec64af0fe8533881d810ae9f8563dd1555e4a329a8056e503fc37795764,https://storage.googleapis.com/alleai-in/yaswanth/prog_content_testset_sampled/Jeans/vto_image_20250818_140120/output_text_desc_redux_switch_5_mask_V5.jpg?X-Amz-Algorithm=AWS4-HMAC-SHA256&X-Amz-Credential=GOOG4E63MNGYP5VR4UILWSHQ%2F20250910%2Fap-south-1%2Fs3%2Faws4_request&X-Amz-Date=20250910T114403Z&X-Amz-Expires=604800&X-Amz-SignedHeaders=host&X-Amz-Signature=cd69ee5b97649f8a0f8664b1d332a9f7dff5f80a8a802e64038767024cb08f7d,https://storage.googleapis.com/alleai-in/yaswanth/prog_content_testset_sampled/Jeans/vto_image_20250818_140120/output_seedream.png?X-Amz-Algorithm=AWS4-HMAC-SHA256&X-Amz-Credential=GOOG4E63MNGYP5VR4UILWSHQ%2F20250910%2Fap-south-1%2Fs3%2Faws4_request&X-Amz-Date=20250910T114403Z&X-Amz-Expires=604800&X-Amz-SignedHeaders=host&X-Amz-Signature=f4e02527bbc7932c9ba59a2d3beac0fa22ce81c7dc224cdb114a967513f47cb3,https://storage.googleapis.com/alleai-in/yaswanth/prog_content_testset_sampled/Jeans/vto_image_20250818_140120/output_seedream_upscaled_garment.png?X-Amz-Algorithm=AWS4-HMAC-SHA256&X-Amz-Credential=GOOG4E63MNGYP5VR4UILWSHQ%2F20250910%2Fap-south-1%2Fs3%2Faws4_request&X-Amz-Date=20250910T114403Z&X-Amz-Expires=604800&X-Amz-SignedHeaders=host&X-Amz-Signature=4de07b3266dd8062ddea633c1b3719e4996983a3aa359b662730ef9f8a09eec1,"A candid outdoor fashion portrait of a Black woman wearing these black wide-leg jeans. The black wide-leg jeans are paired with a fitted black corset top, chunky white and black sneakers, and accessorized with oversized black sunglasses, large hoop earrings, layered silver necklaces, and a small black handbag with a pink braided handle. Hair is styled in long, pastel pink braids, cascading over one shoulder. Expression is confident and relaxed, contributing to the overall vibe of the image.

The woman is facing directly toward the camera. The pose is casual and assertive, with one hand holding the handbag at her side and the other resting on her chest. Body language should feel bold, self-assured, and effortlessly cool.

The setting is an urban street with a gray industrial door and concrete sidewalk, featuring subtle urban textures in the background. The scene is lit with natural daylight, creating crisp highlights and soft shadows that accentuate the outfit and accessories. The light creates a subtle rim glow on her hair and a high contrast between the subject and the muted background.

Camera details:
- eye-level angle
- medium-full shot
- sharp focus on subject with slightly blurred background (bokeh)
- standard portrait lens look
- centered composition with the subject dominating the foreground

Vibe & Style:
Overall mood is chic, modern, and editorial. The image should convey empowerment, individuality, and street cool."
Jeans,vto_image_20250815_070714,https://storage.googleapis.com/alleai-in/yaswanth/prog_content_testset_sampled/Jeans/vto_image_20250815_070714/reference.jpg?X-Amz-Algorithm=AWS4-HMAC-SHA256&X-Amz-Credential=GOOG4E63MNGYP5VR4UILWSHQ%2F20250910%2Fap-south-1%2Fs3%2Faws4_request&X-Amz-Date=20250910T114403Z&X-Amz-Expires=604800&X-Amz-SignedHeaders=host&X-Amz-Signature=2b6d1b78753064a14a6b8027817cfb78163a660c9ac56b229534536eef4b46a3,https://storage.googleapis.com/alleai-in/yaswanth/prog_content_testset_sampled/Jeans/vto_image_20250815_070714/garment.jpg?X-Amz-Algorithm=AWS4-HMAC-SHA256&X-Amz-Credential=GOOG4E63MNGYP5VR4UILWSHQ%2F20250910%2Fap-south-1%2Fs3%2Faws4_request&X-Amz-Date=20250910T114403Z&X-Amz-Expires=604800&X-Amz-SignedHeaders=host&X-Amz-Signature=c5ad9d6b425dffbc28f99465c608cc2d4286ec0df632158f2d91c6e0663d299c,https://storage.googleapis.com/alleai-in/yaswanth/prog_content_testset_sampled/Jeans/vto_image_20250815_070714/garment_cropped.jpg?X-Amz-Algorithm=AWS4-HMAC-SHA256&X-Amz-Credential=GOOG4E63MNGYP5VR4UILWSHQ%2F20250910%2Fap-south-1%2Fs3%2Faws4_request&X-Amz-Date=20250910T114403Z&X-Amz-Expires=604800&X-Amz-SignedHeaders=host&X-Amz-Signature=0e71c6593b524cbf8321501078f645ea5839d67636e0093f268a4d0871f851b1,https://storage.googleapis.com/alleai-in/yaswanth/prog_content_testset_sampled/Jeans/vto_image_20250815_070714/garment_cropped_upscaled.jpg?X-Amz-Algorithm=AWS4-HMAC-SHA256&X-Amz-Credential=GOOG4E63MNGYP5VR4UILWSHQ%2F20250910%2Fap-south-1%2Fs3%2Faws4_request&X-Amz-Date=20250910T114403Z&X-Amz-Expires=604800&X-Amz-SignedHeaders=host&X-Amz-Signature=7e8528fdc063893898f33c58d9973706893087c53919e5f0714585ea8d57f2fa,https://storage.googleapis.com/alleai-in/yaswanth/prog_content_testset_sampled/Jeans/vto_image_20250815_070714/reference_upscaled.jpg?X-Amz-Algorithm=AWS4-HMAC-SHA256&X-Amz-Credential=GOOG4E63MNGYP5VR4UILWSHQ%2F20250910%2Fap-south-1%2Fs3%2Faws4_request&X-Amz-Date=20250910T114403Z&X-Amz-Expires=604800&X-Amz-SignedHeaders=host&X-Amz-Signature=e8e376641a41686bcb0ce3a4ef0df9469ecc9afd5399d7d2019ff9a3ba4b6079,https://storage.googleapis.com/alleai-in/yaswanth/prog_content_testset_sampled/Jeans/vto_image_20250815_070714/output_text_desc_redux_switch_5_mask_V5.jpg?X-Amz-Algorithm=AWS4-HMAC-SHA256&X-Amz-Credential=GOOG4E63MNGYP5VR4UILWSHQ%2F20250910%2Fap-south-1%2Fs3%2Faws4_request&X-Amz-Date=20250910T114403Z&X-Amz-Expires=604800&X-Amz-SignedHeaders=host&X-Amz-Signature=bce4593ca694490565736392cc178edd2543dedfe5fab3a98546b49cc305230e,https://storage.googleapis.com/alleai-in/yaswanth/prog_content_testset_sampled/Jeans/vto_image_20250815_070714/output_seedream.png?X-Amz-Algorithm=AWS4-HMAC-SHA256&X-Amz-Credential=GOOG4E63MNGYP5VR4UILWSHQ%2F20250910%2Fap-south-1%2Fs3%2Faws4_request&X-Amz-Date=20250910T114403Z&X-Amz-Expires=604800&X-Amz-SignedHeaders=host&X-Amz-Signature=ea77220ed4210cf27c690a363035555cf9243cf87431c22a1ffc67eac112ea0a,https://storage.googleapis.com/alleai-in/yaswanth/prog_content_testset_sampled/Jeans/vto_image_20250815_070714/output_seedream_upscaled_garment.png?X-Amz-Algorithm=AWS4-HMAC-SHA256&X-Amz-Credential=GOOG4E63MNGYP5VR4UILWSHQ%2F20250910%2Fap-south-1%2Fs3%2Faws4_request&X-Amz-Date=20250910T114403Z&X-Amz-Expires=604800&X-Amz-SignedHeaders=host&X-Amz-Signature=c3df6757c0602572a3f21fe5e68f7b6d1e1f301c425d11c6fe489699de963ad3,"A candid indoor fashion portrait of a Caucasian woman wearing these brown wide-leg jeans. The brown wide-leg jeans are paired with a fitted black long-sleeve crop top, a black shoulder bag with a chain strap, and minimal gold jewelry including rings and a delicate necklace. Hair is styled in loose, soft waves. Expression is thoughtful and relaxed, contributing to the overall vibe of the image.

The woman is facing slightly turned in a ¾ profile, looking off to the side. The pose is natural, with one hand gently touching her necklace and the other resting near her waist. Body language should feel confident and effortless.

The setting is a stylish, modern indoor space with neutral-toned walls, round wall lights, a marble-topped table, and sculptural decor. Lighting is natural daylight streaming in from the side, creating soft shadows and warm highlights on the subject. Background details include contemporary furniture and subtle decorative elements. The scene is lit with natural daylight, producing gentle, flattering illumination and a cozy atmosphere.

Camera details:
- eye-level angle
- medium-full shot
- sharp focus on subject with a softly blurred background (bokeh)
- standard portrait lens look
- off-centered composition with the subject slightly to one side, allowing background elements to frame the scene

Vibe & Style:
Overall mood is chic, modern, and effortless. The image should convey a sense of confidence, individuality, and understated elegance."
Jeans,vto_image_20250821_095950,https://storage.googleapis.com/alleai-in/yaswanth/prog_content_testset_sampled/Jeans/vto_image_20250821_095950/reference.jpg?X-Amz-Algorithm=AWS4-HMAC-SHA256&X-Amz-Credential=GOOG4E63MNGYP5VR4UILWSHQ%2F20250910%2Fap-south-1%2Fs3%2Faws4_request&X-Amz-Date=20250910T114403Z&X-Amz-Expires=604800&X-Amz-SignedHeaders=host&X-Amz-Signature=dda5d9dc3fd4c5e07f7a843c687090b1460e17cae793a6660bffe14d565ec06e,https://storage.googleapis.com/alleai-in/yaswanth/prog_content_testset_sampled/Jeans/vto_image_20250821_095950/garment.jpg?X-Amz-Algorithm=AWS4-HMAC-SHA256&X-Amz-Credential=GOOG4E63MNGYP5VR4UILWSHQ%2F20250910%2Fap-south-1%2Fs3%2Faws4_request&X-Amz-Date=20250910T114403Z&X-Amz-Expires=604800&X-Amz-SignedHeaders=host&X-Amz-Signature=3d8e0f5198b7ba249ee3774717d8faab4b569a326e6eff94c5b7225a6124a6b6,https://storage.googleapis.com/alleai-in/yaswanth/prog_content_testset_sampled/Jeans/vto_image_20250821_095950/garment_cropped.jpg?X-Amz-Algorithm=AWS4-HMAC-SHA256&X-Amz-Credential=GOOG4E63MNGYP5VR4UILWSHQ%2F20250910%2Fap-south-1%2Fs3%2Faws4_request&X-Amz-Date=20250910T114403Z&X-Amz-Expires=604800&X-Amz-SignedHeaders=host&X-Amz-Signature=be1587e3630937e9e9e6bb9d75d51d7c5283c097c24aa8280a78be03c782ce44,https://storage.googleapis.com/alleai-in/yaswanth/prog_content_testset_sampled/Jeans/vto_image_20250821_095950/garment_cropped_upscaled.jpg?X-Amz-Algorithm=AWS4-HMAC-SHA256&X-Amz-Credential=GOOG4E63MNGYP5VR4UILWSHQ%2F20250910%2Fap-south-1%2Fs3%2Faws4_request&X-Amz-Date=20250910T114403Z&X-Amz-Expires=604800&X-Amz-SignedHeaders=host&X-Amz-Signature=d8fd99a5e4c7dc1a1c967fb3432b50cd464a7c9985b6b5cca1348c73e70b9d51,https://storage.googleapis.com/alleai-in/yaswanth/prog_content_testset_sampled/Jeans/vto_image_20250821_095950/reference_upscaled.jpg?X-Amz-Algorithm=AWS4-HMAC-SHA256&X-Amz-Credential=GOOG4E63MNGYP5VR4UILWSHQ%2F20250910%2Fap-south-1%2Fs3%2Faws4_request&X-Amz-Date=20250910T114403Z&X-Amz-Expires=604800&X-Amz-SignedHeaders=host&X-Amz-Signature=ab06710bf53d9cbeffdb5183a183b8a85b2019f40fd3fd8940be4ac819d9567b,https://storage.googleapis.com/alleai-in/yaswanth/prog_content_testset_sampled/Jeans/vto_image_20250821_095950/output_text_desc_redux_switch_5_mask_V5.jpg?X-Amz-Algorithm=AWS4-HMAC-SHA256&X-Amz-Credential=GOOG4E63MNGYP5VR4UILWSHQ%2F20250910%2Fap-south-1%2Fs3%2Faws4_request&X-Amz-Date=20250910T114403Z&X-Amz-Expires=604800&X-Amz-SignedHeaders=host&X-Amz-Signature=bbb1fe01af805517489d542b75dae667b140d60053093b7ac7e52873bd174267,https://storage.googleapis.com/alleai-in/yaswanth/prog_content_testset_sampled/Jeans/vto_image_20250821_095950/output_seedream.png?X-Amz-Algorithm=AWS4-HMAC-SHA256&X-Amz-Credential=GOOG4E63MNGYP5VR4UILWSHQ%2F20250910%2Fap-south-1%2Fs3%2Faws4_request&X-Amz-Date=20250910T114403Z&X-Amz-Expires=604800&X-Amz-SignedHeaders=host&X-Amz-Signature=b4ca4df4524660f6a6c9206a3ab2424647007d6894dc7f74e40d320139a4ae10,https://storage.googleapis.com/alleai-in/yaswanth/prog_content_testset_sampled/Jeans/vto_image_20250821_095950/output_seedream_upscaled_garment.png?X-Amz-Algorithm=AWS4-HMAC-SHA256&X-Amz-Credential=GOOG4E63MNGYP5VR4UILWSHQ%2F20250910%2Fap-south-1%2Fs3%2Faws4_request&X-Amz-Date=20250910T114403Z&X-Amz-Expires=604800&X-Amz-SignedHeaders=host&X-Amz-Signature=87d0f737d1dffbbb035ece81c7e52acc01e7da2e88b21f844eb085482a60838f,"A candid outdoor fashion portrait of a woman of indeterminate ethnicity wearing these vibrant pink jeans. The pink jeans are paired with a crisp white oversized button-up shirt layered over a fitted white ribbed crop top, complemented by classic white high-top sneakers. No additional accessories are present. Hair is styled in loose waves, giving a relaxed and effortless look. Expression is relaxed and natural, contributing to the overall vibe of the image.

The woman is facing slightly turned in a ¾ profile toward the camera. The pose is casually leaning with one hand adjusting the shirt, the other relaxed by her side. Body language should feel confident and laid-back.

The setting is an urban street with a rustic, textured concrete wall and industrial details in the background, with natural daylight creating soft shadows and crisp highlights. Background details include weathered walls, exposed pipes, and subtle urban textures. The scene is lit with natural daylight, producing gentle highlights and subtle shadow play on the subject and surroundings.

Camera details:
- eye-level angle
- medium-full shot
- sharp focus on subject with a slightly blurred background (bokeh)
- standard portrait lens look
- off-centered composition with the subject dominating the foreground, subtle diagonal lines from the background architecture

Vibe & Style:
Overall mood is chic, casual, and modern. The image should convey effortless street cool and individuality."
Jeans,vto_image_20250820_204211,https://storage.googleapis.com/alleai-in/yaswanth/prog_content_testset_sampled/Jeans/vto_image_20250820_204211/reference.jpg?X-Amz-Algorithm=AWS4-HMAC-SHA256&X-Amz-Credential=GOOG4E63MNGYP5VR4UILWSHQ%2F20250910%2Fap-south-1%2Fs3%2Faws4_request&X-Amz-Date=20250910T114403Z&X-Amz-Expires=604800&X-Amz-SignedHeaders=host&X-Amz-Signature=532cea5950d9c716d25cf0119d60e832cec4a18418bd789cc7a3c457ab6a9b37,https://storage.googleapis.com/alleai-in/yaswanth/prog_content_testset_sampled/Jeans/vto_image_20250820_204211/garment.jpg?X-Amz-Algorithm=AWS4-HMAC-SHA256&X-Amz-Credential=GOOG4E63MNGYP5VR4UILWSHQ%2F20250910%2Fap-south-1%2Fs3%2Faws4_request&X-Amz-Date=20250910T114403Z&X-Amz-Expires=604800&X-Amz-SignedHeaders=host&X-Amz-Signature=d491d6d40c3909353ef8bdf68e20115bb51383ef2a2607962dba43d305df93da,https://storage.googleapis.com/alleai-in/yaswanth/prog_content_testset_sampled/Jeans/vto_image_20250820_204211/garment_cropped.jpg?X-Amz-Algorithm=AWS4-HMAC-SHA256&X-Amz-Credential=GOOG4E63MNGYP5VR4UILWSHQ%2F20250910%2Fap-south-1%2Fs3%2Faws4_request&X-Amz-Date=20250910T114403Z&X-Amz-Expires=604800&X-Amz-SignedHeaders=host&X-Amz-Signature=9792a928a9f3480440310048b279abf5661ff64acc492a19d7743ba7f0ba79fc,https://storage.googleapis.com/alleai-in/yaswanth/prog_content_testset_sampled/Jeans/vto_image_20250820_204211/garment_cropped_upscaled.jpg?X-Amz-Algorithm=AWS4-HMAC-SHA256&X-Amz-Credential=GOOG4E63MNGYP5VR4UILWSHQ%2F20250910%2Fap-south-1%2Fs3%2Faws4_request&X-Amz-Date=20250910T114403Z&X-Amz-Expires=604800&X-Amz-SignedHeaders=host&X-Amz-Signature=e747144c61d61f86ac98bee2abc06978fa70e81e24f504ea26d25d9aa9cc0aa8,https://storage.googleapis.com/alleai-in/yaswanth/prog_content_testset_sampled/Jeans/vto_image_20250820_204211/reference_upscaled.jpg?X-Amz-Algorithm=AWS4-HMAC-SHA256&X-Amz-Credential=GOOG4E63MNGYP5VR4UILWSHQ%2F20250910%2Fap-south-1%2Fs3%2Faws4_request&X-Amz-Date=20250910T114403Z&X-Amz-Expires=604800&X-Amz-SignedHeaders=host&X-Amz-Signature=af15cb05deae9c60decdb21787fba36a78d11aa56e37957efc3a388f26f9e9d6,https://storage.googleapis.com/alleai-in/yaswanth/prog_content_testset_sampled/Jeans/vto_image_20250820_204211/output_text_desc_redux_switch_5_mask_V5.jpg?X-Amz-Algorithm=AWS4-HMAC-SHA256&X-Amz-Credential=GOOG4E63MNGYP5VR4UILWSHQ%2F20250910%2Fap-south-1%2Fs3%2Faws4_request&X-Amz-Date=20250910T114403Z&X-Amz-Expires=604800&X-Amz-SignedHeaders=host&X-Amz-Signature=3a06bf70b12860e4c0b002dc47f2e0943705c4e4c79c72cac01b16b3294a1e6a,https://storage.googleapis.com/alleai-in/yaswanth/prog_content_testset_sampled/Jeans/vto_image_20250820_204211/output_seedream.png?X-Amz-Algorithm=AWS4-HMAC-SHA256&X-Amz-Credential=GOOG4E63MNGYP5VR4UILWSHQ%2F20250910%2Fap-south-1%2Fs3%2Faws4_request&X-Amz-Date=20250910T114403Z&X-Amz-Expires=604800&X-Amz-SignedHeaders=host&X-Amz-Signature=38f2d4e246692435ded9c8398ad120a702e99853926126166fc98a3933acfa1e,https://storage.googleapis.com/alleai-in/yaswanth/prog_content_testset_sampled/Jeans/vto_image_20250820_204211/output_seedream_upscaled_garment.png?X-Amz-Algorithm=AWS4-HMAC-SHA256&X-Amz-Credential=GOOG4E63MNGYP5VR4UILWSHQ%2F20250910%2Fap-south-1%2Fs3%2Faws4_request&X-Amz-Date=20250910T114403Z&X-Amz-Expires=604800&X-Amz-SignedHeaders=host&X-Amz-Signature=cd306713f0d6c0bf50f4e81fc926aeaafea66c0df1fabf605d84adcba094d00e,"A candid indoor fashion portrait of a Middle Eastern woman wearing these charcoal black wide-leg jeans with bold seam detailing. The jeans are paired with a fitted black turtleneck top, black footwear, and a structured gray textured handbag. Hair is styled in loose, glossy waves cascading over one shoulder. Expression is relaxed and confident, contributing to the overall vibe of the image.

The woman is facing directly toward the camera. The pose is natural, with one hand resting on her head and the other holding the handbag at her side. Body language should feel poised, self-assured, and effortlessly stylish.

The setting is a minimal indoor space with a white wall and a modern window, with natural daylight creating soft shadows and crisp highlights. Background details include a concrete floor, a doormat, and the geometric lines of the window frame. The scene is lit with natural daylight, producing gentle, flattering illumination and subtle shadow play on the wall.

Camera details:
- eye-level angle
- medium-full shot
- sharp focus on subject with a slightly blurred background (bokeh)
- standard portrait lens look
- composition is centered, with the subject dominating the foreground and clean, minimal lines in the background

Vibe & Style:
Overall mood is chic, modern, and editorial. The image should convey empowerment, individuality, and a sense of effortless street cool."
Jeans,vto_image_20250816_135231,https://storage.googleapis.com/alleai-in/yaswanth/prog_content_testset_sampled/Jeans/vto_image_20250816_135231/reference.jpg?X-Amz-Algorithm=AWS4-HMAC-SHA256&X-Amz-Credential=GOOG4E63MNGYP5VR4UILWSHQ%2F20250910%2Fap-south-1%2Fs3%2Faws4_request&X-Amz-Date=20250910T114403Z&X-Amz-Expires=604800&X-Amz-SignedHeaders=host&X-Amz-Signature=da2fd8db2e63b45c2db90ca3f8c1d0f1b639f89ff2ccc1992a6e1d9f51b42c7a,https://storage.googleapis.com/alleai-in/yaswanth/prog_content_testset_sampled/Jeans/vto_image_20250816_135231/garment.jpg?X-Amz-Algorithm=AWS4-HMAC-SHA256&X-Amz-Credential=GOOG4E63MNGYP5VR4UILWSHQ%2F20250910%2Fap-south-1%2Fs3%2Faws4_request&X-Amz-Date=20250910T114403Z&X-Amz-Expires=604800&X-Amz-SignedHeaders=host&X-Amz-Signature=6bed014c16df6eef3b09aad98a16e12093b4a1b68e9861c85412d178e4eb47e6,https://storage.googleapis.com/alleai-in/yaswanth/prog_content_testset_sampled/Jeans/vto_image_20250816_135231/garment_cropped.jpg?X-Amz-Algorithm=AWS4-HMAC-SHA256&X-Amz-Credential=GOOG4E63MNGYP5VR4UILWSHQ%2F20250910%2Fap-south-1%2Fs3%2Faws4_request&X-Amz-Date=20250910T114403Z&X-Amz-Expires=604800&X-Amz-SignedHeaders=host&X-Amz-Signature=cc6f03124dde5f30147142e835b3a7e33585217453ee951c84dd1e516ad36880,https://storage.googleapis.com/alleai-in/yaswanth/prog_content_testset_sampled/Jeans/vto_image_20250816_135231/garment_cropped_upscaled.jpg?X-Amz-Algorithm=AWS4-HMAC-SHA256&X-Amz-Credential=GOOG4E63MNGYP5VR4UILWSHQ%2F20250910%2Fap-south-1%2Fs3%2Faws4_request&X-Amz-Date=20250910T114403Z&X-Amz-Expires=604800&X-Amz-SignedHeaders=host&X-Amz-Signature=f8a8fd0919eec60c6500836277961a4c0b9544262a55bd1f831dbfe7773b6aee,https://storage.googleapis.com/alleai-in/yaswanth/prog_content_testset_sampled/Jeans/vto_image_20250816_135231/reference_upscaled.jpg?X-Amz-Algorithm=AWS4-HMAC-SHA256&X-Amz-Credential=GOOG4E63MNGYP5VR4UILWSHQ%2F20250910%2Fap-south-1%2Fs3%2Faws4_request&X-Amz-Date=20250910T114403Z&X-Amz-Expires=604800&X-Amz-SignedHeaders=host&X-Amz-Signature=86694ac122030a6600a8572ccb2ba04fabdc31fa792f3fb5ef5ce54c2ce410f3,https://storage.googleapis.com/alleai-in/yaswanth/prog_content_testset_sampled/Jeans/vto_image_20250816_135231/output_text_desc_redux_switch_5_mask_V5.jpg?X-Amz-Algorithm=AWS4-HMAC-SHA256&X-Amz-Credential=GOOG4E63MNGYP5VR4UILWSHQ%2F20250910%2Fap-south-1%2Fs3%2Faws4_request&X-Amz-Date=20250910T114403Z&X-Amz-Expires=604800&X-Amz-SignedHeaders=host&X-Amz-Signature=c06eb8ea5f93c34a95581538daf56406e02cefd84f607e0de3b0f91d65139d88,https://storage.googleapis.com/alleai-in/yaswanth/prog_content_testset_sampled/Jeans/vto_image_20250816_135231/output_seedream.png?X-Amz-Algorithm=AWS4-HMAC-SHA256&X-Amz-Credential=GOOG4E63MNGYP5VR4UILWSHQ%2F20250910%2Fap-south-1%2Fs3%2Faws4_request&X-Amz-Date=20250910T114403Z&X-Amz-Expires=604800&X-Amz-SignedHeaders=host&X-Amz-Signature=00eb837c5531416f654123e093e207dd8b8311e6078e77f708f6f2753d402825,https://storage.googleapis.com/alleai-in/yaswanth/prog_content_testset_sampled/Jeans/vto_image_20250816_135231/output_seedream_upscaled_garment.png?X-Amz-Algorithm=AWS4-HMAC-SHA256&X-Amz-Credential=GOOG4E63MNGYP5VR4UILWSHQ%2F20250910%2Fap-south-1%2Fs3%2Faws4_request&X-Amz-Date=20250910T114403Z&X-Amz-Expires=604800&X-Amz-SignedHeaders=host&X-Amz-Signature=e24d740a36a33e3a535f1150f82a335fa13d6c7163af6eb0315412ab772db14e,"A candid indoor fashion portrait of a woman of ambiguous ethnicity wearing these light blue light wash denim jeans. The light wash denim jeans are paired with a fitted white cropped tank top, a black belt with a gold buckle, black and white athletic sneakers, and white crew socks. Accessories include a red baseball cap, black rectangular sunglasses, small gold hoop earrings, and a woven straw tote bag with colored stripes. Hair is styled tucked under the cap, with a few loose strands visible. Expression is relaxed and confident, contributing to the overall vibe of the image.

The woman is facing slightly turned in a ¾ profile toward the camera. The pose is casual, with one hand holding the tote bag at her side and the other arm bent, fingers gently poised, as if caught mid-stride. Body language should feel relaxed and self-assured.

The setting is a modern, sunlit indoor hallway with light wood floors, white walls, and a window revealing green trees outside. Lighting is natural daylight, creating soft shadows and crisp highlights. Background details include minimalistic architecture, a wooden accent wall, and a black door handle. The scene is lit with natural daylight, producing warm highlights and gentle contrast between the subject and the background.

Camera details:
- eye-level angle
- medium-full shot
- sharp focus on subject with a slightly blurred background (bokeh)
- standard portrait lens look
- off-centered composition, with the subject slightly to the right, using the rule of thirds

Vibe & Style:
Overall mood is chic, effortless, and modern. The image should convey a sense of individuality, relaxed confidence, and casual summer cool."
Skirt,vto_image_20250821_072256,https://storage.googleapis.com/alleai-in/yaswanth/prog_content_testset_sampled/Skirt/vto_image_20250821_072256/reference.jpg?X-Amz-Algorithm=AWS4-HMAC-SHA256&X-Amz-Credential=GOOG4E63MNGYP5VR4UILWSHQ%2F20250910%2Fap-south-1%2Fs3%2Faws4_request&X-Amz-Date=20250910T114403Z&X-Amz-Expires=604800&X-Amz-SignedHeaders=host&X-Amz-Signature=4736fedb7dec1f6b990687f130efd32b506e9e9d98a287ca9e1a2eb41f091c1e,https://storage.googleapis.com/alleai-in/yaswanth/prog_content_testset_sampled/Skirt/vto_image_20250821_072256/garment.jpg?X-Amz-Algorithm=AWS4-HMAC-SHA256&X-Amz-Credential=GOOG4E63MNGYP5VR4UILWSHQ%2F20250910%2Fap-south-1%2Fs3%2Faws4_request&X-Amz-Date=20250910T114403Z&X-Amz-Expires=604800&X-Amz-SignedHeaders=host&X-Amz-Signature=6494d5d7b896ab4fed3aae4f96b3ce9b68c74a59e89cc5780ab67e2372b59fa4,https://storage.googleapis.com/alleai-in/yaswanth/prog_content_testset_sampled/Skirt/vto_image_20250821_072256/garment_cropped.jpg?X-Amz-Algorithm=AWS4-HMAC-SHA256&X-Amz-Credential=GOOG4E63MNGYP5VR4UILWSHQ%2F20250910%2Fap-south-1%2Fs3%2Faws4_request&X-Amz-Date=20250910T114403Z&X-Amz-Expires=604800&X-Amz-SignedHeaders=host&X-Amz-Signature=9e0737c6afa994cf8bd9affc878127ea5a5231521680d2d205cb64f58cb5f6a6,https://storage.googleapis.com/alleai-in/yaswanth/prog_content_testset_sampled/Skirt/vto_image_20250821_072256/garment_cropped_upscaled.jpg?X-Amz-Algorithm=AWS4-HMAC-SHA256&X-Amz-Credential=GOOG4E63MNGYP5VR4UILWSHQ%2F20250910%2Fap-south-1%2Fs3%2Faws4_request&X-Amz-Date=20250910T114403Z&X-Amz-Expires=604800&X-Amz-SignedHeaders=host&X-Amz-Signature=9c2f8ae62dc507bd5bc4e6114d18c29c82cd036b7d4be314c4d10f60f106a5e5,https://storage.googleapis.com/alleai-in/yaswanth/prog_content_testset_sampled/Skirt/vto_image_20250821_072256/reference_upscaled.jpg?X-Amz-Algorithm=AWS4-HMAC-SHA256&X-Amz-Credential=GOOG4E63MNGYP5VR4UILWSHQ%2F20250910%2Fap-south-1%2Fs3%2Faws4_request&X-Amz-Date=20250910T114403Z&X-Amz-Expires=604800&X-Amz-SignedHeaders=host&X-Amz-Signature=a813d9d77883d42e081f9592e5162060c1db8164756b5d50a2f72aa78f22424f,https://storage.googleapis.com/alleai-in/yaswanth/prog_content_testset_sampled/Skirt/vto_image_20250821_072256/output_text_desc_redux_switch_5_mask_V5.jpg?X-Amz-Algorithm=AWS4-HMAC-SHA256&X-Amz-Credential=GOOG4E63MNGYP5VR4UILWSHQ%2F20250910%2Fap-south-1%2Fs3%2Faws4_request&X-Amz-Date=20250910T114403Z&X-Amz-Expires=604800&X-Amz-SignedHeaders=host&X-Amz-Signature=afd01e780e1ba83ea8857193bd0770df084d1be0a1233f02a13d2ace1a684c37,https://storage.googleapis.com/alleai-in/yaswanth/prog_content_testset_sampled/Skirt/vto_image_20250821_072256/output_seedream.png?X-Amz-Algorithm=AWS4-HMAC-SHA256&X-Amz-Credential=GOOG4E63MNGYP5VR4UILWSHQ%2F20250910%2Fap-south-1%2Fs3%2Faws4_request&X-Amz-Date=20250910T114403Z&X-Amz-Expires=604800&X-Amz-SignedHeaders=host&X-Amz-Signature=dace7d149493f3289e740cb91a1e8656106796ebc705408c7db9d5762991ee55,https://storage.googleapis.com/alleai-in/yaswanth/prog_content_testset_sampled/Skirt/vto_image_20250821_072256/output_seedream_upscaled_garment.png?X-Amz-Algorithm=AWS4-HMAC-SHA256&X-Amz-Credential=GOOG4E63MNGYP5VR4UILWSHQ%2F20250910%2Fap-south-1%2Fs3%2Faws4_request&X-Amz-Date=20250910T114403Z&X-Amz-Expires=604800&X-Amz-SignedHeaders=host&X-Amz-Signature=f70098197207cdaf626a48d1aa012717e6ed5a363504d0d1e2f5f2b155126d5a,"A candid outdoor fashion portrait of a Mediterranean woman wearing this white sheer maxi skirt. The white sheer maxi skirt is paired with a light grey oversized sweatshirt layered over a white collared shirt, white crew socks, chunky white and pale blue sneakers, and a light blue shoulder bag. Hair is styled in loose, natural waves. Expression is relaxed and thoughtful, contributing to the overall vibe of the image.

The woman is facing directly toward the camera. The pose is casual, with one hand gently touching her hair and the other holding the bag at her side. Body language should feel relaxed and confident.

The setting is a modern urban street environment at the base of a staircase with escalators, featuring metallic railings and architectural details. Lighting is natural daylight with soft shadows and crisp highlights. Background details include the geometric lines of the stairs and escalators, metallic textures, and hints of city life. The scene is lit with natural daylight, creating subtle highlights and gentle contrast between the subject and the background.

Camera details:
- eye-level angle
- medium-full shot
- sharp focus on subject with blurred background (bokeh)
- standard portrait lens look
- centered composition with the subject dominating the foreground, vertical lines from the stairs and railings adding structure

Vibe & Style:
Overall mood is chic, modern, and effortless. The image should convey a sense of individuality and urban cool, blending contemporary fashion with a relaxed, confident attitude."
Skirt,vto_image_20250819_184748,https://storage.googleapis.com/alleai-in/yaswanth/prog_content_testset_sampled/Skirt/vto_image_20250819_184748/reference.jpg?X-Amz-Algorithm=AWS4-HMAC-SHA256&X-Amz-Credential=GOOG4E63MNGYP5VR4UILWSHQ%2F20250910%2Fap-south-1%2Fs3%2Faws4_request&X-Amz-Date=20250910T114403Z&X-Amz-Expires=604800&X-Amz-SignedHeaders=host&X-Amz-Signature=86d82467b5fed81fd5d2da964bfa27d30e8e4454a96c3ba175d2e3d660be2144,https://storage.googleapis.com/alleai-in/yaswanth/prog_content_testset_sampled/Skirt/vto_image_20250819_184748/garment.jpg?X-Amz-Algorithm=AWS4-HMAC-SHA256&X-Amz-Credential=GOOG4E63MNGYP5VR4UILWSHQ%2F20250910%2Fap-south-1%2Fs3%2Faws4_request&X-Amz-Date=20250910T114403Z&X-Amz-Expires=604800&X-Amz-SignedHeaders=host&X-Amz-Signature=91dadc38d99faa38cec40962bda8971e4dd37f32a27345cdc9bb528012812da5,https://storage.googleapis.com/alleai-in/yaswanth/prog_content_testset_sampled/Skirt/vto_image_20250819_184748/garment_cropped.jpg?X-Amz-Algorithm=AWS4-HMAC-SHA256&X-Amz-Credential=GOOG4E63MNGYP5VR4UILWSHQ%2F20250910%2Fap-south-1%2Fs3%2Faws4_request&X-Amz-Date=20250910T114403Z&X-Amz-Expires=604800&X-Amz-SignedHeaders=host&X-Amz-Signature=2bef6186d9c90805aad94e618bad815d9429bf58d41912b8a62d139d46b82589,https://storage.googleapis.com/alleai-in/yaswanth/prog_content_testset_sampled/Skirt/vto_image_20250819_184748/garment_cropped_upscaled.jpg?X-Amz-Algorithm=AWS4-HMAC-SHA256&X-Amz-Credential=GOOG4E63MNGYP5VR4UILWSHQ%2F20250910%2Fap-south-1%2Fs3%2Faws4_request&X-Amz-Date=20250910T114403Z&X-Amz-Expires=604800&X-Amz-SignedHeaders=host&X-Amz-Signature=1b13f91795c5c5a34ec646de8156ff52e15e4f132be5c4f99c45751af3b1ccce,https://storage.googleapis.com/alleai-in/yaswanth/prog_content_testset_sampled/Skirt/vto_image_20250819_184748/reference_upscaled.jpg?X-Amz-Algorithm=AWS4-HMAC-SHA256&X-Amz-Credential=GOOG4E63MNGYP5VR4UILWSHQ%2F20250910%2Fap-south-1%2Fs3%2Faws4_request&X-Amz-Date=20250910T114403Z&X-Amz-Expires=604800&X-Amz-SignedHeaders=host&X-Amz-Signature=a35ae5723c8b9d391dcc96a065b3098599302a55e1c27f7abccc8391319c9f7b,https://storage.googleapis.com/alleai-in/yaswanth/prog_content_testset_sampled/Skirt/vto_image_20250819_184748/output_text_desc_redux_switch_5_mask_V5.jpg?X-Amz-Algorithm=AWS4-HMAC-SHA256&X-Amz-Credential=GOOG4E63MNGYP5VR4UILWSHQ%2F20250910%2Fap-south-1%2Fs3%2Faws4_request&X-Amz-Date=20250910T114403Z&X-Amz-Expires=604800&X-Amz-SignedHeaders=host&X-Amz-Signature=99a57927d74fed413e313fd9b8f7e167dbf2f71970777804d7179f70bbde676c,https://storage.googleapis.com/alleai-in/yaswanth/prog_content_testset_sampled/Skirt/vto_image_20250819_184748/output_seedream.png?X-Amz-Algorithm=AWS4-HMAC-SHA256&X-Amz-Credential=GOOG4E63MNGYP5VR4UILWSHQ%2F20250910%2Fap-south-1%2Fs3%2Faws4_request&X-Amz-Date=20250910T114403Z&X-Amz-Expires=604800&X-Amz-SignedHeaders=host&X-Amz-Signature=65aad2ca924cdc34c78d5830a30afc783eae54802f17d3e5b43b52687aefe448,https://storage.googleapis.com/alleai-in/yaswanth/prog_content_testset_sampled/Skirt/vto_image_20250819_184748/output_seedream_upscaled_garment.png?X-Amz-Algorithm=AWS4-HMAC-SHA256&X-Amz-Credential=GOOG4E63MNGYP5VR4UILWSHQ%2F20250910%2Fap-south-1%2Fs3%2Faws4_request&X-Amz-Date=20250910T114403Z&X-Amz-Expires=604800&X-Amz-SignedHeaders=host&X-Amz-Signature=f6fa3c0a66c09258427c17db2ceb2fc6b8333379c97cac47495242de98525521,"A candid outdoor fashion portrait of an East Asian woman wearing this light beige skirt. The skirt is paired with a fitted sleeveless beige crop top, white slide sandals, and a small white shoulder bag. Hair is styled in a loose, slightly tousled updo with soft face-framing strands. Expression is thoughtful and serene, contributing to the overall vibe of the image. The woman is facing slightly turned in a ¾ profile, with her body angled to the side and her gaze directed away into the distance. The pose is relaxed and natural, with one hand holding the bag strap and the other by her side, body language feeling confident and graceful. The setting is a modern patio with glass doors, palm trees, and a hint of ocean and sky in the background, with natural daylight casting soft shadows and warm highlights. Background details include reflections of palm trees in the glass, contemporary outdoor furniture, and a tranquil seaside atmosphere. The scene is lit with natural daylight, creating gentle highlights and a subtle rim glow on her hair. Camera details: eye-level angle, medium-full shot, sharp focus on subject with a softly blurred background (bokeh), standard portrait lens look, off-centered composition with the subject dominating the foreground and dynamic vertical lines from the door frames. Vibe & Style: Overall mood is chic, effortless, and modern. The image should convey a sense of serene confidence and understated elegance."
Skirt,vto_image_20250818_115617,https://storage.googleapis.com/alleai-in/yaswanth/prog_content_testset_sampled/Skirt/vto_image_20250818_115617/reference.jpg?X-Amz-Algorithm=AWS4-HMAC-SHA256&X-Amz-Credential=GOOG4E63MNGYP5VR4UILWSHQ%2F20250910%2Fap-south-1%2Fs3%2Faws4_request&X-Amz-Date=20250910T114403Z&X-Amz-Expires=604800&X-Amz-SignedHeaders=host&X-Amz-Signature=ce6ef1db68ea144506edbca408234171ee924155cae0d2a8654e788d6e0a276e,https://storage.googleapis.com/alleai-in/yaswanth/prog_content_testset_sampled/Skirt/vto_image_20250818_115617/garment.jpg?X-Amz-Algorithm=AWS4-HMAC-SHA256&X-Amz-Credential=GOOG4E63MNGYP5VR4UILWSHQ%2F20250910%2Fap-south-1%2Fs3%2Faws4_request&X-Amz-Date=20250910T114403Z&X-Amz-Expires=604800&X-Amz-SignedHeaders=host&X-Amz-Signature=4a24a9a211be98a63002ab291e767027476c3d455ee8ed06e38b6536d4a878d2,https://storage.googleapis.com/alleai-in/yaswanth/prog_content_testset_sampled/Skirt/vto_image_20250818_115617/garment_cropped.jpg?X-Amz-Algorithm=AWS4-HMAC-SHA256&X-Amz-Credential=GOOG4E63MNGYP5VR4UILWSHQ%2F20250910%2Fap-south-1%2Fs3%2Faws4_request&X-Amz-Date=20250910T114403Z&X-Amz-Expires=604800&X-Amz-SignedHeaders=host&X-Amz-Signature=b124ada3e7688d13d942ca0dde87fc2386ebef3c8c6c28d2726644ced982d9ec,https://storage.googleapis.com/alleai-in/yaswanth/prog_content_testset_sampled/Skirt/vto_image_20250818_115617/garment_cropped_upscaled.jpg?X-Amz-Algorithm=AWS4-HMAC-SHA256&X-Amz-Credential=GOOG4E63MNGYP5VR4UILWSHQ%2F20250910%2Fap-south-1%2Fs3%2Faws4_request&X-Amz-Date=20250910T114403Z&X-Amz-Expires=604800&X-Amz-SignedHeaders=host&X-Amz-Signature=63281f21b14c42b899de4f8db4e2a286f355ff06fff4bc8422436d7fb6fc6e98,https://storage.googleapis.com/alleai-in/yaswanth/prog_content_testset_sampled/Skirt/vto_image_20250818_115617/reference_upscaled.jpg?X-Amz-Algorithm=AWS4-HMAC-SHA256&X-Amz-Credential=GOOG4E63MNGYP5VR4UILWSHQ%2F20250910%2Fap-south-1%2Fs3%2Faws4_request&X-Amz-Date=20250910T114403Z&X-Amz-Expires=604800&X-Amz-SignedHeaders=host&X-Amz-Signature=1bd85700c0aa2121035a984e375693ad22b227bd60529950cf6d3c9d40f4b6cb,https://storage.googleapis.com/alleai-in/yaswanth/prog_content_testset_sampled/Skirt/vto_image_20250818_115617/output_text_desc_redux_switch_5_mask_V5.jpg?X-Amz-Algorithm=AWS4-HMAC-SHA256&X-Amz-Credential=GOOG4E63MNGYP5VR4UILWSHQ%2F20250910%2Fap-south-1%2Fs3%2Faws4_request&X-Amz-Date=20250910T114403Z&X-Amz-Expires=604800&X-Amz-SignedHeaders=host&X-Amz-Signature=192992d24307284df0219ea1927ef5e61b895475fa64d5e9accdc4e530e45812,https://storage.googleapis.com/alleai-in/yaswanth/prog_content_testset_sampled/Skirt/vto_image_20250818_115617/output_seedream.png?X-Amz-Algorithm=AWS4-HMAC-SHA256&X-Amz-Credential=GOOG4E63MNGYP5VR4UILWSHQ%2F20250910%2Fap-south-1%2Fs3%2Faws4_request&X-Amz-Date=20250910T114403Z&X-Amz-Expires=604800&X-Amz-SignedHeaders=host&X-Amz-Signature=1038470e978f98e5e6d4b6199aa8f083d2ec9b8ba52bf0b67641b8d494dd707f,https://storage.googleapis.com/alleai-in/yaswanth/prog_content_testset_sampled/Skirt/vto_image_20250818_115617/output_seedream_upscaled_garment.png?X-Amz-Algorithm=AWS4-HMAC-SHA256&X-Amz-Credential=GOOG4E63MNGYP5VR4UILWSHQ%2F20250910%2Fap-south-1%2Fs3%2Faws4_request&X-Amz-Date=20250910T114403Z&X-Amz-Expires=604800&X-Amz-SignedHeaders=host&X-Amz-Signature=91ddf9d94d2b69e8dc0aa8fd0d29667cbf83e8635b3d989b959b55737b9c0532,"A candid outdoor fashion portrait of a white woman wearing this black denim skirt. The black denim skirt is paired with a plain white oversized t-shirt, white crew socks, white sneakers with black stripes, and small black oval sunglasses. She carries a small black shoulder bag. Hair is styled in loose waves, parted in the middle, and left down. Expression is relaxed and confident, contributing to the overall vibe of the image.

The woman is facing directly toward the camera. The pose is casual, with one hand resting on her hip and the other lightly touching the skirt, legs slightly crossed. Body language should feel relaxed and self-assured.

The setting is an urban street underpass with a concrete wall and scattered rocks in the background, with natural daylight creating soft shadows and crisp highlights. Background details include rough stone textures and muted urban tones. The scene is lit with natural daylight, producing gentle, even illumination and subtle contrast between the subject and the background.

Camera details:
- eye-level angle
- medium-full shot
- sharp focus on subject with blurred background (bokeh)
- standard portrait lens look
- composition is centered, with the subject dominating the foreground and a slight asymmetry from the rocky background

Vibe & Style:
Overall mood is chic, effortless, and modern. The image should convey individuality and street cool."
Skirt,vto_image_20250827_073909,https://storage.googleapis.com/alleai-in/yaswanth/prog_content_testset_sampled/Skirt/vto_image_20250827_073909/reference.jpg?X-Amz-Algorithm=AWS4-HMAC-SHA256&X-Amz-Credential=GOOG4E63MNGYP5VR4UILWSHQ%2F20250910%2Fap-south-1%2Fs3%2Faws4_request&X-Amz-Date=20250910T114403Z&X-Amz-Expires=604800&X-Amz-SignedHeaders=host&X-Amz-Signature=ad3915c8a3dcf591291fefc32d54aeeed3107aa044d62f0b579ecbdfdea4b753,https://storage.googleapis.com/alleai-in/yaswanth/prog_content_testset_sampled/Skirt/vto_image_20250827_073909/garment.jpg?X-Amz-Algorithm=AWS4-HMAC-SHA256&X-Amz-Credential=GOOG4E63MNGYP5VR4UILWSHQ%2F20250910%2Fap-south-1%2Fs3%2Faws4_request&X-Amz-Date=20250910T114403Z&X-Amz-Expires=604800&X-Amz-SignedHeaders=host&X-Amz-Signature=020561f5bcb6f97d702ac4886896b6e13e05e27f6ff763068bd1aff4a2b13481,https://storage.googleapis.com/alleai-in/yaswanth/prog_content_testset_sampled/Skirt/vto_image_20250827_073909/garment_cropped.jpg?X-Amz-Algorithm=AWS4-HMAC-SHA256&X-Amz-Credential=GOOG4E63MNGYP5VR4UILWSHQ%2F20250910%2Fap-south-1%2Fs3%2Faws4_request&X-Amz-Date=20250910T114403Z&X-Amz-Expires=604800&X-Amz-SignedHeaders=host&X-Amz-Signature=2b1c082e510c30a83008985d360c0a2c2f7876ae87b595f983ece06c9c950fd8,https://storage.googleapis.com/alleai-in/yaswanth/prog_content_testset_sampled/Skirt/vto_image_20250827_073909/garment_cropped_upscaled.jpg?X-Amz-Algorithm=AWS4-HMAC-SHA256&X-Amz-Credential=GOOG4E63MNGYP5VR4UILWSHQ%2F20250910%2Fap-south-1%2Fs3%2Faws4_request&X-Amz-Date=20250910T114403Z&X-Amz-Expires=604800&X-Amz-SignedHeaders=host&X-Amz-Signature=16af2712449c0f229c24b700a5d4feef889a1dc85eff7d77eddcdc7e45530663,https://storage.googleapis.com/alleai-in/yaswanth/prog_content_testset_sampled/Skirt/vto_image_20250827_073909/reference_upscaled.jpg?X-Amz-Algorithm=AWS4-HMAC-SHA256&X-Amz-Credential=GOOG4E63MNGYP5VR4UILWSHQ%2F20250910%2Fap-south-1%2Fs3%2Faws4_request&X-Amz-Date=20250910T114403Z&X-Amz-Expires=604800&X-Amz-SignedHeaders=host&X-Amz-Signature=588462a1fa05af7de50bdffe1648eb732d787b837a89c81d213ad9ab22114cef,https://storage.googleapis.com/alleai-in/yaswanth/prog_content_testset_sampled/Skirt/vto_image_20250827_073909/output_text_desc_redux_switch_5_mask_V5.jpg?X-Amz-Algorithm=AWS4-HMAC-SHA256&X-Amz-Credential=GOOG4E63MNGYP5VR4UILWSHQ%2F20250910%2Fap-south-1%2Fs3%2Faws4_request&X-Amz-Date=20250910T114403Z&X-Amz-Expires=604800&X-Amz-SignedHeaders=host&X-Amz-Signature=fd80518eb485c5cfd7181d1f8d61ed6bb2d7938c5532523b042e63e476b1188a,https://storage.googleapis.com/alleai-in/yaswanth/prog_content_testset_sampled/Skirt/vto_image_20250827_073909/output_seedream.png?X-Amz-Algorithm=AWS4-HMAC-SHA256&X-Amz-Credential=GOOG4E63MNGYP5VR4UILWSHQ%2F20250910%2Fap-south-1%2Fs3%2Faws4_request&X-Amz-Date=20250910T114403Z&X-Amz-Expires=604800&X-Amz-SignedHeaders=host&X-Amz-Signature=92ffe9eae12fbf642630eccc12dc24a27c4a68b4a89a6eecad163b687c26dd3f,https://storage.googleapis.com/alleai-in/yaswanth/prog_content_testset_sampled/Skirt/vto_image_20250827_073909/output_seedream_upscaled_garment.png?X-Amz-Algorithm=AWS4-HMAC-SHA256&X-Amz-Credential=GOOG4E63MNGYP5VR4UILWSHQ%2F20250910%2Fap-south-1%2Fs3%2Faws4_request&X-Amz-Date=20250910T114403Z&X-Amz-Expires=604800&X-Amz-SignedHeaders=host&X-Amz-Signature=3e42e5c743a5b1eb5a47ff0c8fafc546498aab66d297ba6879010da6ec69615c,"A candid indoor fashion portrait of a Mediterranean woman wearing this deep navy tailored maxi skirt. The skirt is paired with a crisp white fitted tank top, a light blue oversized button-up shirt worn open, classic black ballet flats, and no visible accessories. Hair is styled in loose, natural waves. Expression is relaxed and confident, contributing to the overall vibe of the image. The woman is facing directly toward the camera. The pose is casual, with her hands adjusting the shirt, standing naturally. Body language should feel relaxed and self-assured. The setting is a modern, minimalistic living room with light wood floors, a neutral-toned sofa, a potted plant, and soft white walls. The scene is lit with natural daylight, creating soft shadows and gentle highlights. Background details include a doorway, a modern ceiling light fixture, and subtle home decor elements. The scene is lit with natural daylight, producing soft, even illumination and a gentle rim glow on the hair. Camera details: - eye-level angle - medium-full shot - sharp focus on subject with slightly blurred background (bokeh) - standard portrait lens look - centered composition with the subject dominating the foreground. Vibe & Style: Overall mood is chic, effortless, and modern. The image should convey a sense of confidence, individuality, and understated elegance."
Skirt,vto_image_20250816_140038,https://storage.googleapis.com/alleai-in/yaswanth/prog_content_testset_sampled/Skirt/vto_image_20250816_140038/reference.jpg?X-Amz-Algorithm=AWS4-HMAC-SHA256&X-Amz-Credential=GOOG4E63MNGYP5VR4UILWSHQ%2F20250910%2Fap-south-1%2Fs3%2Faws4_request&X-Amz-Date=20250910T114403Z&X-Amz-Expires=604800&X-Amz-SignedHeaders=host&X-Amz-Signature=bdc800bf7d872e3db860028d0585395e3e39c5a31788304d8747fd3ad4df2bf3,https://storage.googleapis.com/alleai-in/yaswanth/prog_content_testset_sampled/Skirt/vto_image_20250816_140038/garment.jpg?X-Amz-Algorithm=AWS4-HMAC-SHA256&X-Amz-Credential=GOOG4E63MNGYP5VR4UILWSHQ%2F20250910%2Fap-south-1%2Fs3%2Faws4_request&X-Amz-Date=20250910T114403Z&X-Amz-Expires=604800&X-Amz-SignedHeaders=host&X-Amz-Signature=dfa527ae9f0a35e38d9eeb13a2a5c8cea24dee651f44b3422cfb86e2a81245cd,https://storage.googleapis.com/alleai-in/yaswanth/prog_content_testset_sampled/Skirt/vto_image_20250816_140038/garment_cropped.jpg?X-Amz-Algorithm=AWS4-HMAC-SHA256&X-Amz-Credential=GOOG4E63MNGYP5VR4UILWSHQ%2F20250910%2Fap-south-1%2Fs3%2Faws4_request&X-Amz-Date=20250910T114403Z&X-Amz-Expires=604800&X-Amz-SignedHeaders=host&X-Amz-Signature=18ef2b81dab7cbcbfea8fba81e2df6a3b2a31337cf846ee2f0a7811e003c0244,https://storage.googleapis.com/alleai-in/yaswanth/prog_content_testset_sampled/Skirt/vto_image_20250816_140038/garment_cropped_upscaled.jpg?X-Amz-Algorithm=AWS4-HMAC-SHA256&X-Amz-Credential=GOOG4E63MNGYP5VR4UILWSHQ%2F20250910%2Fap-south-1%2Fs3%2Faws4_request&X-Amz-Date=20250910T114403Z&X-Amz-Expires=604800&X-Amz-SignedHeaders=host&X-Amz-Signature=0d2a066d7d07c41ba636d0bc3035a2688ecb5c71a42ab16f18c6ee321f9b97c0,https://storage.googleapis.com/alleai-in/yaswanth/prog_content_testset_sampled/Skirt/vto_image_20250816_140038/reference_upscaled.jpg?X-Amz-Algorithm=AWS4-HMAC-SHA256&X-Amz-Credential=GOOG4E63MNGYP5VR4UILWSHQ%2F20250910%2Fap-south-1%2Fs3%2Faws4_request&X-Amz-Date=20250910T114403Z&X-Amz-Expires=604800&X-Amz-SignedHeaders=host&X-Amz-Signature=e8db2ac8da2674438b3cef5802b055c1a1a79a7f82c4ffc12486651f98163442,https://storage.googleapis.com/alleai-in/yaswanth/prog_content_testset_sampled/Skirt/vto_image_20250816_140038/output_text_desc_redux_switch_5_mask_V5.jpg?X-Amz-Algorithm=AWS4-HMAC-SHA256&X-Amz-Credential=GOOG4E63MNGYP5VR4UILWSHQ%2F20250910%2Fap-south-1%2Fs3%2Faws4_request&X-Amz-Date=20250910T114403Z&X-Amz-Expires=604800&X-Amz-SignedHeaders=host&X-Amz-Signature=6c22d8014639794f662686ca5ed63f5a4d24f3b27f78a6a1c92d77334cdb4247,https://storage.googleapis.com/alleai-in/yaswanth/prog_content_testset_sampled/Skirt/vto_image_20250816_140038/output_seedream.png?X-Amz-Algorithm=AWS4-HMAC-SHA256&X-Amz-Credential=GOOG4E63MNGYP5VR4UILWSHQ%2F20250910%2Fap-south-1%2Fs3%2Faws4_request&X-Amz-Date=20250910T114403Z&X-Amz-Expires=604800&X-Amz-SignedHeaders=host&X-Amz-Signature=b50b99a882ee47d2501220e6bc622bd2fac033072ea9377c54b1172ae968b092,https://storage.googleapis.com/alleai-in/yaswanth/prog_content_testset_sampled/Skirt/vto_image_20250816_140038/output_seedream_upscaled_garment.png?X-Amz-Algorithm=AWS4-HMAC-SHA256&X-Amz-Credential=GOOG4E63MNGYP5VR4UILWSHQ%2F20250910%2Fap-south-1%2Fs3%2Faws4_request&X-Amz-Date=20250910T114403Z&X-Amz-Expires=604800&X-Amz-SignedHeaders=host&X-Amz-Signature=99f478db7adce5539d189f4e43c41ad0ce641b2af5738150605f9e47fbe5a733,"A candid outdoor fashion portrait of a Caucasian woman wearing this black and white abstract print pleated skirt. The skirt is paired with a fitted black strapless top, sleek black knee-high boots, and a small black shoulder bag. Hair is styled in loose waves. Expression is relaxed and thoughtful, contributing to the overall vibe of the image.

The woman is facing slightly turned ¾ profile. The pose is casually leaning against a concrete wall, one hand holding the bag strap, the other relaxed by her side. Body language should feel confident and effortless.

The setting is an urban street corner with a textured concrete wall and white brick background, under natural daylight with soft shadows and crisp highlights. Background details include the architectural lines of the walls and subtle floor textures. The scene is lit with natural daylight, creating soft backlighting and gentle rim glow on the hair.

Camera details:
- eye-level angle
- medium-full shot
- sharp focus on subject with blurred background (bokeh)
- standard portrait lens look
- off-centered composition with the subject dominating the right foreground, dynamic vertical lines from the wall

Vibe & Style:
Overall mood is chic, modern, and editorial. The image should convey effortless confidence and urban sophistication."
Skirt,vto_image_20250820_200520,https://storage.googleapis.com/alleai-in/yaswanth/prog_content_testset_sampled/Skirt/vto_image_20250820_200520/reference.jpg?X-Amz-Algorithm=AWS4-HMAC-SHA256&X-Amz-Credential=GOOG4E63MNGYP5VR4UILWSHQ%2F20250910%2Fap-south-1%2Fs3%2Faws4_request&X-Amz-Date=20250910T114403Z&X-Amz-Expires=604800&X-Amz-SignedHeaders=host&X-Amz-Signature=5cbeeca781386f71ad7bdbb0030fbd27c6389d7b6627d33da679d98a4291a352,https://storage.googleapis.com/alleai-in/yaswanth/prog_content_testset_sampled/Skirt/vto_image_20250820_200520/garment.jpg?X-Amz-Algorithm=AWS4-HMAC-SHA256&X-Amz-Credential=GOOG4E63MNGYP5VR4UILWSHQ%2F20250910%2Fap-south-1%2Fs3%2Faws4_request&X-Amz-Date=20250910T114403Z&X-Amz-Expires=604800&X-Amz-SignedHeaders=host&X-Amz-Signature=e486f0ffe0819bcdd62d78a54f81553e47b160a408d13254af604fbf76dd5cdb,https://storage.googleapis.com/alleai-in/yaswanth/prog_content_testset_sampled/Skirt/vto_image_20250820_200520/garment_cropped.jpg?X-Amz-Algorithm=AWS4-HMAC-SHA256&X-Amz-Credential=GOOG4E63MNGYP5VR4UILWSHQ%2F20250910%2Fap-south-1%2Fs3%2Faws4_request&X-Amz-Date=20250910T114403Z&X-Amz-Expires=604800&X-Amz-SignedHeaders=host&X-Amz-Signature=0804d0a4614d13b750c25193abcb095d1dfbc6f0667b5b1932a98da820d269c3,https://storage.googleapis.com/alleai-in/yaswanth/prog_content_testset_sampled/Skirt/vto_image_20250820_200520/garment_cropped_upscaled.jpg?X-Amz-Algorithm=AWS4-HMAC-SHA256&X-Amz-Credential=GOOG4E63MNGYP5VR4UILWSHQ%2F20250910%2Fap-south-1%2Fs3%2Faws4_request&X-Amz-Date=20250910T114403Z&X-Amz-Expires=604800&X-Amz-SignedHeaders=host&X-Amz-Signature=25d5c2c5ddc4c433cb9a75e2bee8aef03ab3ace5aded998c95dc433ba32a29d6,https://storage.googleapis.com/alleai-in/yaswanth/prog_content_testset_sampled/Skirt/vto_image_20250820_200520/reference_upscaled.jpg?X-Amz-Algorithm=AWS4-HMAC-SHA256&X-Amz-Credential=GOOG4E63MNGYP5VR4UILWSHQ%2F20250910%2Fap-south-1%2Fs3%2Faws4_request&X-Amz-Date=20250910T114403Z&X-Amz-Expires=604800&X-Amz-SignedHeaders=host&X-Amz-Signature=e113c6c3be72485932a3ea2435420397bfca2994441d92fc49ddad9939c9f7c0,https://storage.googleapis.com/alleai-in/yaswanth/prog_content_testset_sampled/Skirt/vto_image_20250820_200520/output_text_desc_redux_switch_5_mask_V5.jpg?X-Amz-Algorithm=AWS4-HMAC-SHA256&X-Amz-Credential=GOOG4E63MNGYP5VR4UILWSHQ%2F20250910%2Fap-south-1%2Fs3%2Faws4_request&X-Amz-Date=20250910T114403Z&X-Amz-Expires=604800&X-Amz-SignedHeaders=host&X-Amz-Signature=aa0021240d79fa63436736ff0b34204b34a610ba49718c0e154e32b452bb860a,https://storage.googleapis.com/alleai-in/yaswanth/prog_content_testset_sampled/Skirt/vto_image_20250820_200520/output_seedream.png?X-Amz-Algorithm=AWS4-HMAC-SHA256&X-Amz-Credential=GOOG4E63MNGYP5VR4UILWSHQ%2F20250910%2Fap-south-1%2Fs3%2Faws4_request&X-Amz-Date=20250910T114403Z&X-Amz-Expires=604800&X-Amz-SignedHeaders=host&X-Amz-Signature=5b8d006cf463a3604a7db64f25cc8667b13fdb7a4c7ad50e55bf4f0125bbfa15,https://storage.googleapis.com/alleai-in/yaswanth/prog_content_testset_sampled/Skirt/vto_image_20250820_200520/output_seedream_upscaled_garment.png?X-Amz-Algorithm=AWS4-HMAC-SHA256&X-Amz-Credential=GOOG4E63MNGYP5VR4UILWSHQ%2F20250910%2Fap-south-1%2Fs3%2Faws4_request&X-Amz-Date=20250910T114403Z&X-Amz-Expires=604800&X-Amz-SignedHeaders=host&X-Amz-Signature=60e4294e83184fb4d57e8d25549a9a0246c4b071ef1b7f9dba63829ff2579d89,"A candid outdoor fashion portrait of a Caucasian woman wearing this medium-wash blue denim maxi skirt. The denim maxi skirt is paired with a fitted hot pink short-sleeve t-shirt, beige platform sandals, and a small cream shoulder bag. Hair is styled in loose, natural waves with a slightly windblown look. Expression is relaxed and thoughtful, contributing to the overall vibe of the image.

The woman is facing slightly turned in a ¾ profile, looking to her right and gently reaching out to touch a branch. The pose is casual and natural, as if she is pausing mid-walk on a scenic trail. Body language should feel relaxed and confident.

The setting is a rugged coastal hillside with lush greenery, rocky terrain, and a stunning view of the blue sea and distant cliffs in the background. Lighting is natural daylight with soft shadows and crisp highlights, creating a warm, sunlit effect on the scene. Background details include wild shrubs, rocky outcrops, and the expansive coastline below. The scene is lit with natural daylight, producing warm highlights and gentle contrast between the subject and the landscape.

Camera details:
- eye-level angle
- medium-full shot
- sharp focus on subject with a softly blurred background (bokeh)
- standard portrait lens look
- composition follows the rule of thirds, with the subject slightly off-centered to showcase the scenic view

Vibe & Style:
Overall mood is effortless, serene, and modern. The image should convey a sense of mindfulness, individuality, and free-spirited energy in a beautiful natural setting."
Skirt,vto_image_20250815_112607,https://storage.googleapis.com/alleai-in/yaswanth/prog_content_testset_sampled/Skirt/vto_image_20250815_112607/reference.jpg?X-Amz-Algorithm=AWS4-HMAC-SHA256&X-Amz-Credential=GOOG4E63MNGYP5VR4UILWSHQ%2F20250910%2Fap-south-1%2Fs3%2Faws4_request&X-Amz-Date=20250910T114403Z&X-Amz-Expires=604800&X-Amz-SignedHeaders=host&X-Amz-Signature=501035c2baf83862912c59bf4e42eaebe9d64589edc2817b024b4315be1fc364,https://storage.googleapis.com/alleai-in/yaswanth/prog_content_testset_sampled/Skirt/vto_image_20250815_112607/garment.jpg?X-Amz-Algorithm=AWS4-HMAC-SHA256&X-Amz-Credential=GOOG4E63MNGYP5VR4UILWSHQ%2F20250910%2Fap-south-1%2Fs3%2Faws4_request&X-Amz-Date=20250910T114403Z&X-Amz-Expires=604800&X-Amz-SignedHeaders=host&X-Amz-Signature=0b6a4ce8b5ad64d7bdab027093964acf8f61371da93c590c46a926b6c8d75848,https://storage.googleapis.com/alleai-in/yaswanth/prog_content_testset_sampled/Skirt/vto_image_20250815_112607/garment_cropped.jpg?X-Amz-Algorithm=AWS4-HMAC-SHA256&X-Amz-Credential=GOOG4E63MNGYP5VR4UILWSHQ%2F20250910%2Fap-south-1%2Fs3%2Faws4_request&X-Amz-Date=20250910T114403Z&X-Amz-Expires=604800&X-Amz-SignedHeaders=host&X-Amz-Signature=19922f88ed2449123944fea8c19e8925e45fc9cd37ceb562134242d4e3aa86f1,https://storage.googleapis.com/alleai-in/yaswanth/prog_content_testset_sampled/Skirt/vto_image_20250815_112607/garment_cropped_upscaled.jpg?X-Amz-Algorithm=AWS4-HMAC-SHA256&X-Amz-Credential=GOOG4E63MNGYP5VR4UILWSHQ%2F20250910%2Fap-south-1%2Fs3%2Faws4_request&X-Amz-Date=20250910T114403Z&X-Amz-Expires=604800&X-Amz-SignedHeaders=host&X-Amz-Signature=4e92aac3e5cfe7b0a9c1de8ec6abcb20785d421cffb3a379b34b7ea204487486,https://storage.googleapis.com/alleai-in/yaswanth/prog_content_testset_sampled/Skirt/vto_image_20250815_112607/reference_upscaled.jpg?X-Amz-Algorithm=AWS4-HMAC-SHA256&X-Amz-Credential=GOOG4E63MNGYP5VR4UILWSHQ%2F20250910%2Fap-south-1%2Fs3%2Faws4_request&X-Amz-Date=20250910T114403Z&X-Amz-Expires=604800&X-Amz-SignedHeaders=host&X-Amz-Signature=283ac76730667e665047c0b9307f5b5afa721b324952dca422ce347d8f145914,https://storage.googleapis.com/alleai-in/yaswanth/prog_content_testset_sampled/Skirt/vto_image_20250815_112607/output_text_desc_redux_switch_5_mask_V5.jpg?X-Amz-Algorithm=AWS4-HMAC-SHA256&X-Amz-Credential=GOOG4E63MNGYP5VR4UILWSHQ%2F20250910%2Fap-south-1%2Fs3%2Faws4_request&X-Amz-Date=20250910T114403Z&X-Amz-Expires=604800&X-Amz-SignedHeaders=host&X-Amz-Signature=56df3515348c1b862f77298dfe6c05da048058703718fdff94ad7be6e59948d1,https://storage.googleapis.com/alleai-in/yaswanth/prog_content_testset_sampled/Skirt/vto_image_20250815_112607/output_seedream.png?X-Amz-Algorithm=AWS4-HMAC-SHA256&X-Amz-Credential=GOOG4E63MNGYP5VR4UILWSHQ%2F20250910%2Fap-south-1%2Fs3%2Faws4_request&X-Amz-Date=20250910T114403Z&X-Amz-Expires=604800&X-Amz-SignedHeaders=host&X-Amz-Signature=3aaaacfd183820633a90a7fbb3e0c9b234725dfbd9dc7f27c20c2013141af451,https://storage.googleapis.com/alleai-in/yaswanth/prog_content_testset_sampled/Skirt/vto_image_20250815_112607/output_seedream_upscaled_garment.png?X-Amz-Algorithm=AWS4-HMAC-SHA256&X-Amz-Credential=GOOG4E63MNGYP5VR4UILWSHQ%2F20250910%2Fap-south-1%2Fs3%2Faws4_request&X-Amz-Date=20250910T114403Z&X-Amz-Expires=604800&X-Amz-SignedHeaders=host&X-Amz-Signature=5c412c0a8e2d212b2305cb8c667bb494f48e1e0541b6ddbc672dca43b12f9c00,"A candid outdoor fashion portrait of a Mediterranean woman wearing this faded blue denim maxi skirt. The denim maxi skirt is paired with a white textured puff-sleeve crop top, a wide brown belt with a decorative buckle, and beige woven open-toe sandals. Hair is styled in loose waves. Expression is relaxed, contributing to the overall vibe of the image.

The woman is facing slightly turned ¾ profile. The pose is casually leaning with hands in pockets, one foot slightly forward. Body language should feel relaxed and confident.

The setting is an urban street with a large planter of green foliage and a white wall in the background, with natural daylight creating soft shadows and crisp highlights. Background details include potted plants, tiled pavement, and subtle architectural lines. The scene is lit with natural daylight, producing warm highlights and gentle contrast between subject and background.

Camera details:
- eye-level angle
- medium-full shot
- sharp focus on subject with blurred background (bokeh)
- standard portrait lens look
- off-centered composition with the subject slightly to the right, dynamic vertical lines from the wall and planter

Vibe & Style:
Overall mood is chic, effortless, and modern. The image should convey a sense of relaxed confidence and street cool."
Skirt,vto_image_20250814_083208,https://storage.googleapis.com/alleai-in/yaswanth/prog_content_testset_sampled/Skirt/vto_image_20250814_083208/reference.jpg?X-Amz-Algorithm=AWS4-HMAC-SHA256&X-Amz-Credential=GOOG4E63MNGYP5VR4UILWSHQ%2F20250910%2Fap-south-1%2Fs3%2Faws4_request&X-Amz-Date=20250910T114403Z&X-Amz-Expires=604800&X-Amz-SignedHeaders=host&X-Amz-Signature=0327de9a078f995303ed1b7110da319de98614abf4d37a865f0d25a9d1217a69,https://storage.googleapis.com/alleai-in/yaswanth/prog_content_testset_sampled/Skirt/vto_image_20250814_083208/garment.jpg?X-Amz-Algorithm=AWS4-HMAC-SHA256&X-Amz-Credential=GOOG4E63MNGYP5VR4UILWSHQ%2F20250910%2Fap-south-1%2Fs3%2Faws4_request&X-Amz-Date=20250910T114403Z&X-Amz-Expires=604800&X-Amz-SignedHeaders=host&X-Amz-Signature=a4f1b2998e69c4b212b2c3e56cfb3a7a416c17ce3e73f8f0fdcd536a3ca5f99e,https://storage.googleapis.com/alleai-in/yaswanth/prog_content_testset_sampled/Skirt/vto_image_20250814_083208/garment_cropped.jpg?X-Amz-Algorithm=AWS4-HMAC-SHA256&X-Amz-Credential=GOOG4E63MNGYP5VR4UILWSHQ%2F20250910%2Fap-south-1%2Fs3%2Faws4_request&X-Amz-Date=20250910T114403Z&X-Amz-Expires=604800&X-Amz-SignedHeaders=host&X-Amz-Signature=b1503af929c474e2b9263d2507d963dc7a723924c4e893c29151078aa2ba06cd,https://storage.googleapis.com/alleai-in/yaswanth/prog_content_testset_sampled/Skirt/vto_image_20250814_083208/garment_cropped_upscaled.jpg?X-Amz-Algorithm=AWS4-HMAC-SHA256&X-Amz-Credential=GOOG4E63MNGYP5VR4UILWSHQ%2F20250910%2Fap-south-1%2Fs3%2Faws4_request&X-Amz-Date=20250910T114403Z&X-Amz-Expires=604800&X-Amz-SignedHeaders=host&X-Amz-Signature=08ff35307e933a8b5a4c523713662214fe24e91d7a9f63d342db5a8580d84d48,https://storage.googleapis.com/alleai-in/yaswanth/prog_content_testset_sampled/Skirt/vto_image_20250814_083208/reference_upscaled.jpg?X-Amz-Algorithm=AWS4-HMAC-SHA256&X-Amz-Credential=GOOG4E63MNGYP5VR4UILWSHQ%2F20250910%2Fap-south-1%2Fs3%2Faws4_request&X-Amz-Date=20250910T114403Z&X-Amz-Expires=604800&X-Amz-SignedHeaders=host&X-Amz-Signature=d25edcf5d0873d73c49a1f96c024c5c6aa5d9aea786c659995bb1c9b11227bbd,https://storage.googleapis.com/alleai-in/yaswanth/prog_content_testset_sampled/Skirt/vto_image_20250814_083208/output_text_desc_redux_switch_5_mask_V5.jpg?X-Amz-Algorithm=AWS4-HMAC-SHA256&X-Amz-Credential=GOOG4E63MNGYP5VR4UILWSHQ%2F20250910%2Fap-south-1%2Fs3%2Faws4_request&X-Amz-Date=20250910T114403Z&X-Amz-Expires=604800&X-Amz-SignedHeaders=host&X-Amz-Signature=d14c608eaf2b2cc773cf0d1261a9c8f02b5ec2f0faa56799b2acd200b94d502f,https://storage.googleapis.com/alleai-in/yaswanth/prog_content_testset_sampled/Skirt/vto_image_20250814_083208/output_seedream.png?X-Amz-Algorithm=AWS4-HMAC-SHA256&X-Amz-Credential=GOOG4E63MNGYP5VR4UILWSHQ%2F20250910%2Fap-south-1%2Fs3%2Faws4_request&X-Amz-Date=20250910T114403Z&X-Amz-Expires=604800&X-Amz-SignedHeaders=host&X-Amz-Signature=17581d2921f1a0237db867ca784ff8b860cae19f5c4da94f42e825acb3f80243,https://storage.googleapis.com/alleai-in/yaswanth/prog_content_testset_sampled/Skirt/vto_image_20250814_083208/output_seedream_upscaled_garment.png?X-Amz-Algorithm=AWS4-HMAC-SHA256&X-Amz-Credential=GOOG4E63MNGYP5VR4UILWSHQ%2F20250910%2Fap-south-1%2Fs3%2Faws4_request&X-Amz-Date=20250910T114403Z&X-Amz-Expires=604800&X-Amz-SignedHeaders=host&X-Amz-Signature=3c8aa58cedef786aadbcf91921f76ba5983cf643365991554371ecfa99ca55fd,"A candid outdoor fashion portrait of a Latina woman wearing this vibrant red denim mini skirt. The skirt is paired with a green, white, and maroon striped short-sleeve sports jersey top, glossy red heeled loafers with white crew socks, and accessorized with white cat-eye sunglasses, gold hoop earrings, and a small black shoulder bag. Hair is styled in loose waves, and her expression is confident and relaxed, contributing to the overall vibe of the image.

The woman is facing slightly turned in a ¾ profile toward the camera. The pose is casual, with one hand resting by her side and the other holding her bag, standing with one leg slightly forward. Body language should feel relaxed and self-assured.

The setting is an urban street with a green painted door and brick wall, featuring natural daylight with soft shadows and crisp highlights. Background details include textured brickwork and painted wood panels. The scene is lit with natural daylight, creating warm highlights and subtle shadowing on the subject.

Camera details:
- eye-level angle
- medium-full shot
- sharp focus on subject with a softly blurred background (bokeh)
- standard portrait lens look
- off-centered composition with the subject dominating the foreground, using dynamic vertical lines from the door and wall

Vibe & Style:
Overall mood is chic, effortless, and modern. The image should convey street cool and individuality."
Top,vto_image_20250814_054049,https://storage.googleapis.com/alleai-in/yaswanth/prog_content_testset_sampled/Top/vto_image_20250814_054049/reference.jpg?X-Amz-Algorithm=AWS4-HMAC-SHA256&X-Amz-Credential=GOOG4E63MNGYP5VR4UILWSHQ%2F20250910%2Fap-south-1%2Fs3%2Faws4_request&X-Amz-Date=20250910T114403Z&X-Amz-Expires=604800&X-Amz-SignedHeaders=host&X-Amz-Signature=9c34334ace1605ce0eab996d0325fc1c83d0bd5b401d318007f9341d6d3e940e,https://storage.googleapis.com/alleai-in/yaswanth/prog_content_testset_sampled/Top/vto_image_20250814_054049/garment.jpg?X-Amz-Algorithm=AWS4-HMAC-SHA256&X-Amz-Credential=GOOG4E63MNGYP5VR4UILWSHQ%2F20250910%2Fap-south-1%2Fs3%2Faws4_request&X-Amz-Date=20250910T114403Z&X-Amz-Expires=604800&X-Amz-SignedHeaders=host&X-Amz-Signature=f25e557642f8d6dc454b17b44ba6e3c95955bef7f6e9c6bedde72ff41ded93ae,https://storage.googleapis.com/alleai-in/yaswanth/prog_content_testset_sampled/Top/vto_image_20250814_054049/garment_cropped.jpg?X-Amz-Algorithm=AWS4-HMAC-SHA256&X-Amz-Credential=GOOG4E63MNGYP5VR4UILWSHQ%2F20250910%2Fap-south-1%2Fs3%2Faws4_request&X-Amz-Date=20250910T114403Z&X-Amz-Expires=604800&X-Amz-SignedHeaders=host&X-Amz-Signature=240aba5a205eef225af97e404fe9e0471157de1e2219444d3a2ac0df7b7a1473,https://storage.googleapis.com/alleai-in/yaswanth/prog_content_testset_sampled/Top/vto_image_20250814_054049/garment_cropped_upscaled.jpg?X-Amz-Algorithm=AWS4-HMAC-SHA256&X-Amz-Credential=GOOG4E63MNGYP5VR4UILWSHQ%2F20250910%2Fap-south-1%2Fs3%2Faws4_request&X-Amz-Date=20250910T114403Z&X-Amz-Expires=604800&X-Amz-SignedHeaders=host&X-Amz-Signature=2c7c95548902221187a70d1818ac54690b5fd1e91729bebdea37088cccb28b88,https://storage.googleapis.com/alleai-in/yaswanth/prog_content_testset_sampled/Top/vto_image_20250814_054049/reference_upscaled.jpg?X-Amz-Algorithm=AWS4-HMAC-SHA256&X-Amz-Credential=GOOG4E63MNGYP5VR4UILWSHQ%2F20250910%2Fap-south-1%2Fs3%2Faws4_request&X-Amz-Date=20250910T114403Z&X-Amz-Expires=604800&X-Amz-SignedHeaders=host&X-Amz-Signature=ab5c54f55c9bc35a123c4bd1d233a28349b445a8cd9edc79fb52959e3b02d3f1,https://storage.googleapis.com/alleai-in/yaswanth/prog_content_testset_sampled/Top/vto_image_20250814_054049/output_text_desc_redux_switch_5_mask_V2.jpg?X-Amz-Algorithm=AWS4-HMAC-SHA256&X-Amz-Credential=GOOG4E63MNGYP5VR4UILWSHQ%2F20250910%2Fap-south-1%2Fs3%2Faws4_request&X-Amz-Date=20250910T114403Z&X-Amz-Expires=604800&X-Amz-SignedHeaders=host&X-Amz-Signature=164c758df992b3da384ce5e5ad58d55ab1b9e052ec79c5e37177f4714547e771,https://storage.googleapis.com/alleai-in/yaswanth/prog_content_testset_sampled/Top/vto_image_20250814_054049/output_seedream.png?X-Amz-Algorithm=AWS4-HMAC-SHA256&X-Amz-Credential=GOOG4E63MNGYP5VR4UILWSHQ%2F20250910%2Fap-south-1%2Fs3%2Faws4_request&X-Amz-Date=20250910T114403Z&X-Amz-Expires=604800&X-Amz-SignedHeaders=host&X-Amz-Signature=88d82d22015d474cac3b3e5d374d7c7024f856995a9ef4f30f2a454f2b0e0890,https://storage.googleapis.com/alleai-in/yaswanth/prog_content_testset_sampled/Top/vto_image_20250814_054049/output_seedream_upscaled_garment.png?X-Amz-Algorithm=AWS4-HMAC-SHA256&X-Amz-Credential=GOOG4E63MNGYP5VR4UILWSHQ%2F20250910%2Fap-south-1%2Fs3%2Faws4_request&X-Amz-Date=20250910T114403Z&X-Amz-Expires=604800&X-Amz-SignedHeaders=host&X-Amz-Signature=f6aeee3181d9ddc2946536677babed5a75d3126923f7ff5fdd8a328977067190,"A candid indoor fashion portrait of a woman of Mediterranean ethnicity wearing this fitted, bright white short-sleeve top. The top is paired with light blue, relaxed-fit jeans, white slide sandals, and accessorized with a round white shoulder bag and oversized gradient sunglasses. Hair is styled in loose, natural waves. Expression is relaxed and confident, contributing to the overall effortless vibe of the image.

The woman is facing directly toward the camera, with a casual pose—one hand in her pocket and the other holding a phone for a mirror selfie. Body language should feel relaxed and self-assured.

The setting is a modern, slightly cluttered indoor room with visible tech equipment, a suitcase, and a curtain partially framing the scene. Lighting is natural daylight streaming in from a window, creating soft shadows and gentle highlights on the subject. Background details include scattered clothes, a table with various items, and muted wall colors. The scene is lit with natural daylight, producing soft, even illumination and subtle highlights on the hair and outfit.

Camera details:
- Eye-level angle
- Medium-full shot
- Sharp focus on subject with a slightly blurred background (bokeh)
- Standard portrait lens look
- Centered composition with the subject dominating the foreground

Vibe & Style:
Overall mood is chic, casual, and modern. The image should convey effortless confidence and a sense of individuality."
Top,vto_image_20250811_091550,https://storage.googleapis.com/alleai-in/yaswanth/prog_content_testset_sampled/Top/vto_image_20250811_091550/reference.jpg?X-Amz-Algorithm=AWS4-HMAC-SHA256&X-Amz-Credential=GOOG4E63MNGYP5VR4UILWSHQ%2F20250910%2Fap-south-1%2Fs3%2Faws4_request&X-Amz-Date=20250910T114403Z&X-Amz-Expires=604800&X-Amz-SignedHeaders=host&X-Amz-Signature=6379bd77e8356f9a47d1a30fa12e65034c6d1a7519b77f96da0e9f7e73c817e0,https://storage.googleapis.com/alleai-in/yaswanth/prog_content_testset_sampled/Top/vto_image_20250811_091550/garment.jpg?X-Amz-Algorithm=AWS4-HMAC-SHA256&X-Amz-Credential=GOOG4E63MNGYP5VR4UILWSHQ%2F20250910%2Fap-south-1%2Fs3%2Faws4_request&X-Amz-Date=20250910T114403Z&X-Amz-Expires=604800&X-Amz-SignedHeaders=host&X-Amz-Signature=a2dbaa845c243400eeeb55f276151ad2fdfd9f737c48e11687d033e1f0195859,https://storage.googleapis.com/alleai-in/yaswanth/prog_content_testset_sampled/Top/vto_image_20250811_091550/garment_cropped.jpg?X-Amz-Algorithm=AWS4-HMAC-SHA256&X-Amz-Credential=GOOG4E63MNGYP5VR4UILWSHQ%2F20250910%2Fap-south-1%2Fs3%2Faws4_request&X-Amz-Date=20250910T114403Z&X-Amz-Expires=604800&X-Amz-SignedHeaders=host&X-Amz-Signature=e927816fdfd1d1f9ff5007855e2994f419f57db265ffa0a004c579ed2f2aa09c,https://storage.googleapis.com/alleai-in/yaswanth/prog_content_testset_sampled/Top/vto_image_20250811_091550/garment_cropped_upscaled.jpg?X-Amz-Algorithm=AWS4-HMAC-SHA256&X-Amz-Credential=GOOG4E63MNGYP5VR4UILWSHQ%2F20250910%2Fap-south-1%2Fs3%2Faws4_request&X-Amz-Date=20250910T114403Z&X-Amz-Expires=604800&X-Amz-SignedHeaders=host&X-Amz-Signature=75d86776176a77cc181ecf25341e6a9c0117fba9a256254a71ca7bb42c90fa3a,https://storage.googleapis.com/alleai-in/yaswanth/prog_content_testset_sampled/Top/vto_image_20250811_091550/reference_upscaled.jpg?X-Amz-Algorithm=AWS4-HMAC-SHA256&X-Amz-Credential=GOOG4E63MNGYP5VR4UILWSHQ%2F20250910%2Fap-south-1%2Fs3%2Faws4_request&X-Amz-Date=20250910T114403Z&X-Amz-Expires=604800&X-Amz-SignedHeaders=host&X-Amz-Signature=45ba19372edc6025a3be4b3bd18e5c7617e31692fa67203c7a311272661bd8ff,https://storage.googleapis.com/alleai-in/yaswanth/prog_content_testset_sampled/Top/vto_image_20250811_091550/output_text_desc_redux_switch_5_mask_V2.jpg?X-Amz-Algorithm=AWS4-HMAC-SHA256&X-Amz-Credential=GOOG4E63MNGYP5VR4UILWSHQ%2F20250910%2Fap-south-1%2Fs3%2Faws4_request&X-Amz-Date=20250910T114403Z&X-Amz-Expires=604800&X-Amz-SignedHeaders=host&X-Amz-Signature=2974a746175dd5c06630c7af62013395febdc748703edf26bf5a8fd0c0421b98,https://storage.googleapis.com/alleai-in/yaswanth/prog_content_testset_sampled/Top/vto_image_20250811_091550/output_seedream.png?X-Amz-Algorithm=AWS4-HMAC-SHA256&X-Amz-Credential=GOOG4E63MNGYP5VR4UILWSHQ%2F20250910%2Fap-south-1%2Fs3%2Faws4_request&X-Amz-Date=20250910T114403Z&X-Amz-Expires=604800&X-Amz-SignedHeaders=host&X-Amz-Signature=7465c122c7f33fa71cd6d7ad12236a9d598f3dc714a76dadb313b247d9a73006,https://storage.googleapis.com/alleai-in/yaswanth/prog_content_testset_sampled/Top/vto_image_20250811_091550/output_seedream_upscaled_garment.png?X-Amz-Algorithm=AWS4-HMAC-SHA256&X-Amz-Credential=GOOG4E63MNGYP5VR4UILWSHQ%2F20250910%2Fap-south-1%2Fs3%2Faws4_request&X-Amz-Date=20250910T114403Z&X-Amz-Expires=604800&X-Amz-SignedHeaders=host&X-Amz-Signature=f67d9d5cbedad2842f207ab792289d8dcb1de40f61d5a03898268b330cff0b1d,"A candid outdoor fashion portrait of a woman of Mediterranean ethnicity wearing this taupe ribbed strapless top. The strapless top is paired with high-waisted, wide-leg white trousers, black slide sandals, and no visible accessories. Hair is styled in loose waves, and her expression is relaxed and slightly thoughtful, contributing to the overall effortless vibe of the image.

The woman is facing directly toward the camera. The pose is casual, with one hand resting on her hip and the other relaxed by her side, body language should feel confident and relaxed.

The setting is a modern outdoor patio with a minimalist white wall, pebbled ground, and some greenery including cacti and ornamental grasses in the background. Lighting is natural daylight with soft shadows and crisp highlights, creating gentle contrast and a clean, fresh look.

Camera details:
- eye-level angle
- full-body framing
- sharp focus on subject with a slightly blurred background (bokeh)
- standard portrait lens look
- composition is centered, with the subject dominating the foreground and clean architectural lines in the background

Vibe & Style:
Overall mood is chic, effortless, and modern. The image should convey a sense of confidence, individuality, and understated elegance."
Top,vto_image_20250826_084100,https://storage.googleapis.com/alleai-in/yaswanth/prog_content_testset_sampled/Top/vto_image_20250826_084100/reference.jpg?X-Amz-Algorithm=AWS4-HMAC-SHA256&X-Amz-Credential=GOOG4E63MNGYP5VR4UILWSHQ%2F20250910%2Fap-south-1%2Fs3%2Faws4_request&X-Amz-Date=20250910T114403Z&X-Amz-Expires=604800&X-Amz-SignedHeaders=host&X-Amz-Signature=30fcbdc78c084a909f996a2aafe147f161eca1f5385c1056077966e62adca4e3,https://storage.googleapis.com/alleai-in/yaswanth/prog_content_testset_sampled/Top/vto_image_20250826_084100/garment.jpg?X-Amz-Algorithm=AWS4-HMAC-SHA256&X-Amz-Credential=GOOG4E63MNGYP5VR4UILWSHQ%2F20250910%2Fap-south-1%2Fs3%2Faws4_request&X-Amz-Date=20250910T114403Z&X-Amz-Expires=604800&X-Amz-SignedHeaders=host&X-Amz-Signature=2a4e3a5e36a7957ef176ea55b4df5fe378e74df9bf35918dc9637470e96132b9,https://storage.googleapis.com/alleai-in/yaswanth/prog_content_testset_sampled/Top/vto_image_20250826_084100/garment_cropped.jpg?X-Amz-Algorithm=AWS4-HMAC-SHA256&X-Amz-Credential=GOOG4E63MNGYP5VR4UILWSHQ%2F20250910%2Fap-south-1%2Fs3%2Faws4_request&X-Amz-Date=20250910T114403Z&X-Amz-Expires=604800&X-Amz-SignedHeaders=host&X-Amz-Signature=70a6ff493623a504f191c9b10b780df4b56c38ff91433aa898b540bb96303ec3,https://storage.googleapis.com/alleai-in/yaswanth/prog_content_testset_sampled/Top/vto_image_20250826_084100/garment_cropped_upscaled.jpg?X-Amz-Algorithm=AWS4-HMAC-SHA256&X-Amz-Credential=GOOG4E63MNGYP5VR4UILWSHQ%2F20250910%2Fap-south-1%2Fs3%2Faws4_request&X-Amz-Date=20250910T114403Z&X-Amz-Expires=604800&X-Amz-SignedHeaders=host&X-Amz-Signature=f8d6200088c814e7fc92814a5f4331dddd1c3bbbd4050bec2c119d8bfd809df8,https://storage.googleapis.com/alleai-in/yaswanth/prog_content_testset_sampled/Top/vto_image_20250826_084100/reference_upscaled.jpg?X-Amz-Algorithm=AWS4-HMAC-SHA256&X-Amz-Credential=GOOG4E63MNGYP5VR4UILWSHQ%2F20250910%2Fap-south-1%2Fs3%2Faws4_request&X-Amz-Date=20250910T114403Z&X-Amz-Expires=604800&X-Amz-SignedHeaders=host&X-Amz-Signature=df7ec4d9758475a78593ffe082a484c0ba13a82429e90dbb2489669543527734,https://storage.googleapis.com/alleai-in/yaswanth/prog_content_testset_sampled/Top/vto_image_20250826_084100/output_text_desc_redux_switch_5_mask_V2.jpg?X-Amz-Algorithm=AWS4-HMAC-SHA256&X-Amz-Credential=GOOG4E63MNGYP5VR4UILWSHQ%2F20250910%2Fap-south-1%2Fs3%2Faws4_request&X-Amz-Date=20250910T114403Z&X-Amz-Expires=604800&X-Amz-SignedHeaders=host&X-Amz-Signature=a0ece43648bbf96801461974acd4bbb024818fb7859473bef578b3b4bf07cba7,https://storage.googleapis.com/alleai-in/yaswanth/prog_content_testset_sampled/Top/vto_image_20250826_084100/output_seedream.png?X-Amz-Algorithm=AWS4-HMAC-SHA256&X-Amz-Credential=GOOG4E63MNGYP5VR4UILWSHQ%2F20250910%2Fap-south-1%2Fs3%2Faws4_request&X-Amz-Date=20250910T114403Z&X-Amz-Expires=604800&X-Amz-SignedHeaders=host&X-Amz-Signature=c6d06bfa04cbfa56f1e79334424cf231702e6843b240758f7bae633724660eef,https://storage.googleapis.com/alleai-in/yaswanth/prog_content_testset_sampled/Top/vto_image_20250826_084100/output_seedream_upscaled_garment.png?X-Amz-Algorithm=AWS4-HMAC-SHA256&X-Amz-Credential=GOOG4E63MNGYP5VR4UILWSHQ%2F20250910%2Fap-south-1%2Fs3%2Faws4_request&X-Amz-Date=20250910T114403Z&X-Amz-Expires=604800&X-Amz-SignedHeaders=host&X-Amz-Signature=2201c7ca8f366df9fe00419dd07079b2ebac3706debf8b0a36c27f9234b3d475,"A candid outdoor fashion portrait of a Black woman wearing this white floral applique crop top. The white floral applique crop top is paired with a lavender and patterned wrap skirt with a side tie, and no visible footwear or accessories. Hair is styled sleek and tied back. Expression is thoughtful, contributing to the overall vibe of the image.

The woman is facing slightly turned ¾ profile. The pose is walking mid-stride along a garden path. Body language should feel relaxed and graceful.

The setting is a lush garden with abundant green foliage, with natural daylight creating soft shadows and crisp highlights. Background details include tropical plants, leafy textures, and a winding garden path. The scene is lit with natural daylight. The light creates warm highlights and soft backlighting, with a gentle rim glow on the hair.

Camera details:
- eye-level
- medium-full shot
- sharp focus on subject with blurred background (bokeh)
- standard portrait lens look
- off-centered composition, subject dominating foreground

Vibe & Style:
Overall mood is chic, effortless, and serene. The image should convey a sense of mindfulness and free-spirited energy."
Top,vto_image_20250827_080315,https://storage.googleapis.com/alleai-in/yaswanth/prog_content_testset_sampled/Top/vto_image_20250827_080315/reference.jpg?X-Amz-Algorithm=AWS4-HMAC-SHA256&X-Amz-Credential=GOOG4E63MNGYP5VR4UILWSHQ%2F20250910%2Fap-south-1%2Fs3%2Faws4_request&X-Amz-Date=20250910T114403Z&X-Amz-Expires=604800&X-Amz-SignedHeaders=host&X-Amz-Signature=8c110cd6775a313af5b3057a4523a3016da318d7280e4444d19c076c3059fc83,https://storage.googleapis.com/alleai-in/yaswanth/prog_content_testset_sampled/Top/vto_image_20250827_080315/garment.jpg?X-Amz-Algorithm=AWS4-HMAC-SHA256&X-Amz-Credential=GOOG4E63MNGYP5VR4UILWSHQ%2F20250910%2Fap-south-1%2Fs3%2Faws4_request&X-Amz-Date=20250910T114403Z&X-Amz-Expires=604800&X-Amz-SignedHeaders=host&X-Amz-Signature=b701d0f63ad601c691ca11c6a3148c862fe35c7e71bf6d0355828527a164f665,https://storage.googleapis.com/alleai-in/yaswanth/prog_content_testset_sampled/Top/vto_image_20250827_080315/garment_cropped.jpg?X-Amz-Algorithm=AWS4-HMAC-SHA256&X-Amz-Credential=GOOG4E63MNGYP5VR4UILWSHQ%2F20250910%2Fap-south-1%2Fs3%2Faws4_request&X-Amz-Date=20250910T114403Z&X-Amz-Expires=604800&X-Amz-SignedHeaders=host&X-Amz-Signature=2389cc6255abdcc3776d10569f1fb5c0a6d8db9d7308aeba968fe59dfffccc7b,https://storage.googleapis.com/alleai-in/yaswanth/prog_content_testset_sampled/Top/vto_image_20250827_080315/garment_cropped_upscaled.jpg?X-Amz-Algorithm=AWS4-HMAC-SHA256&X-Amz-Credential=GOOG4E63MNGYP5VR4UILWSHQ%2F20250910%2Fap-south-1%2Fs3%2Faws4_request&X-Amz-Date=20250910T114403Z&X-Amz-Expires=604800&X-Amz-SignedHeaders=host&X-Amz-Signature=e0f62e5b92f13c543c6646c702110c023f2ba309e0e8a23be3bf65319e6ea3dc,https://storage.googleapis.com/alleai-in/yaswanth/prog_content_testset_sampled/Top/vto_image_20250827_080315/reference_upscaled.jpg?X-Amz-Algorithm=AWS4-HMAC-SHA256&X-Amz-Credential=GOOG4E63MNGYP5VR4UILWSHQ%2F20250910%2Fap-south-1%2Fs3%2Faws4_request&X-Amz-Date=20250910T114403Z&X-Amz-Expires=604800&X-Amz-SignedHeaders=host&X-Amz-Signature=bd43095e9a382837d13c1a8d24020ca1207fe07efc90995db3fccf6d7abe4423,https://storage.googleapis.com/alleai-in/yaswanth/prog_content_testset_sampled/Top/vto_image_20250827_080315/output_text_desc_redux_switch_5_mask_V2.jpg?X-Amz-Algorithm=AWS4-HMAC-SHA256&X-Amz-Credential=GOOG4E63MNGYP5VR4UILWSHQ%2F20250910%2Fap-south-1%2Fs3%2Faws4_request&X-Amz-Date=20250910T114403Z&X-Amz-Expires=604800&X-Amz-SignedHeaders=host&X-Amz-Signature=fb70494aa6af40d921929a6c22f706e7b4f2f701c7a12d7c1dc19f0ce74514c1,https://storage.googleapis.com/alleai-in/yaswanth/prog_content_testset_sampled/Top/vto_image_20250827_080315/output_seedream.png?X-Amz-Algorithm=AWS4-HMAC-SHA256&X-Amz-Credential=GOOG4E63MNGYP5VR4UILWSHQ%2F20250910%2Fap-south-1%2Fs3%2Faws4_request&X-Amz-Date=20250910T114403Z&X-Amz-Expires=604800&X-Amz-SignedHeaders=host&X-Amz-Signature=fc7a9a7406fe8d7ddea16cc17acec6950668ad4c04562a805184a5f62a0f7724,https://storage.googleapis.com/alleai-in/yaswanth/prog_content_testset_sampled/Top/vto_image_20250827_080315/output_seedream_upscaled_garment.png?X-Amz-Algorithm=AWS4-HMAC-SHA256&X-Amz-Credential=GOOG4E63MNGYP5VR4UILWSHQ%2F20250910%2Fap-south-1%2Fs3%2Faws4_request&X-Amz-Date=20250910T114403Z&X-Amz-Expires=604800&X-Amz-SignedHeaders=host&X-Amz-Signature=886d5611482f81b2195d0e90e7dc8a1be05a4094db133e13327711290246258d,"A candid outdoor fashion portrait of a Middle Eastern woman wearing this crisp white button-down blouse with pearl buttons and slightly puffed sleeves. The white button-down blouse is paired with high-waisted, wide-leg, light beige linen trousers, a large structured tan leather tote bag, and accessorized with chunky gold hoop earrings, gold bangles, and statement rings. Hair is styled sleek and tied up. Expression is relaxed and confident, contributing to the overall chic vibe of the image.

The woman is facing directly toward the camera. The pose is casually leaning against a stone building, one hand in her pocket and the other holding the tote bag. Body language should feel poised, relaxed, and self-assured.

The setting is an urban street with historic stone architecture, large wooden doors, and tall windows in the background, with natural daylight casting soft shadows and crisp highlights. Background details include textured stone walls, wooden door panels, and pavement. The scene is lit with natural daylight, creating warm highlights and subtle, flattering shadows on the subject.

Camera details:
- eye-level angle
- medium-full shot
- sharp focus on subject with blurred background (bokeh)
- standard portrait lens look
- off-centered composition with the subject slightly to the right, dynamic vertical lines from the architecture

Vibe & Style:
Overall mood is chic, effortless, and modern. The image should convey empowerment, street cool, and a sense of individuality."
Top,vto_image_20250826_144619,https://storage.googleapis.com/alleai-in/yaswanth/prog_content_testset_sampled/Top/vto_image_20250826_144619/reference.jpg?X-Amz-Algorithm=AWS4-HMAC-SHA256&X-Amz-Credential=GOOG4E63MNGYP5VR4UILWSHQ%2F20250910%2Fap-south-1%2Fs3%2Faws4_request&X-Amz-Date=20250910T114403Z&X-Amz-Expires=604800&X-Amz-SignedHeaders=host&X-Amz-Signature=b99ffdb68cffa9fb888855af21a4d85848fa126d37454dfc02fbe5da6b7f8c9e,https://storage.googleapis.com/alleai-in/yaswanth/prog_content_testset_sampled/Top/vto_image_20250826_144619/garment.jpg?X-Amz-Algorithm=AWS4-HMAC-SHA256&X-Amz-Credential=GOOG4E63MNGYP5VR4UILWSHQ%2F20250910%2Fap-south-1%2Fs3%2Faws4_request&X-Amz-Date=20250910T114403Z&X-Amz-Expires=604800&X-Amz-SignedHeaders=host&X-Amz-Signature=141ebac9fca3d0f825423fc1fd05db2032c5f895532b330d5095fff0d15c40b0,https://storage.googleapis.com/alleai-in/yaswanth/prog_content_testset_sampled/Top/vto_image_20250826_144619/garment_cropped.jpg?X-Amz-Algorithm=AWS4-HMAC-SHA256&X-Amz-Credential=GOOG4E63MNGYP5VR4UILWSHQ%2F20250910%2Fap-south-1%2Fs3%2Faws4_request&X-Amz-Date=20250910T114403Z&X-Amz-Expires=604800&X-Amz-SignedHeaders=host&X-Amz-Signature=ad7dab209d317ae563d33de98880c6ef3ed6214583ca77f59885bcb7f8cce0f7,https://storage.googleapis.com/alleai-in/yaswanth/prog_content_testset_sampled/Top/vto_image_20250826_144619/garment_cropped_upscaled.jpg?X-Amz-Algorithm=AWS4-HMAC-SHA256&X-Amz-Credential=GOOG4E63MNGYP5VR4UILWSHQ%2F20250910%2Fap-south-1%2Fs3%2Faws4_request&X-Amz-Date=20250910T114403Z&X-Amz-Expires=604800&X-Amz-SignedHeaders=host&X-Amz-Signature=f6e3773c9db24ed769ed2006c2ed439f33f9829152b1ce8b1e38e97fb21fd680,https://storage.googleapis.com/alleai-in/yaswanth/prog_content_testset_sampled/Top/vto_image_20250826_144619/reference_upscaled.jpg?X-Amz-Algorithm=AWS4-HMAC-SHA256&X-Amz-Credential=GOOG4E63MNGYP5VR4UILWSHQ%2F20250910%2Fap-south-1%2Fs3%2Faws4_request&X-Amz-Date=20250910T114403Z&X-Amz-Expires=604800&X-Amz-SignedHeaders=host&X-Amz-Signature=9e9ae41b98a461cf28edaa9583f101399353b602ffd05e4179fc1932fa9df624,https://storage.googleapis.com/alleai-in/yaswanth/prog_content_testset_sampled/Top/vto_image_20250826_144619/output_text_desc_redux_switch_5_mask_V2.jpg?X-Amz-Algorithm=AWS4-HMAC-SHA256&X-Amz-Credential=GOOG4E63MNGYP5VR4UILWSHQ%2F20250910%2Fap-south-1%2Fs3%2Faws4_request&X-Amz-Date=20250910T114403Z&X-Amz-Expires=604800&X-Amz-SignedHeaders=host&X-Amz-Signature=c0a20567590ec71ffac27b3d9d364c6bbf6c7592f70dd68d81a3cc176d6a2f3b,https://storage.googleapis.com/alleai-in/yaswanth/prog_content_testset_sampled/Top/vto_image_20250826_144619/output_seedream.png?X-Amz-Algorithm=AWS4-HMAC-SHA256&X-Amz-Credential=GOOG4E63MNGYP5VR4UILWSHQ%2F20250910%2Fap-south-1%2Fs3%2Faws4_request&X-Amz-Date=20250910T114403Z&X-Amz-Expires=604800&X-Amz-SignedHeaders=host&X-Amz-Signature=c875c382e7b75e69b6714f75ab50e397c963c7482b199bc7bc4655546debbdd1,https://storage.googleapis.com/alleai-in/yaswanth/prog_content_testset_sampled/Top/vto_image_20250826_144619/output_seedream_upscaled_garment.png?X-Amz-Algorithm=AWS4-HMAC-SHA256&X-Amz-Credential=GOOG4E63MNGYP5VR4UILWSHQ%2F20250910%2Fap-south-1%2Fs3%2Faws4_request&X-Amz-Date=20250910T114403Z&X-Amz-Expires=604800&X-Amz-SignedHeaders=host&X-Amz-Signature=788d25e7a59803b2c15cfbb502fcbaef3d2693ec4cc8224dc9e83062fa75eff4,"A candid outdoor fashion portrait of a white woman wearing this chocolate brown asymmetric long-sleeve top with a decorative flower detail and pearl chain accent. The top is paired with high-waisted, fitted white flared pants, black footwear, and accessorized with round sunglasses and a delicate necklace. Hair is styled in a casual, slightly tousled ponytail. Expression is relaxed and joyful, contributing to the overall carefree vibe of the image.

The woman is facing directly toward the camera, with her arms raised as if adjusting her hair, in a natural, mid-action pose. Body language should feel relaxed and confident.

The setting is an urban rooftop parking lot, with natural daylight and crisp highlights. Background details include modern buildings, concrete surfaces, and distant cityscape elements. The scene is lit with bright midday sunlight, creating warm highlights and subtle shadows.

Camera details:
- eye-level angle
- medium-full shot
- sharp focus on subject with blurred background (bokeh)
- standard portrait lens look
- centered composition

Vibe & Style:
Overall mood is chic, effortless, and modern. The image should convey a sense of individuality and street cool."
Top,vto_image_20250827_081030,https://storage.googleapis.com/alleai-in/yaswanth/prog_content_testset_sampled/Top/vto_image_20250827_081030/reference.jpg?X-Amz-Algorithm=AWS4-HMAC-SHA256&X-Amz-Credential=GOOG4E63MNGYP5VR4UILWSHQ%2F20250910%2Fap-south-1%2Fs3%2Faws4_request&X-Amz-Date=20250910T114403Z&X-Amz-Expires=604800&X-Amz-SignedHeaders=host&X-Amz-Signature=27d993faf4028edbd641f4aaad2391eba7b3fd53818cb9e81b355d8f7e28d4e0,https://storage.googleapis.com/alleai-in/yaswanth/prog_content_testset_sampled/Top/vto_image_20250827_081030/garment.jpg?X-Amz-Algorithm=AWS4-HMAC-SHA256&X-Amz-Credential=GOOG4E63MNGYP5VR4UILWSHQ%2F20250910%2Fap-south-1%2Fs3%2Faws4_request&X-Amz-Date=20250910T114403Z&X-Amz-Expires=604800&X-Amz-SignedHeaders=host&X-Amz-Signature=7079584be4ce11d8dfd1309297115b985c82c572358aab300875c44ae4c7619a,https://storage.googleapis.com/alleai-in/yaswanth/prog_content_testset_sampled/Top/vto_image_20250827_081030/garment_cropped.jpg?X-Amz-Algorithm=AWS4-HMAC-SHA256&X-Amz-Credential=GOOG4E63MNGYP5VR4UILWSHQ%2F20250910%2Fap-south-1%2Fs3%2Faws4_request&X-Amz-Date=20250910T114403Z&X-Amz-Expires=604800&X-Amz-SignedHeaders=host&X-Amz-Signature=75c7557dea03eddd8ebd8296e902ef224fbdce131d542051bbac6204fa47a911,https://storage.googleapis.com/alleai-in/yaswanth/prog_content_testset_sampled/Top/vto_image_20250827_081030/garment_cropped_upscaled.jpg?X-Amz-Algorithm=AWS4-HMAC-SHA256&X-Amz-Credential=GOOG4E63MNGYP5VR4UILWSHQ%2F20250910%2Fap-south-1%2Fs3%2Faws4_request&X-Amz-Date=20250910T114403Z&X-Amz-Expires=604800&X-Amz-SignedHeaders=host&X-Amz-Signature=61163afabfb9c712f470957da6554a5225606dd6ac14f76bc2fc0085ff75004e,https://storage.googleapis.com/alleai-in/yaswanth/prog_content_testset_sampled/Top/vto_image_20250827_081030/reference_upscaled.jpg?X-Amz-Algorithm=AWS4-HMAC-SHA256&X-Amz-Credential=GOOG4E63MNGYP5VR4UILWSHQ%2F20250910%2Fap-south-1%2Fs3%2Faws4_request&X-Amz-Date=20250910T114403Z&X-Amz-Expires=604800&X-Amz-SignedHeaders=host&X-Amz-Signature=5ecaaf99a356042dc096bb75364d4f84d9fc5d7ba32d96840098637aba619d92,https://storage.googleapis.com/alleai-in/yaswanth/prog_content_testset_sampled/Top/vto_image_20250827_081030/output_text_desc_redux_switch_5_mask_V2.jpg?X-Amz-Algorithm=AWS4-HMAC-SHA256&X-Amz-Credential=GOOG4E63MNGYP5VR4UILWSHQ%2F20250910%2Fap-south-1%2Fs3%2Faws4_request&X-Amz-Date=20250910T114403Z&X-Amz-Expires=604800&X-Amz-SignedHeaders=host&X-Amz-Signature=ea029b3abdbe5877d81114b265587ac2678c68e41b27290ca04992300739adce,https://storage.googleapis.com/alleai-in/yaswanth/prog_content_testset_sampled/Top/vto_image_20250827_081030/output_seedream.png?X-Amz-Algorithm=AWS4-HMAC-SHA256&X-Amz-Credential=GOOG4E63MNGYP5VR4UILWSHQ%2F20250910%2Fap-south-1%2Fs3%2Faws4_request&X-Amz-Date=20250910T114403Z&X-Amz-Expires=604800&X-Amz-SignedHeaders=host&X-Amz-Signature=4cc6b284942b430d9bc4f0ab24d5277acbed1ab394ccc8b9ed53c6a255d320c8,https://storage.googleapis.com/alleai-in/yaswanth/prog_content_testset_sampled/Top/vto_image_20250827_081030/output_seedream_upscaled_garment.png?X-Amz-Algorithm=AWS4-HMAC-SHA256&X-Amz-Credential=GOOG4E63MNGYP5VR4UILWSHQ%2F20250910%2Fap-south-1%2Fs3%2Faws4_request&X-Amz-Date=20250910T114403Z&X-Amz-Expires=604800&X-Amz-SignedHeaders=host&X-Amz-Signature=90c334c63138b5b252e5a413c8fdbd6c14b0092577402cf234f983339513ea56,"A candid indoor fashion portrait of an Asian woman wearing this elegant black off-shoulder ruched top. The top is paired with relaxed-fit high-waisted blue jeans, black crossbody bag with metallic accents, and no visible footwear. Accessories include clear eyeglasses and a simple wristwatch. Hair is styled loose and straight, with a natural flow as she casually touches it. Expression is relaxed and confident, contributing to the overall chic vibe of the image.

The woman is facing directly toward the camera. The pose is casual, with one hand holding the bag and the other brushing through her hair, standing with a slight lean. Body language should feel relaxed and self-assured.

The setting is a modern indoor space with neutral beige walls, marble flooring, and decorative wooden wall panels featuring white abstract patterns. Lighting is soft indoor diffused lighting, creating gentle shadows and even illumination across the scene. Background details include the textured wall panels and subtle architectural lines. The scene is lit with soft, even indoor lighting, producing minimal shadows and a clean, polished look.

Camera details:
- eye-level angle
- medium-full shot
- sharp focus on subject with slightly softened background
- standard portrait lens look
- centered composition with the subject framed by the decorative wall panels

Vibe & Style:
Overall mood is chic, effortless, and modern. The image should convey confidence, individuality, and a sense of contemporary style."
Top,vto_image_20250826_150818,https://storage.googleapis.com/alleai-in/yaswanth/prog_content_testset_sampled/Top/vto_image_20250826_150818/reference.jpg?X-Amz-Algorithm=AWS4-HMAC-SHA256&X-Amz-Credential=GOOG4E63MNGYP5VR4UILWSHQ%2F20250910%2Fap-south-1%2Fs3%2Faws4_request&X-Amz-Date=20250910T114403Z&X-Amz-Expires=604800&X-Amz-SignedHeaders=host&X-Amz-Signature=3feb05c1d80b64eb12e9614702a9fcb55003ba55384db16248cd102d43b12520,https://storage.googleapis.com/alleai-in/yaswanth/prog_content_testset_sampled/Top/vto_image_20250826_150818/garment.jpg?X-Amz-Algorithm=AWS4-HMAC-SHA256&X-Amz-Credential=GOOG4E63MNGYP5VR4UILWSHQ%2F20250910%2Fap-south-1%2Fs3%2Faws4_request&X-Amz-Date=20250910T114403Z&X-Amz-Expires=604800&X-Amz-SignedHeaders=host&X-Amz-Signature=58b6b62c8124052fe152773fe4a1c1ceef554f9e889b6693cb6e366b1e63cd13,https://storage.googleapis.com/alleai-in/yaswanth/prog_content_testset_sampled/Top/vto_image_20250826_150818/garment_cropped.jpg?X-Amz-Algorithm=AWS4-HMAC-SHA256&X-Amz-Credential=GOOG4E63MNGYP5VR4UILWSHQ%2F20250910%2Fap-south-1%2Fs3%2Faws4_request&X-Amz-Date=20250910T114403Z&X-Amz-Expires=604800&X-Amz-SignedHeaders=host&X-Amz-Signature=c51d329e260613917459b55a6754477837eed51ddb7288c94015e8f1564f80ce,https://storage.googleapis.com/alleai-in/yaswanth/prog_content_testset_sampled/Top/vto_image_20250826_150818/garment_cropped_upscaled.jpg?X-Amz-Algorithm=AWS4-HMAC-SHA256&X-Amz-Credential=GOOG4E63MNGYP5VR4UILWSHQ%2F20250910%2Fap-south-1%2Fs3%2Faws4_request&X-Amz-Date=20250910T114403Z&X-Amz-Expires=604800&X-Amz-SignedHeaders=host&X-Amz-Signature=fe4cdbd45f0336e1665cbc473492647afca297ee978a5d1421472713ec4d6cf2,https://storage.googleapis.com/alleai-in/yaswanth/prog_content_testset_sampled/Top/vto_image_20250826_150818/reference_upscaled.jpg?X-Amz-Algorithm=AWS4-HMAC-SHA256&X-Amz-Credential=GOOG4E63MNGYP5VR4UILWSHQ%2F20250910%2Fap-south-1%2Fs3%2Faws4_request&X-Amz-Date=20250910T114403Z&X-Amz-Expires=604800&X-Amz-SignedHeaders=host&X-Amz-Signature=6ba80a9d383ac9ac48c12ac7b05e854a86900455f67ad51f21c3e52ae024ad71,https://storage.googleapis.com/alleai-in/yaswanth/prog_content_testset_sampled/Top/vto_image_20250826_150818/output_text_desc_redux_switch_5_mask_V2.jpg?X-Amz-Algorithm=AWS4-HMAC-SHA256&X-Amz-Credential=GOOG4E63MNGYP5VR4UILWSHQ%2F20250910%2Fap-south-1%2Fs3%2Faws4_request&X-Amz-Date=20250910T114403Z&X-Amz-Expires=604800&X-Amz-SignedHeaders=host&X-Amz-Signature=39ff8987452ac9239ef0656e8e4e0a1e3ed364f042eeab077934c0ca54d51c6e,https://storage.googleapis.com/alleai-in/yaswanth/prog_content_testset_sampled/Top/vto_image_20250826_150818/output_seedream.png?X-Amz-Algorithm=AWS4-HMAC-SHA256&X-Amz-Credential=GOOG4E63MNGYP5VR4UILWSHQ%2F20250910%2Fap-south-1%2Fs3%2Faws4_request&X-Amz-Date=20250910T114403Z&X-Amz-Expires=604800&X-Amz-SignedHeaders=host&X-Amz-Signature=b3189e8f45fa3799d5c3ab1880bba59ee01022fdf442ad819dcb05c478e43d32,https://storage.googleapis.com/alleai-in/yaswanth/prog_content_testset_sampled/Top/vto_image_20250826_150818/output_seedream_upscaled_garment.png?X-Amz-Algorithm=AWS4-HMAC-SHA256&X-Amz-Credential=GOOG4E63MNGYP5VR4UILWSHQ%2F20250910%2Fap-south-1%2Fs3%2Faws4_request&X-Amz-Date=20250910T114403Z&X-Amz-Expires=604800&X-Amz-SignedHeaders=host&X-Amz-Signature=e066f5e814cd29d21c6d362ca20ea79dfbd2bafe7ae0d5ddc57f382ba3cd83ea,"A candid outdoor fashion portrait of a Caucasian woman wearing this light pastel pink long sleeve lace top. The long sleeve lace top is paired with crisp white high-waisted flared trousers, nude open-toe heeled sandals, and accessorized with a large cream tote bag and statement white floral earrings. Hair is styled in loose, voluminous waves cascading over her shoulders. Expression is relaxed and cheerful, contributing to the overall vibe of the image.

The woman is facing directly toward the camera. The pose is a natural walking mid-stride, as if she is strolling along a porch. Body language should feel confident, graceful, and effortless.

The setting is a charming porch with white wooden railings, surrounded by lush green garden scenery and potted plants, with soft natural daylight illuminating the scene. Background details include leafy trees, a manicured lawn, and classic porch furniture like a white rocking chair. The scene is lit with natural daylight, creating soft highlights and gentle shadows, with a subtle glow on her hair and a fresh, airy atmosphere.

Camera details:
- eye-level angle
- medium-full shot
- sharp focus on subject with a softly blurred background (bokeh)
- standard portrait lens look
- composition is centered, with the subject dominating the foreground and the porch environment framing her naturally

Vibe & Style:
Overall mood is chic, effortless, and modern. The image should convey a sense of relaxed elegance, confidence, and summery freshness."
Top,vto_image_20250811_062235,https://storage.googleapis.com/alleai-in/yaswanth/prog_content_testset_sampled/Top/vto_image_20250811_062235/reference.jpg?X-Amz-Algorithm=AWS4-HMAC-SHA256&X-Amz-Credential=GOOG4E63MNGYP5VR4UILWSHQ%2F20250910%2Fap-south-1%2Fs3%2Faws4_request&X-Amz-Date=20250910T114403Z&X-Amz-Expires=604800&X-Amz-SignedHeaders=host&X-Amz-Signature=95a777483aa1087d0160724ae4569a100bbb7f033a8643983042aba5be296e63,https://storage.googleapis.com/alleai-in/yaswanth/prog_content_testset_sampled/Top/vto_image_20250811_062235/garment.jpg?X-Amz-Algorithm=AWS4-HMAC-SHA256&X-Amz-Credential=GOOG4E63MNGYP5VR4UILWSHQ%2F20250910%2Fap-south-1%2Fs3%2Faws4_request&X-Amz-Date=20250910T114403Z&X-Amz-Expires=604800&X-Amz-SignedHeaders=host&X-Amz-Signature=4716dd19319e58bcf97343a498aaac41b03740429794099cf8f186b984299054,https://storage.googleapis.com/alleai-in/yaswanth/prog_content_testset_sampled/Top/vto_image_20250811_062235/garment_cropped.jpg?X-Amz-Algorithm=AWS4-HMAC-SHA256&X-Amz-Credential=GOOG4E63MNGYP5VR4UILWSHQ%2F20250910%2Fap-south-1%2Fs3%2Faws4_request&X-Amz-Date=20250910T114403Z&X-Amz-Expires=604800&X-Amz-SignedHeaders=host&X-Amz-Signature=81a511c97da9f71817d43c1fe899d83c8f11fff325bfdab988f498550d2390a5,https://storage.googleapis.com/alleai-in/yaswanth/prog_content_testset_sampled/Top/vto_image_20250811_062235/garment_cropped_upscaled.jpg?X-Amz-Algorithm=AWS4-HMAC-SHA256&X-Amz-Credential=GOOG4E63MNGYP5VR4UILWSHQ%2F20250910%2Fap-south-1%2Fs3%2Faws4_request&X-Amz-Date=20250910T114403Z&X-Amz-Expires=604800&X-Amz-SignedHeaders=host&X-Amz-Signature=10b08b7024b32c8d85435948bc6c7cb69f0588412f56afc9916cf21194227292,https://storage.googleapis.com/alleai-in/yaswanth/prog_content_testset_sampled/Top/vto_image_20250811_062235/reference_upscaled.jpg?X-Amz-Algorithm=AWS4-HMAC-SHA256&X-Amz-Credential=GOOG4E63MNGYP5VR4UILWSHQ%2F20250910%2Fap-south-1%2Fs3%2Faws4_request&X-Amz-Date=20250910T114403Z&X-Amz-Expires=604800&X-Amz-SignedHeaders=host&X-Amz-Signature=0079f254602d67b0a0c9ddb3ea33dfd5be8262368cf10146fcd1363513204e0b,https://storage.googleapis.com/alleai-in/yaswanth/prog_content_testset_sampled/Top/vto_image_20250811_062235/output_text_desc_redux_switch_5_mask_V2.jpg?X-Amz-Algorithm=AWS4-HMAC-SHA256&X-Amz-Credential=GOOG4E63MNGYP5VR4UILWSHQ%2F20250910%2Fap-south-1%2Fs3%2Faws4_request&X-Amz-Date=20250910T114403Z&X-Amz-Expires=604800&X-Amz-SignedHeaders=host&X-Amz-Signature=e2459b2cc85f20c7b9ec9d6a31167742a7e792278dada4e03d605bd285f1a619,https://storage.googleapis.com/alleai-in/yaswanth/prog_content_testset_sampled/Top/vto_image_20250811_062235/output_seedream.png?X-Amz-Algorithm=AWS4-HMAC-SHA256&X-Amz-Credential=GOOG4E63MNGYP5VR4UILWSHQ%2F20250910%2Fap-south-1%2Fs3%2Faws4_request&X-Amz-Date=20250910T114403Z&X-Amz-Expires=604800&X-Amz-SignedHeaders=host&X-Amz-Signature=4a51abd05bb6b08664231d60eede6ff4d03568af984850232c8fd8afe5f3ad1b,https://storage.googleapis.com/alleai-in/yaswanth/prog_content_testset_sampled/Top/vto_image_20250811_062235/output_seedream_upscaled_garment.png?X-Amz-Algorithm=AWS4-HMAC-SHA256&X-Amz-Credential=GOOG4E63MNGYP5VR4UILWSHQ%2F20250910%2Fap-south-1%2Fs3%2Faws4_request&X-Amz-Date=20250910T114403Z&X-Amz-Expires=604800&X-Amz-SignedHeaders=host&X-Amz-Signature=0d82dccf86d6e83e8df30a6089613a6923485e6234f36ae88254a6629f26e790,"A candid outdoor fashion portrait of a white woman wearing this cream and black striped sleeveless knit top. The sleeveless knit top is paired with high-waisted white wide-leg pants, and no visible footwear or accessories. Hair is styled in loose, natural waves. Expression is relaxed and thoughtful, contributing to the overall vibe of the image.

The woman is facing slightly turned ¾ profile. The pose is casually standing with one hand touching her hair, the other relaxed by her side. Body language should feel relaxed and confident.

The setting is an urban street with classic stone building facades and steps, with natural daylight creating soft shadows and crisp highlights. Background details include textured stone walls, architectural columns, and a sidewalk with scattered debris. The scene is lit with natural daylight, producing gentle highlights and subtle shadowing on the subject and surroundings.

Camera details:
- eye-level angle
- medium-full shot
- sharp focus on subject with blurred background (bokeh)
- standard portrait lens look
- off-centered composition with the subject slightly to the right, architectural lines adding structure

Vibe & Style:
Overall mood is chic, effortless, and modern. The image should convey a sense of street cool and understated confidence."
Top,vto_image_20250819_172707,https://storage.googleapis.com/alleai-in/yaswanth/prog_content_testset_sampled/Top/vto_image_20250819_172707/reference.jpg?X-Amz-Algorithm=AWS4-HMAC-SHA256&X-Amz-Credential=GOOG4E63MNGYP5VR4UILWSHQ%2F20250910%2Fap-south-1%2Fs3%2Faws4_request&X-Amz-Date=20250910T114403Z&X-Amz-Expires=604800&X-Amz-SignedHeaders=host&X-Amz-Signature=27530b3283621cbcbbd7643015174668974937201e39ae0ab86cc1b72a2e6a0e,https://storage.googleapis.com/alleai-in/yaswanth/prog_content_testset_sampled/Top/vto_image_20250819_172707/garment.jpg?X-Amz-Algorithm=AWS4-HMAC-SHA256&X-Amz-Credential=GOOG4E63MNGYP5VR4UILWSHQ%2F20250910%2Fap-south-1%2Fs3%2Faws4_request&X-Amz-Date=20250910T114403Z&X-Amz-Expires=604800&X-Amz-SignedHeaders=host&X-Amz-Signature=ece639b9890fda794105b4cf8bbe68b558bc17b0567a9d7244e53b9c2edb524d,https://storage.googleapis.com/alleai-in/yaswanth/prog_content_testset_sampled/Top/vto_image_20250819_172707/garment_cropped.jpg?X-Amz-Algorithm=AWS4-HMAC-SHA256&X-Amz-Credential=GOOG4E63MNGYP5VR4UILWSHQ%2F20250910%2Fap-south-1%2Fs3%2Faws4_request&X-Amz-Date=20250910T114403Z&X-Amz-Expires=604800&X-Amz-SignedHeaders=host&X-Amz-Signature=576475bf8922cee3fb7db785f9571bc840d8080cdf25094bcb12b09cb48c1685,https://storage.googleapis.com/alleai-in/yaswanth/prog_content_testset_sampled/Top/vto_image_20250819_172707/garment_cropped_upscaled.jpg?X-Amz-Algorithm=AWS4-HMAC-SHA256&X-Amz-Credential=GOOG4E63MNGYP5VR4UILWSHQ%2F20250910%2Fap-south-1%2Fs3%2Faws4_request&X-Amz-Date=20250910T114403Z&X-Amz-Expires=604800&X-Amz-SignedHeaders=host&X-Amz-Signature=60f6f0baf4a88a3000b05aff15209075ba7062ce83be96af39c83b2863eec7b0,https://storage.googleapis.com/alleai-in/yaswanth/prog_content_testset_sampled/Top/vto_image_20250819_172707/reference_upscaled.jpg?X-Amz-Algorithm=AWS4-HMAC-SHA256&X-Amz-Credential=GOOG4E63MNGYP5VR4UILWSHQ%2F20250910%2Fap-south-1%2Fs3%2Faws4_request&X-Amz-Date=20250910T114403Z&X-Amz-Expires=604800&X-Amz-SignedHeaders=host&X-Amz-Signature=e55136b7829bcbd9af38be13e2e05ea82d45ae339632ec1c6ed54c5fb63befd1,https://storage.googleapis.com/alleai-in/yaswanth/prog_content_testset_sampled/Top/vto_image_20250819_172707/output_text_desc_redux_switch_5_mask_V2.jpg?X-Amz-Algorithm=AWS4-HMAC-SHA256&X-Amz-Credential=GOOG4E63MNGYP5VR4UILWSHQ%2F20250910%2Fap-south-1%2Fs3%2Faws4_request&X-Amz-Date=20250910T114404Z&X-Amz-Expires=604800&X-Amz-SignedHeaders=host&X-Amz-Signature=107ce1f0a15fbbfa8357c33c211074c43627c1e62bd217b06c0747f106cddc1b,https://storage.googleapis.com/alleai-in/yaswanth/prog_content_testset_sampled/Top/vto_image_20250819_172707/output_seedream.png?X-Amz-Algorithm=AWS4-HMAC-SHA256&X-Amz-Credential=GOOG4E63MNGYP5VR4UILWSHQ%2F20250910%2Fap-south-1%2Fs3%2Faws4_request&X-Amz-Date=20250910T114404Z&X-Amz-Expires=604800&X-Amz-SignedHeaders=host&X-Amz-Signature=e2fb631093fc4b39bcf462892cd44238dd5b9cfdc7f5b3f4ba1c503916f2dc6a,https://storage.googleapis.com/alleai-in/yaswanth/prog_content_testset_sampled/Top/vto_image_20250819_172707/output_seedream_upscaled_garment.png?X-Amz-Algorithm=AWS4-HMAC-SHA256&X-Amz-Credential=GOOG4E63MNGYP5VR4UILWSHQ%2F20250910%2Fap-south-1%2Fs3%2Faws4_request&X-Amz-Date=20250910T114404Z&X-Amz-Expires=604800&X-Amz-SignedHeaders=host&X-Amz-Signature=4e47a5e2f4934313fc98bcc5d48c3cccd6900ff8506a6c1114e68c3e20bc7cec,"A candid indoor fashion portrait of a woman of ambiguous ethnicity wearing this deep burgundy t-shirt. The t-shirt is paired with light blue straight-leg jeans, white sneakers, and a simple necklace. Hair is styled in loose waves, cascading naturally around her shoulders. Expression is relaxed and casual, contributing to the overall laid-back vibe of the image.

The woman is facing directly toward the camera, with her body slightly turned in a ¾ profile. The pose is casual, with one hand on her hip and the other holding a phone for a mirror selfie. Body language should feel relaxed and confident.

The setting is a modern, sunlit living room with dark wooden floors, a light gray sofa with neutral cushions, a large potted plant, and a window letting in natural daylight. Background details include soft furnishings and minimalistic decor. The scene is lit with natural daylight, creating soft shadows and gentle highlights on the subject and surroundings.

Camera details:
- eye-level angle
- medium-full shot
- sharp focus on subject with a slightly blurred background (bokeh)
- standard portrait lens look
- composition is centered, with the subject dominating the foreground and subtle symmetry from the room’s layout

Vibe & Style:
Overall mood is casual, modern, and effortlessly chic. The image should convey a sense of individuality and relaxed confidence in a cozy, contemporary home environment."
Top,vto_image_20250821_101710,https://storage.googleapis.com/alleai-in/yaswanth/prog_content_testset_sampled/Top/vto_image_20250821_101710/reference.jpg?X-Amz-Algorithm=AWS4-HMAC-SHA256&X-Amz-Credential=GOOG4E63MNGYP5VR4UILWSHQ%2F20250910%2Fap-south-1%2Fs3%2Faws4_request&X-Amz-Date=20250910T114404Z&X-Amz-Expires=604800&X-Amz-SignedHeaders=host&X-Amz-Signature=4146c8461022292af64cd23a4c721b37675840c67e9bc674ade8db967a24f119,https://storage.googleapis.com/alleai-in/yaswanth/prog_content_testset_sampled/Top/vto_image_20250821_101710/garment.jpg?X-Amz-Algorithm=AWS4-HMAC-SHA256&X-Amz-Credential=GOOG4E63MNGYP5VR4UILWSHQ%2F20250910%2Fap-south-1%2Fs3%2Faws4_request&X-Amz-Date=20250910T114404Z&X-Amz-Expires=604800&X-Amz-SignedHeaders=host&X-Amz-Signature=5b6da099ef3de374d4bef218e454e0dfc3ad7193449447a251809af7d2574baf,https://storage.googleapis.com/alleai-in/yaswanth/prog_content_testset_sampled/Top/vto_image_20250821_101710/garment_cropped.jpg?X-Amz-Algorithm=AWS4-HMAC-SHA256&X-Amz-Credential=GOOG4E63MNGYP5VR4UILWSHQ%2F20250910%2Fap-south-1%2Fs3%2Faws4_request&X-Amz-Date=20250910T114404Z&X-Amz-Expires=604800&X-Amz-SignedHeaders=host&X-Amz-Signature=22e17dce6b052866af92ffbbdfb61e7406ea333a8acf70ef9fdaf2d73cbb3dfb,https://storage.googleapis.com/alleai-in/yaswanth/prog_content_testset_sampled/Top/vto_image_20250821_101710/garment_cropped_upscaled.jpg?X-Amz-Algorithm=AWS4-HMAC-SHA256&X-Amz-Credential=GOOG4E63MNGYP5VR4UILWSHQ%2F20250910%2Fap-south-1%2Fs3%2Faws4_request&X-Amz-Date=20250910T114404Z&X-Amz-Expires=604800&X-Amz-SignedHeaders=host&X-Amz-Signature=1f6d3d6e9b0b40fc71e64e8bc7c425bd7247940ca655a8068949ecc36804a812,https://storage.googleapis.com/alleai-in/yaswanth/prog_content_testset_sampled/Top/vto_image_20250821_101710/reference_upscaled.jpg?X-Amz-Algorithm=AWS4-HMAC-SHA256&X-Amz-Credential=GOOG4E63MNGYP5VR4UILWSHQ%2F20250910%2Fap-south-1%2Fs3%2Faws4_request&X-Amz-Date=20250910T114404Z&X-Amz-Expires=604800&X-Amz-SignedHeaders=host&X-Amz-Signature=04ec665c1b22f5ad442d3bd695c6abb40de4b300618e971506f59a2b01be0795,https://storage.googleapis.com/alleai-in/yaswanth/prog_content_testset_sampled/Top/vto_image_20250821_101710/output_text_desc_redux_switch_5_mask_V2.jpg?X-Amz-Algorithm=AWS4-HMAC-SHA256&X-Amz-Credential=GOOG4E63MNGYP5VR4UILWSHQ%2F20250910%2Fap-south-1%2Fs3%2Faws4_request&X-Amz-Date=20250910T114404Z&X-Amz-Expires=604800&X-Amz-SignedHeaders=host&X-Amz-Signature=65ad28984d27b5f6872459f16da10df5085eadb77f21d6a73a590044137c78bd,https://storage.googleapis.com/alleai-in/yaswanth/prog_content_testset_sampled/Top/vto_image_20250821_101710/output_seedream.png?X-Amz-Algorithm=AWS4-HMAC-SHA256&X-Amz-Credential=GOOG4E63MNGYP5VR4UILWSHQ%2F20250910%2Fap-south-1%2Fs3%2Faws4_request&X-Amz-Date=20250910T114404Z&X-Amz-Expires=604800&X-Amz-SignedHeaders=host&X-Amz-Signature=3163b0160eedf0bdd697cab308c12bd0f4e2dcc1a52a797a06ad7b1634aed290,https://storage.googleapis.com/alleai-in/yaswanth/prog_content_testset_sampled/Top/vto_image_20250821_101710/output_seedream_upscaled_garment.png?X-Amz-Algorithm=AWS4-HMAC-SHA256&X-Amz-Credential=GOOG4E63MNGYP5VR4UILWSHQ%2F20250910%2Fap-south-1%2Fs3%2Faws4_request&X-Amz-Date=20250910T114404Z&X-Amz-Expires=604800&X-Amz-SignedHeaders=host&X-Amz-Signature=32889e132a3a8b897ee00084eeb7a96def0d9ac34341b9b1773e77661abffcf8,"A candid outdoor fashion portrait of a fair-skinned woman wearing this textured white off-shoulder long sleeve top. The off-shoulder long sleeve top is paired with light blue high-waisted jeans with a black belt, and a small black shoulder bag. Hair is styled in loose, soft waves with a few strands framing her face, and the rest tucked behind her ear with a black hair accessory. Expression is thoughtful and serene, contributing to the overall vibe of the image.

The woman is facing slightly turned in a ¾ profile, gazing off into the distance. The pose is natural and relaxed, standing casually with one arm resting by her side. Body language should feel confident and effortless.

The setting is a stylish urban street café, with large glass windows, warm glowing pendant lights, and a hint of greenery from potted plants. Background details include reflections of cars and city life, wooden textures, and soft ambient lighting from inside the café. The scene is lit with natural daylight, creating soft highlights on her hair and gentle shadows on her face, with a subtle warm glow from the café lights behind her.

Camera details:
- eye-level angle
- medium shot, capturing from the waist up
- sharp focus on subject with a softly blurred background (bokeh)
- standard portrait lens look
- composition is off-centered, with the subject slightly to the right, using the rule of thirds and incorporating dynamic lines from the café architecture

Vibe & Style:
Overall mood is chic, effortless, and modern. The image should convey a sense of urban elegance and individuality, blending street style with a touch of sophistication."
Top,vto_image_20250820_144009,https://storage.googleapis.com/alleai-in/yaswanth/prog_content_testset_sampled/Top/vto_image_20250820_144009/reference.jpg?X-Amz-Algorithm=AWS4-HMAC-SHA256&X-Amz-Credential=GOOG4E63MNGYP5VR4UILWSHQ%2F20250910%2Fap-south-1%2Fs3%2Faws4_request&X-Amz-Date=20250910T114404Z&X-Amz-Expires=604800&X-Amz-SignedHeaders=host&X-Amz-Signature=c81f06b628f4a9b0c45d640e1924d5808cc461d4a05af2a7506e49b10f071139,https://storage.googleapis.com/alleai-in/yaswanth/prog_content_testset_sampled/Top/vto_image_20250820_144009/garment.jpg?X-Amz-Algorithm=AWS4-HMAC-SHA256&X-Amz-Credential=GOOG4E63MNGYP5VR4UILWSHQ%2F20250910%2Fap-south-1%2Fs3%2Faws4_request&X-Amz-Date=20250910T114404Z&X-Amz-Expires=604800&X-Amz-SignedHeaders=host&X-Amz-Signature=7f03095ff018bfe97fe7fb38fbc5cc3768131d7e7ff61f5d6b39a22d405c9127,https://storage.googleapis.com/alleai-in/yaswanth/prog_content_testset_sampled/Top/vto_image_20250820_144009/garment_cropped.jpg?X-Amz-Algorithm=AWS4-HMAC-SHA256&X-Amz-Credential=GOOG4E63MNGYP5VR4UILWSHQ%2F20250910%2Fap-south-1%2Fs3%2Faws4_request&X-Amz-Date=20250910T114404Z&X-Amz-Expires=604800&X-Amz-SignedHeaders=host&X-Amz-Signature=43428b977d79bb760ad4bd2fc3ec8f8273a67c6ff110a5766bd6befee4ddc32b,https://storage.googleapis.com/alleai-in/yaswanth/prog_content_testset_sampled/Top/vto_image_20250820_144009/garment_cropped_upscaled.jpg?X-Amz-Algorithm=AWS4-HMAC-SHA256&X-Amz-Credential=GOOG4E63MNGYP5VR4UILWSHQ%2F20250910%2Fap-south-1%2Fs3%2Faws4_request&X-Amz-Date=20250910T114404Z&X-Amz-Expires=604800&X-Amz-SignedHeaders=host&X-Amz-Signature=451d94844bf7408a09de3fa80dceb7221e8b188a70b0e6af80e482815966844d,https://storage.googleapis.com/alleai-in/yaswanth/prog_content_testset_sampled/Top/vto_image_20250820_144009/reference_upscaled.jpg?X-Amz-Algorithm=AWS4-HMAC-SHA256&X-Amz-Credential=GOOG4E63MNGYP5VR4UILWSHQ%2F20250910%2Fap-south-1%2Fs3%2Faws4_request&X-Amz-Date=20250910T114404Z&X-Amz-Expires=604800&X-Amz-SignedHeaders=host&X-Amz-Signature=a6fc9532191ea74e1e3df55935d0c36143fd34c395c683175f4bbad0b477640c,https://storage.googleapis.com/alleai-in/yaswanth/prog_content_testset_sampled/Top/vto_image_20250820_144009/output_text_desc_redux_switch_5_mask_V2.jpg?X-Amz-Algorithm=AWS4-HMAC-SHA256&X-Amz-Credential=GOOG4E63MNGYP5VR4UILWSHQ%2F20250910%2Fap-south-1%2Fs3%2Faws4_request&X-Amz-Date=20250910T114404Z&X-Amz-Expires=604800&X-Amz-SignedHeaders=host&X-Amz-Signature=903e4065982568f900988583786c338bc19063b779cfbf19b7e8f1031352e58d,https://storage.googleapis.com/alleai-in/yaswanth/prog_content_testset_sampled/Top/vto_image_20250820_144009/output_seedream.png?X-Amz-Algorithm=AWS4-HMAC-SHA256&X-Amz-Credential=GOOG4E63MNGYP5VR4UILWSHQ%2F20250910%2Fap-south-1%2Fs3%2Faws4_request&X-Amz-Date=20250910T114404Z&X-Amz-Expires=604800&X-Amz-SignedHeaders=host&X-Amz-Signature=d183b5ef2a1e1ba326663a1906c7e5e37085714bf6d64dbd280b9c384aa27298,https://storage.googleapis.com/alleai-in/yaswanth/prog_content_testset_sampled/Top/vto_image_20250820_144009/output_seedream_upscaled_garment.png?X-Amz-Algorithm=AWS4-HMAC-SHA256&X-Amz-Credential=GOOG4E63MNGYP5VR4UILWSHQ%2F20250910%2Fap-south-1%2Fs3%2Faws4_request&X-Amz-Date=20250910T114404Z&X-Amz-Expires=604800&X-Amz-SignedHeaders=host&X-Amz-Signature=364312a58933399ab83927cce86a8b08401cefdca25acc7a7af3cee885203492,"A candid outdoor fashion portrait of a Caucasian woman wearing this black and white strapless colorblock top. The strapless colorblock top is paired with high-waisted black wide-leg pants featuring a white angular waistband detail, silver open-toe heeled sandals, and accessorized with a white crescent-shaped handbag, chunky gold hoop earrings, and black rectangular sunglasses. Hair is styled in loose waves, and her expression is relaxed and confident, contributing to the overall chic vibe of the image.

The woman is facing directly toward the camera. The pose is casually leaning against a stone building corner, one hand holding the handbag, the other relaxed by her side. Body language should feel poised, confident, and effortless.

The setting is an urban street with a textured stone building facade, black ornate street lamp, and large windows in the background, with natural daylight creating soft shadows and crisp highlights. Background details include architectural stonework, pavement, and subtle reflections in the glass. The scene is lit with natural daylight, producing gentle highlights and subtle contrast between the subject and the neutral-toned background.

Camera details:
- eye-level angle
- medium-full shot
- sharp focus on subject with blurred background (bokeh)
- standard portrait lens look
- off-centered composition with the subject slightly to the right, vertical lines of the building and lamp post adding structure

Vibe & Style:
Overall mood is chic, modern, and editorial. The image should convey empowerment, effortless style, and urban sophistication."
Top,vto_image_20250827_075747,https://storage.googleapis.com/alleai-in/yaswanth/prog_content_testset_sampled/Top/vto_image_20250827_075747/reference.jpg?X-Amz-Algorithm=AWS4-HMAC-SHA256&X-Amz-Credential=GOOG4E63MNGYP5VR4UILWSHQ%2F20250910%2Fap-south-1%2Fs3%2Faws4_request&X-Amz-Date=20250910T114404Z&X-Amz-Expires=604800&X-Amz-SignedHeaders=host&X-Amz-Signature=14310f8c74b579f0d164cdf8e623459082d13b61533b162a87e91afb48478426,https://storage.googleapis.com/alleai-in/yaswanth/prog_content_testset_sampled/Top/vto_image_20250827_075747/garment.jpg?X-Amz-Algorithm=AWS4-HMAC-SHA256&X-Amz-Credential=GOOG4E63MNGYP5VR4UILWSHQ%2F20250910%2Fap-south-1%2Fs3%2Faws4_request&X-Amz-Date=20250910T114404Z&X-Amz-Expires=604800&X-Amz-SignedHeaders=host&X-Amz-Signature=f6bcb74d1fa678986514ebdce227c466c43ed23cc714c5b17e3eb1b96a8a49d2,https://storage.googleapis.com/alleai-in/yaswanth/prog_content_testset_sampled/Top/vto_image_20250827_075747/garment_cropped.jpg?X-Amz-Algorithm=AWS4-HMAC-SHA256&X-Amz-Credential=GOOG4E63MNGYP5VR4UILWSHQ%2F20250910%2Fap-south-1%2Fs3%2Faws4_request&X-Amz-Date=20250910T114404Z&X-Amz-Expires=604800&X-Amz-SignedHeaders=host&X-Amz-Signature=cc52bc7b23c4014081658eed7757c0f760a471e338f422ca4e488a3d6972af77,https://storage.googleapis.com/alleai-in/yaswanth/prog_content_testset_sampled/Top/vto_image_20250827_075747/garment_cropped_upscaled.jpg?X-Amz-Algorithm=AWS4-HMAC-SHA256&X-Amz-Credential=GOOG4E63MNGYP5VR4UILWSHQ%2F20250910%2Fap-south-1%2Fs3%2Faws4_request&X-Amz-Date=20250910T114404Z&X-Amz-Expires=604800&X-Amz-SignedHeaders=host&X-Amz-Signature=5d50ca508cc14909bdd25827bcfe88ae15d82d58e8a92149a636ffdea24e5c52,https://storage.googleapis.com/alleai-in/yaswanth/prog_content_testset_sampled/Top/vto_image_20250827_075747/reference_upscaled.jpg?X-Amz-Algorithm=AWS4-HMAC-SHA256&X-Amz-Credential=GOOG4E63MNGYP5VR4UILWSHQ%2F20250910%2Fap-south-1%2Fs3%2Faws4_request&X-Amz-Date=20250910T114404Z&X-Amz-Expires=604800&X-Amz-SignedHeaders=host&X-Amz-Signature=9dae87af11b012ccc40baffa50474eebd45f3596667c40d8c2fcd6aee4f844a1,https://storage.googleapis.com/alleai-in/yaswanth/prog_content_testset_sampled/Top/vto_image_20250827_075747/output_text_desc_redux_switch_5_mask_V2.jpg?X-Amz-Algorithm=AWS4-HMAC-SHA256&X-Amz-Credential=GOOG4E63MNGYP5VR4UILWSHQ%2F20250910%2Fap-south-1%2Fs3%2Faws4_request&X-Amz-Date=20250910T114404Z&X-Amz-Expires=604800&X-Amz-SignedHeaders=host&X-Amz-Signature=7e93ec35cc7d45f2a528912e0bfb60a5678f4b55521914ab9f4ee9a10e1fcd97,https://storage.googleapis.com/alleai-in/yaswanth/prog_content_testset_sampled/Top/vto_image_20250827_075747/output_seedream.png?X-Amz-Algorithm=AWS4-HMAC-SHA256&X-Amz-Credential=GOOG4E63MNGYP5VR4UILWSHQ%2F20250910%2Fap-south-1%2Fs3%2Faws4_request&X-Amz-Date=20250910T114404Z&X-Amz-Expires=604800&X-Amz-SignedHeaders=host&X-Amz-Signature=553af834b44842117693b67c4b3cc0e3c83eca4fbabb0bb884813eb8107d273b,https://storage.googleapis.com/alleai-in/yaswanth/prog_content_testset_sampled/Top/vto_image_20250827_075747/output_seedream_upscaled_garment.png?X-Amz-Algorithm=AWS4-HMAC-SHA256&X-Amz-Credential=GOOG4E63MNGYP5VR4UILWSHQ%2F20250910%2Fap-south-1%2Fs3%2Faws4_request&X-Amz-Date=20250910T114404Z&X-Amz-Expires=604800&X-Amz-SignedHeaders=host&X-Amz-Signature=7a93ca7767be6ccea3c2e9f7a6a43f54300406410a406b4ef12b571bb3e61336,"A candid outdoor fashion portrait of a South Asian woman wearing this dark indigo denim skirt. The skirt is paired with a black V-neck tunic featuring white embroidered motifs, and simple stud earrings. Hair is styled in loose waves, and her expression is relaxed and confident, contributing to the overall vibe of the image. The woman is facing directly toward the camera. The pose is natural, with one hand relaxed by her side and the other slightly bent, as if caught mid-step. Body language should feel poised and effortless. The setting is a lush garden with tall green plants and foliage in the background, with natural daylight creating soft shadows and crisp highlights. Background details include dense greenery and textured leaves. The scene is lit with natural daylight, producing gentle highlights on her hair and subtle contrast between the subject and the background. Camera details: - eye-level angle - medium-full shot - sharp focus on subject with blurred background (bokeh) - standard portrait lens look - centered composition. Vibe & Style: Overall mood is chic, effortless, and modern. The image should convey a sense of individuality and serene confidence."
Top,vto_image_20250820_195856,https://storage.googleapis.com/alleai-in/yaswanth/prog_content_testset_sampled/Top/vto_image_20250820_195856/reference.jpg?X-Amz-Algorithm=AWS4-HMAC-SHA256&X-Amz-Credential=GOOG4E63MNGYP5VR4UILWSHQ%2F20250910%2Fap-south-1%2Fs3%2Faws4_request&X-Amz-Date=20250910T114404Z&X-Amz-Expires=604800&X-Amz-SignedHeaders=host&X-Amz-Signature=e1b569059bfb9eb8421831b6a62ca088044396304b048ba5594cade06a0d5a88,https://storage.googleapis.com/alleai-in/yaswanth/prog_content_testset_sampled/Top/vto_image_20250820_195856/garment.jpg?X-Amz-Algorithm=AWS4-HMAC-SHA256&X-Amz-Credential=GOOG4E63MNGYP5VR4UILWSHQ%2F20250910%2Fap-south-1%2Fs3%2Faws4_request&X-Amz-Date=20250910T114404Z&X-Amz-Expires=604800&X-Amz-SignedHeaders=host&X-Amz-Signature=1992636fa9d2b8b1f6221757502e1f8b6a5d6e626d53efd9f1272aa5052c1cf9,https://storage.googleapis.com/alleai-in/yaswanth/prog_content_testset_sampled/Top/vto_image_20250820_195856/garment_cropped.jpg?X-Amz-Algorithm=AWS4-HMAC-SHA256&X-Amz-Credential=GOOG4E63MNGYP5VR4UILWSHQ%2F20250910%2Fap-south-1%2Fs3%2Faws4_request&X-Amz-Date=20250910T114404Z&X-Amz-Expires=604800&X-Amz-SignedHeaders=host&X-Amz-Signature=149712ca118fedc889adaabc2e7554f87d8307c0ba3646bcdb77154724bb86bb,https://storage.googleapis.com/alleai-in/yaswanth/prog_content_testset_sampled/Top/vto_image_20250820_195856/garment_cropped_upscaled.jpg?X-Amz-Algorithm=AWS4-HMAC-SHA256&X-Amz-Credential=GOOG4E63MNGYP5VR4UILWSHQ%2F20250910%2Fap-south-1%2Fs3%2Faws4_request&X-Amz-Date=20250910T114404Z&X-Amz-Expires=604800&X-Amz-SignedHeaders=host&X-Amz-Signature=8971739b44cc7302ba203547e2349e7ac9428e94d901349a692e6b4917665f33,https://storage.googleapis.com/alleai-in/yaswanth/prog_content_testset_sampled/Top/vto_image_20250820_195856/reference_upscaled.jpg?X-Amz-Algorithm=AWS4-HMAC-SHA256&X-Amz-Credential=GOOG4E63MNGYP5VR4UILWSHQ%2F20250910%2Fap-south-1%2Fs3%2Faws4_request&X-Amz-Date=20250910T114404Z&X-Amz-Expires=604800&X-Amz-SignedHeaders=host&X-Amz-Signature=12f8f185d71d564423d158ee365d324a8a16159e085f84424e09b1ab58ecd539,https://storage.googleapis.com/alleai-in/yaswanth/prog_content_testset_sampled/Top/vto_image_20250820_195856/output_text_desc_redux_switch_5_mask_V2.jpg?X-Amz-Algorithm=AWS4-HMAC-SHA256&X-Amz-Credential=GOOG4E63MNGYP5VR4UILWSHQ%2F20250910%2Fap-south-1%2Fs3%2Faws4_request&X-Amz-Date=20250910T114404Z&X-Amz-Expires=604800&X-Amz-SignedHeaders=host&X-Amz-Signature=bfb5c93cad159c60cf5af0cfb2e5bffdb52bce78ee802f6a366cbd889b8098b7,https://storage.googleapis.com/alleai-in/yaswanth/prog_content_testset_sampled/Top/vto_image_20250820_195856/output_seedream.png?X-Amz-Algorithm=AWS4-HMAC-SHA256&X-Amz-Credential=GOOG4E63MNGYP5VR4UILWSHQ%2F20250910%2Fap-south-1%2Fs3%2Faws4_request&X-Amz-Date=20250910T114404Z&X-Amz-Expires=604800&X-Amz-SignedHeaders=host&X-Amz-Signature=9c77a98ae51f1fc4f7f36293f53fa3872a9d74cfbe1fc26987c8eb44bf51441b,https://storage.googleapis.com/alleai-in/yaswanth/prog_content_testset_sampled/Top/vto_image_20250820_195856/output_seedream_upscaled_garment.png?X-Amz-Algorithm=AWS4-HMAC-SHA256&X-Amz-Credential=GOOG4E63MNGYP5VR4UILWSHQ%2F20250910%2Fap-south-1%2Fs3%2Faws4_request&X-Amz-Date=20250910T114404Z&X-Amz-Expires=604800&X-Amz-SignedHeaders=host&X-Amz-Signature=97913cc99bfcae128a5dd0c3c41932bfccecf1153a680e9c38947c251d5debde,"A candid indoor fashion portrait of an East Asian woman wearing this black, red, and white striped t-shirt with 'DISCOVER INFINITE POSSIBILITIES' text. The t-shirt is paired with loose white drawstring pants, a bold red bucket hat, a cream canvas tote bag slung over her shoulder, and silver hoop earrings. Hair is styled sleek and straight, partially tucked under the hat. Expression is relaxed and slightly thoughtful, contributing to the overall vibe of the image.

The woman is facing slightly turned ¾ profile, with her body angled toward the counter, holding a takeaway coffee cup in one hand. The pose is casual and natural, as if she’s pausing mid-conversation or waiting for her order. Body language should feel relaxed and confident.

The setting is a modern café interior, with muted gray cabinetry, a coffee machine, and minimalistic shelves in the background. Lighting is natural daylight streaming in from a window, creating soft shadows and gentle highlights on her face and outfit. Background details include coffee equipment, cups, and subtle kitchen textures. The scene is lit with natural daylight, producing soft backlighting and a gentle rim glow on her hair.

Camera details:
- eye-level angle
- medium shot framing
- sharp focus on subject with slightly blurred background (bokeh)
- standard portrait lens look
- off-centered composition, with the subject slightly to the right, allowing the café environment to frame her naturally

Vibe & Style:
Overall mood is chic, effortless, and modern. The image should convey a sense of casual confidence and individuality, with a touch of urban café culture."
Top,vto_image_20250820_145612,https://storage.googleapis.com/alleai-in/yaswanth/prog_content_testset_sampled/Top/vto_image_20250820_145612/reference.jpg?X-Amz-Algorithm=AWS4-HMAC-SHA256&X-Amz-Credential=GOOG4E63MNGYP5VR4UILWSHQ%2F20250910%2Fap-south-1%2Fs3%2Faws4_request&X-Amz-Date=20250910T114404Z&X-Amz-Expires=604800&X-Amz-SignedHeaders=host&X-Amz-Signature=4c669cd31fcd60201ef24f59efa4f86cef360a2b4981e384cb64aab228076bb8,https://storage.googleapis.com/alleai-in/yaswanth/prog_content_testset_sampled/Top/vto_image_20250820_145612/garment.jpg?X-Amz-Algorithm=AWS4-HMAC-SHA256&X-Amz-Credential=GOOG4E63MNGYP5VR4UILWSHQ%2F20250910%2Fap-south-1%2Fs3%2Faws4_request&X-Amz-Date=20250910T114404Z&X-Amz-Expires=604800&X-Amz-SignedHeaders=host&X-Amz-Signature=b44e06c55ddc79a85707900b2d349f52032655fe268fb7613c78708f566b358b,https://storage.googleapis.com/alleai-in/yaswanth/prog_content_testset_sampled/Top/vto_image_20250820_145612/garment_cropped.jpg?X-Amz-Algorithm=AWS4-HMAC-SHA256&X-Amz-Credential=GOOG4E63MNGYP5VR4UILWSHQ%2F20250910%2Fap-south-1%2Fs3%2Faws4_request&X-Amz-Date=20250910T114404Z&X-Amz-Expires=604800&X-Amz-SignedHeaders=host&X-Amz-Signature=a8584b0891143ba1bc952d7775e6b5bf687930cac21784b4345874bd1d06c609,https://storage.googleapis.com/alleai-in/yaswanth/prog_content_testset_sampled/Top/vto_image_20250820_145612/garment_cropped_upscaled.jpg?X-Amz-Algorithm=AWS4-HMAC-SHA256&X-Amz-Credential=GOOG4E63MNGYP5VR4UILWSHQ%2F20250910%2Fap-south-1%2Fs3%2Faws4_request&X-Amz-Date=20250910T114404Z&X-Amz-Expires=604800&X-Amz-SignedHeaders=host&X-Amz-Signature=5a7fe8846bae6c52877572ef35b681c54da3db3883893195fd9426b7eb37f093,https://storage.googleapis.com/alleai-in/yaswanth/prog_content_testset_sampled/Top/vto_image_20250820_145612/reference_upscaled.jpg?X-Amz-Algorithm=AWS4-HMAC-SHA256&X-Amz-Credential=GOOG4E63MNGYP5VR4UILWSHQ%2F20250910%2Fap-south-1%2Fs3%2Faws4_request&X-Amz-Date=20250910T114404Z&X-Amz-Expires=604800&X-Amz-SignedHeaders=host&X-Amz-Signature=ba26e1fa4c18b4cdc3b2245aaf6e6baf44f09da6f125e7d9a76a2f14ccca2151,https://storage.googleapis.com/alleai-in/yaswanth/prog_content_testset_sampled/Top/vto_image_20250820_145612/output_text_desc_redux_switch_5_mask_V2.jpg?X-Amz-Algorithm=AWS4-HMAC-SHA256&X-Amz-Credential=GOOG4E63MNGYP5VR4UILWSHQ%2F20250910%2Fap-south-1%2Fs3%2Faws4_request&X-Amz-Date=20250910T114404Z&X-Amz-Expires=604800&X-Amz-SignedHeaders=host&X-Amz-Signature=9ed95739f25531b63da8cacc66a42c763a43df8d9eb1d78f083deebd8f5e9cb5,https://storage.googleapis.com/alleai-in/yaswanth/prog_content_testset_sampled/Top/vto_image_20250820_145612/output_seedream.png?X-Amz-Algorithm=AWS4-HMAC-SHA256&X-Amz-Credential=GOOG4E63MNGYP5VR4UILWSHQ%2F20250910%2Fap-south-1%2Fs3%2Faws4_request&X-Amz-Date=20250910T114404Z&X-Amz-Expires=604800&X-Amz-SignedHeaders=host&X-Amz-Signature=56f54d58905259bfe5cd62c399bf2926b5bfaaf57bbd5234ab51d76ca3a06737,https://storage.googleapis.com/alleai-in/yaswanth/prog_content_testset_sampled/Top/vto_image_20250820_145612/output_seedream_upscaled_garment.png?X-Amz-Algorithm=AWS4-HMAC-SHA256&X-Amz-Credential=GOOG4E63MNGYP5VR4UILWSHQ%2F20250910%2Fap-south-1%2Fs3%2Faws4_request&X-Amz-Date=20250910T114404Z&X-Amz-Expires=604800&X-Amz-SignedHeaders=host&X-Amz-Signature=78d22e537f225cb51141fe9e9613b0ff460a6299e2e66c9059b99ea91ae6f6ec,"A candid indoor fashion portrait of a white woman wearing this washed black oversized t-shirt. The t-shirt is paired with light blue wide-leg jeans, yellow oversized sunglasses, and a delicate gold necklace. Hair is styled in loose waves, and her expression is relaxed and confident, contributing to the overall vibe of the image.

The woman is facing directly toward the camera. The pose is casually leaning against an upright piano with one hand resting on the piano and the other in her pocket. Body language should feel relaxed and effortlessly cool.

The setting is a cozy indoor music studio with a vintage upright piano, potted green plants, and a microphone stand in the background. The scene is lit with natural daylight, creating soft shadows and warm highlights on the subject and surroundings.

Camera details:
- eye-level angle
- medium-full shot
- sharp focus on subject with a slightly blurred background (bokeh)
- standard portrait lens look
- off-centered composition with the subject slightly to the left, piano keys and plants adding depth and interest

Vibe & Style:
Overall mood is chic, casual, and editorial. The image should convey individuality, creative energy, and a laid-back, artistic atmosphere."
Top,vto_image_20250820_143755,https://storage.googleapis.com/alleai-in/yaswanth/prog_content_testset_sampled/Top/vto_image_20250820_143755/reference.jpg?X-Amz-Algorithm=AWS4-HMAC-SHA256&X-Amz-Credential=GOOG4E63MNGYP5VR4UILWSHQ%2F20250910%2Fap-south-1%2Fs3%2Faws4_request&X-Amz-Date=20250910T114404Z&X-Amz-Expires=604800&X-Amz-SignedHeaders=host&X-Amz-Signature=28053de57b55693203329c5c612bc80612bfc93fcaf560b6aff2a9eb0700a6da,https://storage.googleapis.com/alleai-in/yaswanth/prog_content_testset_sampled/Top/vto_image_20250820_143755/garment.jpg?X-Amz-Algorithm=AWS4-HMAC-SHA256&X-Amz-Credential=GOOG4E63MNGYP5VR4UILWSHQ%2F20250910%2Fap-south-1%2Fs3%2Faws4_request&X-Amz-Date=20250910T114404Z&X-Amz-Expires=604800&X-Amz-SignedHeaders=host&X-Amz-Signature=a1f4b9cc5cae6bee0e4bd033d6df478313014c5b07c19ae1d0c4514659851b4f,https://storage.googleapis.com/alleai-in/yaswanth/prog_content_testset_sampled/Top/vto_image_20250820_143755/garment_cropped.jpg?X-Amz-Algorithm=AWS4-HMAC-SHA256&X-Amz-Credential=GOOG4E63MNGYP5VR4UILWSHQ%2F20250910%2Fap-south-1%2Fs3%2Faws4_request&X-Amz-Date=20250910T114404Z&X-Amz-Expires=604800&X-Amz-SignedHeaders=host&X-Amz-Signature=b96508b59e295e4945ed7942c9a1f7cf62d88c30e76ec0da0c06d0036146f5c8,https://storage.googleapis.com/alleai-in/yaswanth/prog_content_testset_sampled/Top/vto_image_20250820_143755/garment_cropped_upscaled.jpg?X-Amz-Algorithm=AWS4-HMAC-SHA256&X-Amz-Credential=GOOG4E63MNGYP5VR4UILWSHQ%2F20250910%2Fap-south-1%2Fs3%2Faws4_request&X-Amz-Date=20250910T114404Z&X-Amz-Expires=604800&X-Amz-SignedHeaders=host&X-Amz-Signature=162139f61f38594a7e7890403d27a1ea6f9344980915f6e318a171de9f7829e5,https://storage.googleapis.com/alleai-in/yaswanth/prog_content_testset_sampled/Top/vto_image_20250820_143755/reference_upscaled.jpg?X-Amz-Algorithm=AWS4-HMAC-SHA256&X-Amz-Credential=GOOG4E63MNGYP5VR4UILWSHQ%2F20250910%2Fap-south-1%2Fs3%2Faws4_request&X-Amz-Date=20250910T114404Z&X-Amz-Expires=604800&X-Amz-SignedHeaders=host&X-Amz-Signature=7af6c81a46080b271c123ceb9e44a42412c8106c1b2313e9a2379fff6b7ba0c9,https://storage.googleapis.com/alleai-in/yaswanth/prog_content_testset_sampled/Top/vto_image_20250820_143755/output_text_desc_redux_switch_5_mask_V2.jpg?X-Amz-Algorithm=AWS4-HMAC-SHA256&X-Amz-Credential=GOOG4E63MNGYP5VR4UILWSHQ%2F20250910%2Fap-south-1%2Fs3%2Faws4_request&X-Amz-Date=20250910T114404Z&X-Amz-Expires=604800&X-Amz-SignedHeaders=host&X-Amz-Signature=7b351d7d874f68da19b82ec9d27e0207a795a39f45dbd02b39d3291183abb3d5,https://storage.googleapis.com/alleai-in/yaswanth/prog_content_testset_sampled/Top/vto_image_20250820_143755/output_seedream.png?X-Amz-Algorithm=AWS4-HMAC-SHA256&X-Amz-Credential=GOOG4E63MNGYP5VR4UILWSHQ%2F20250910%2Fap-south-1%2Fs3%2Faws4_request&X-Amz-Date=20250910T114404Z&X-Amz-Expires=604800&X-Amz-SignedHeaders=host&X-Amz-Signature=0dbf63771e5378a086d4b8575a81a3e446686e5ab206d984ef96c5debde5beb8,https://storage.googleapis.com/alleai-in/yaswanth/prog_content_testset_sampled/Top/vto_image_20250820_143755/output_seedream_upscaled_garment.png?X-Amz-Algorithm=AWS4-HMAC-SHA256&X-Amz-Credential=GOOG4E63MNGYP5VR4UILWSHQ%2F20250910%2Fap-south-1%2Fs3%2Faws4_request&X-Amz-Date=20250910T114404Z&X-Amz-Expires=604800&X-Amz-SignedHeaders=host&X-Amz-Signature=1a2788fdcc37cb0a650e58bb09de855e1a19a1202dbf6bd0b9a877ff0053f5a4,"A candid indoor fashion portrait of a woman of ambiguous ethnicity wearing this rust-colored t-shirt. The t-shirt is paired with loose, high-waisted white wide-leg pants, white slide sandals, and accessorized with a brown leather shoulder bag and a gold bracelet. Hair is styled in loose, natural waves. Expression is relaxed and subtly confident, contributing to the overall effortless vibe of the image.

The woman is facing directly toward the camera, holding a phone up for a mirror selfie. The pose is casual, with one hand in her pocket and the other holding the phone, standing naturally. Body language should feel relaxed and self-assured.

The setting is a modern, minimalistic living room with a white sofa, decorative pillows, a glass coffee table, a marble kitchen counter, and a small black dog in the background. The scene is lit with natural daylight, creating soft shadows and gentle highlights. Background details include neutral-toned furniture and subtle marble textures. The light creates a soft, airy effect with crisp highlights on the subject and a gentle glow on her hair.

Camera details:
- eye-level angle
- medium-full shot
- sharp focus on subject with slightly blurred background (bokeh)
- standard portrait lens look
- centered composition with the subject dominating the foreground

Vibe & Style:
Overall mood is chic, effortless, and modern. The image should convey a sense of casual confidence and contemporary style."
Top,vto_image_20250827_073327,https://storage.googleapis.com/alleai-in/yaswanth/prog_content_testset_sampled/Top/vto_image_20250827_073327/reference.jpg?X-Amz-Algorithm=AWS4-HMAC-SHA256&X-Amz-Credential=GOOG4E63MNGYP5VR4UILWSHQ%2F20250910%2Fap-south-1%2Fs3%2Faws4_request&X-Amz-Date=20250910T114404Z&X-Amz-Expires=604800&X-Amz-SignedHeaders=host&X-Amz-Signature=d80c0c8744bdddc9bd1bd690a3c4a86e72bf4077e75d1b83fa785ad97348fe8c,https://storage.googleapis.com/alleai-in/yaswanth/prog_content_testset_sampled/Top/vto_image_20250827_073327/garment.jpg?X-Amz-Algorithm=AWS4-HMAC-SHA256&X-Amz-Credential=GOOG4E63MNGYP5VR4UILWSHQ%2F20250910%2Fap-south-1%2Fs3%2Faws4_request&X-Amz-Date=20250910T114404Z&X-Amz-Expires=604800&X-Amz-SignedHeaders=host&X-Amz-Signature=43df7f42588f5239fffdc91091394fd6e7d6a55ca45e126d46a384f0cc4eab95,https://storage.googleapis.com/alleai-in/yaswanth/prog_content_testset_sampled/Top/vto_image_20250827_073327/garment_cropped.jpg?X-Amz-Algorithm=AWS4-HMAC-SHA256&X-Amz-Credential=GOOG4E63MNGYP5VR4UILWSHQ%2F20250910%2Fap-south-1%2Fs3%2Faws4_request&X-Amz-Date=20250910T114404Z&X-Amz-Expires=604800&X-Amz-SignedHeaders=host&X-Amz-Signature=420b309bd6c0b5c1a280a0171bedcad11dddb3306ea9dc3bbd1e7188c2c2e447,https://storage.googleapis.com/alleai-in/yaswanth/prog_content_testset_sampled/Top/vto_image_20250827_073327/garment_cropped_upscaled.jpg?X-Amz-Algorithm=AWS4-HMAC-SHA256&X-Amz-Credential=GOOG4E63MNGYP5VR4UILWSHQ%2F20250910%2Fap-south-1%2Fs3%2Faws4_request&X-Amz-Date=20250910T114404Z&X-Amz-Expires=604800&X-Amz-SignedHeaders=host&X-Amz-Signature=487997483059005e1ba33ddb6cb6f5379fde79237b96ed265b462c5b0cf217e6,https://storage.googleapis.com/alleai-in/yaswanth/prog_content_testset_sampled/Top/vto_image_20250827_073327/reference_upscaled.jpg?X-Amz-Algorithm=AWS4-HMAC-SHA256&X-Amz-Credential=GOOG4E63MNGYP5VR4UILWSHQ%2F20250910%2Fap-south-1%2Fs3%2Faws4_request&X-Amz-Date=20250910T114404Z&X-Amz-Expires=604800&X-Amz-SignedHeaders=host&X-Amz-Signature=f0f766fa726bad96672331be1f13eda8fd662cc2f9f07a0c241fed3480e1d027,https://storage.googleapis.com/alleai-in/yaswanth/prog_content_testset_sampled/Top/vto_image_20250827_073327/output_text_desc_redux_switch_5_mask_V2.jpg?X-Amz-Algorithm=AWS4-HMAC-SHA256&X-Amz-Credential=GOOG4E63MNGYP5VR4UILWSHQ%2F20250910%2Fap-south-1%2Fs3%2Faws4_request&X-Amz-Date=20250910T114404Z&X-Amz-Expires=604800&X-Amz-SignedHeaders=host&X-Amz-Signature=672d346522d7867ea99c929633789651e8a8793aae065fff47615cc19a31e13e,https://storage.googleapis.com/alleai-in/yaswanth/prog_content_testset_sampled/Top/vto_image_20250827_073327/output_seedream.png?X-Amz-Algorithm=AWS4-HMAC-SHA256&X-Amz-Credential=GOOG4E63MNGYP5VR4UILWSHQ%2F20250910%2Fap-south-1%2Fs3%2Faws4_request&X-Amz-Date=20250910T114404Z&X-Amz-Expires=604800&X-Amz-SignedHeaders=host&X-Amz-Signature=46bb141f30079bfac3c862db1704acd834d52738f6b5b0c2cf470f77a9290cf7,https://storage.googleapis.com/alleai-in/yaswanth/prog_content_testset_sampled/Top/vto_image_20250827_073327/output_seedream_upscaled_garment.png?X-Amz-Algorithm=AWS4-HMAC-SHA256&X-Amz-Credential=GOOG4E63MNGYP5VR4UILWSHQ%2F20250910%2Fap-south-1%2Fs3%2Faws4_request&X-Amz-Date=20250910T114404Z&X-Amz-Expires=604800&X-Amz-SignedHeaders=host&X-Amz-Signature=83c8bda0e812914625531f60c55795344a8fc1ceced1c6b367ad9278561f85c6,"A candid indoor fashion portrait of a Caucasian woman wearing this deep burgundy sleeveless top with a gathered neckline and bow detail at the shoulder. The top is paired with loose, high-waisted, off-white trousers, and minimal accessories—small hoop earrings. Hair is styled in a sleek, low ponytail. Expression is thoughtful and composed, contributing to the overall sophisticated vibe of the image.

The woman is facing slightly turned in a ¾ profile, with her body leaning casually against a textured, cream-colored wall. The pose is relaxed, with one hand in her pocket and the other arm resting by her side. Body language should feel confident and effortless.

The setting is a minimalist indoor space with neutral-toned, textured walls and soft, diffused natural daylight. Background details include subtle architectural lines and a small window opening, adding depth without distraction. The scene is lit with natural daylight, creating soft shadows and gentle highlights on the subject’s face and outfit.

Camera details:
- eye-level angle
- medium-full shot
- sharp focus on subject with a softly blurred background (bokeh)
- standard portrait lens look
- off-centered composition, with the subject slightly to the right, using subtle diagonal lines from the wall for visual interest

Vibe & Style:
Overall mood is chic, modern, and effortless. The image should convey a sense of understated elegance and individuality."
Top,vto_image_20250819_155313,https://storage.googleapis.com/alleai-in/yaswanth/prog_content_testset_sampled/Top/vto_image_20250819_155313/reference.jpg?X-Amz-Algorithm=AWS4-HMAC-SHA256&X-Amz-Credential=GOOG4E63MNGYP5VR4UILWSHQ%2F20250910%2Fap-south-1%2Fs3%2Faws4_request&X-Amz-Date=20250910T114404Z&X-Amz-Expires=604800&X-Amz-SignedHeaders=host&X-Amz-Signature=b0cd89f83908d73039e74a67abfbddcb9a3d55a598f718b5fe139aed705fe63f,https://storage.googleapis.com/alleai-in/yaswanth/prog_content_testset_sampled/Top/vto_image_20250819_155313/garment.jpg?X-Amz-Algorithm=AWS4-HMAC-SHA256&X-Amz-Credential=GOOG4E63MNGYP5VR4UILWSHQ%2F20250910%2Fap-south-1%2Fs3%2Faws4_request&X-Amz-Date=20250910T114404Z&X-Amz-Expires=604800&X-Amz-SignedHeaders=host&X-Amz-Signature=60f6e738f615651595721ade8ecedcc4d66771f6d6ecbee20b1a61e80eb0c9c6,https://storage.googleapis.com/alleai-in/yaswanth/prog_content_testset_sampled/Top/vto_image_20250819_155313/garment_cropped.jpg?X-Amz-Algorithm=AWS4-HMAC-SHA256&X-Amz-Credential=GOOG4E63MNGYP5VR4UILWSHQ%2F20250910%2Fap-south-1%2Fs3%2Faws4_request&X-Amz-Date=20250910T114404Z&X-Amz-Expires=604800&X-Amz-SignedHeaders=host&X-Amz-Signature=1f0f42bacbe869396884c0c336057d6f1eee8a0c2423e7b3c8f12551fccd4d2e,https://storage.googleapis.com/alleai-in/yaswanth/prog_content_testset_sampled/Top/vto_image_20250819_155313/garment_cropped_upscaled.jpg?X-Amz-Algorithm=AWS4-HMAC-SHA256&X-Amz-Credential=GOOG4E63MNGYP5VR4UILWSHQ%2F20250910%2Fap-south-1%2Fs3%2Faws4_request&X-Amz-Date=20250910T114404Z&X-Amz-Expires=604800&X-Amz-SignedHeaders=host&X-Amz-Signature=2077fc6e442c687f06d4e1775d74eadd9ff4678fe7fcde4bf68ef57dfec8bde3,https://storage.googleapis.com/alleai-in/yaswanth/prog_content_testset_sampled/Top/vto_image_20250819_155313/reference_upscaled.jpg?X-Amz-Algorithm=AWS4-HMAC-SHA256&X-Amz-Credential=GOOG4E63MNGYP5VR4UILWSHQ%2F20250910%2Fap-south-1%2Fs3%2Faws4_request&X-Amz-Date=20250910T114404Z&X-Amz-Expires=604800&X-Amz-SignedHeaders=host&X-Amz-Signature=be193a51e694ddb73b9bc94de9ee26cb7e17647c121f0421750ea0d4319d1c6e,https://storage.googleapis.com/alleai-in/yaswanth/prog_content_testset_sampled/Top/vto_image_20250819_155313/output_text_desc_redux_switch_5_mask_V2.jpg?X-Amz-Algorithm=AWS4-HMAC-SHA256&X-Amz-Credential=GOOG4E63MNGYP5VR4UILWSHQ%2F20250910%2Fap-south-1%2Fs3%2Faws4_request&X-Amz-Date=20250910T114404Z&X-Amz-Expires=604800&X-Amz-SignedHeaders=host&X-Amz-Signature=cfa5ddb5655493b23d35a80aa0b7cc548dcf675f512f5b1b1c75c3d65d3066b3,https://storage.googleapis.com/alleai-in/yaswanth/prog_content_testset_sampled/Top/vto_image_20250819_155313/output_seedream.png?X-Amz-Algorithm=AWS4-HMAC-SHA256&X-Amz-Credential=GOOG4E63MNGYP5VR4UILWSHQ%2F20250910%2Fap-south-1%2Fs3%2Faws4_request&X-Amz-Date=20250910T114404Z&X-Amz-Expires=604800&X-Amz-SignedHeaders=host&X-Amz-Signature=858698bfb177ea2165be45382d5bb639144c4db587609ed74b3b570c44b0bc8b,https://storage.googleapis.com/alleai-in/yaswanth/prog_content_testset_sampled/Top/vto_image_20250819_155313/output_seedream_upscaled_garment.png?X-Amz-Algorithm=AWS4-HMAC-SHA256&X-Amz-Credential=GOOG4E63MNGYP5VR4UILWSHQ%2F20250910%2Fap-south-1%2Fs3%2Faws4_request&X-Amz-Date=20250910T114404Z&X-Amz-Expires=604800&X-Amz-SignedHeaders=host&X-Amz-Signature=f892898938ee647e46fbf539cedcc71329dc1bb91c2f185f4ff7443c32fe19df,"A candid outdoor fashion portrait of a white woman wearing this light teal flutter-sleeve top. The top is paired with a light blue distressed denim mini skirt, casual footwear (not visible in the original image), and accessorized with round sunglasses and a green patterned shoulder bag. She is holding a cup with a green drink. Hair is styled in loose waves, and her expression is relaxed and slightly playful, contributing to the overall effortless vibe of the image.

The woman is facing slightly turned in a ¾ profile toward the camera. The pose is casual, with one hand resting on her head and the other holding the drink. Body language should feel relaxed and confident.

The setting is an urban street with brick buildings, outdoor café tables, and chairs, under a green awning. The lighting is natural daylight with soft shadows and crisp highlights. Background details include potted plants, sidewalk textures, and architectural elements. The scene is lit with natural daylight, creating warm highlights and gentle contrast between the subject and the background.

Camera details:
- eye-level angle
- medium-full shot
- sharp focus on subject with a slightly blurred background (bokeh)
- standard portrait lens look
- off-centered composition with the subject slightly to the right, dynamic diagonal lines from the awning

Vibe & Style:
Overall mood is chic, casual, and modern. The image should convey effortless street cool and individuality."
Top,vto_image_20250826_084340,https://storage.googleapis.com/alleai-in/yaswanth/prog_content_testset_sampled/Top/vto_image_20250826_084340/reference.jpg?X-Amz-Algorithm=AWS4-HMAC-SHA256&X-Amz-Credential=GOOG4E63MNGYP5VR4UILWSHQ%2F20250910%2Fap-south-1%2Fs3%2Faws4_request&X-Amz-Date=20250910T114404Z&X-Amz-Expires=604800&X-Amz-SignedHeaders=host&X-Amz-Signature=f210dc94ccf702988ecf039f44a61c2d303508a15654b2cf8b0f25a880870b77,https://storage.googleapis.com/alleai-in/yaswanth/prog_content_testset_sampled/Top/vto_image_20250826_084340/garment.jpg?X-Amz-Algorithm=AWS4-HMAC-SHA256&X-Amz-Credential=GOOG4E63MNGYP5VR4UILWSHQ%2F20250910%2Fap-south-1%2Fs3%2Faws4_request&X-Amz-Date=20250910T114404Z&X-Amz-Expires=604800&X-Amz-SignedHeaders=host&X-Amz-Signature=8a6f60549a663958abf5a0ff9faacbd51c60f6a92ee72625fdf95c15f5923a45,https://storage.googleapis.com/alleai-in/yaswanth/prog_content_testset_sampled/Top/vto_image_20250826_084340/garment_cropped.jpg?X-Amz-Algorithm=AWS4-HMAC-SHA256&X-Amz-Credential=GOOG4E63MNGYP5VR4UILWSHQ%2F20250910%2Fap-south-1%2Fs3%2Faws4_request&X-Amz-Date=20250910T114404Z&X-Amz-Expires=604800&X-Amz-SignedHeaders=host&X-Amz-Signature=2eb4cede614dd76715413d8f7d1e1cc5266ce202778eb74affdb4d9467f290da,https://storage.googleapis.com/alleai-in/yaswanth/prog_content_testset_sampled/Top/vto_image_20250826_084340/garment_cropped_upscaled.jpg?X-Amz-Algorithm=AWS4-HMAC-SHA256&X-Amz-Credential=GOOG4E63MNGYP5VR4UILWSHQ%2F20250910%2Fap-south-1%2Fs3%2Faws4_request&X-Amz-Date=20250910T114404Z&X-Amz-Expires=604800&X-Amz-SignedHeaders=host&X-Amz-Signature=2cd76b65e218f70ef9720ec19d3dd011c6160f25f5a08280b6c9b2cae3a4a7cb,https://storage.googleapis.com/alleai-in/yaswanth/prog_content_testset_sampled/Top/vto_image_20250826_084340/reference_upscaled.jpg?X-Amz-Algorithm=AWS4-HMAC-SHA256&X-Amz-Credential=GOOG4E63MNGYP5VR4UILWSHQ%2F20250910%2Fap-south-1%2Fs3%2Faws4_request&X-Amz-Date=20250910T114404Z&X-Amz-Expires=604800&X-Amz-SignedHeaders=host&X-Amz-Signature=bd317ff79ab61081499bbb38051f46ef2c35f9cd24188ab70ae4f306ed4019e3,https://storage.googleapis.com/alleai-in/yaswanth/prog_content_testset_sampled/Top/vto_image_20250826_084340/output_text_desc_redux_switch_5_mask_V2.jpg?X-Amz-Algorithm=AWS4-HMAC-SHA256&X-Amz-Credential=GOOG4E63MNGYP5VR4UILWSHQ%2F20250910%2Fap-south-1%2Fs3%2Faws4_request&X-Amz-Date=20250910T114404Z&X-Amz-Expires=604800&X-Amz-SignedHeaders=host&X-Amz-Signature=17af54b0f6fc57268ab281c04787e951d1bbb7dd66a7270be9b5623f8c96c191,https://storage.googleapis.com/alleai-in/yaswanth/prog_content_testset_sampled/Top/vto_image_20250826_084340/output_seedream.png?X-Amz-Algorithm=AWS4-HMAC-SHA256&X-Amz-Credential=GOOG4E63MNGYP5VR4UILWSHQ%2F20250910%2Fap-south-1%2Fs3%2Faws4_request&X-Amz-Date=20250910T114404Z&X-Amz-Expires=604800&X-Amz-SignedHeaders=host&X-Amz-Signature=8cf3f29214b931786c1b4e6eb188d93a3ac75d42412d3c686dd74e68651348ab,https://storage.googleapis.com/alleai-in/yaswanth/prog_content_testset_sampled/Top/vto_image_20250826_084340/output_seedream_upscaled_garment.png?X-Amz-Algorithm=AWS4-HMAC-SHA256&X-Amz-Credential=GOOG4E63MNGYP5VR4UILWSHQ%2F20250910%2Fap-south-1%2Fs3%2Faws4_request&X-Amz-Date=20250910T114404Z&X-Amz-Expires=604800&X-Amz-SignedHeaders=host&X-Amz-Signature=12a58d65b7a18cb462dbe8c82b84aff0c2f0149e56b15e6e7dcb6d010809bc49,"A candid outdoor fashion portrait of a woman of Mediterranean ethnicity wearing this black-and-white striped, off-shoulder fitted top. The top is paired with a cream-colored midi skirt with a side slit and drawstring detail, a brown designer shoulder bag, and gold jewelry including bracelets and a pendant necklace. Hair is styled in voluminous, loose waves. Expression is relaxed and thoughtful, contributing to the overall chic vibe of the image.

The woman is facing slightly turned in a ¾ profile, adjusting her sunglasses with both hands. The pose is natural and casual, as if caught mid-action while preparing to put on her sunglasses. Body language should feel confident and effortless.

The setting is an urban street with historic stone buildings and arched windows in the background, under natural daylight with soft shadows and crisp highlights. Background details include parked cars, textured stone walls, and city street elements. The scene is lit with natural daylight, creating warm highlights and gentle contrast between the subject and the background.

Camera details:
- eye-level angle
- medium-full shot
- sharp focus on subject with a softly blurred background (bokeh)
- standard portrait lens look
- off-centered composition, following the rule of thirds, with the subject dominating the foreground

Vibe & Style:
Overall mood is chic, effortless, and modern. The image should convey a sense of individuality and street cool, blending urban sophistication with relaxed confidence."
Top,vto_image_20250826_144849,https://storage.googleapis.com/alleai-in/yaswanth/prog_content_testset_sampled/Top/vto_image_20250826_144849/reference.jpg?X-Amz-Algorithm=AWS4-HMAC-SHA256&X-Amz-Credential=GOOG4E63MNGYP5VR4UILWSHQ%2F20250910%2Fap-south-1%2Fs3%2Faws4_request&X-Amz-Date=20250910T114404Z&X-Amz-Expires=604800&X-Amz-SignedHeaders=host&X-Amz-Signature=40d8b60d824b7177662c6b8ac4d5b09108351e7ab40e4853f075851397398750,https://storage.googleapis.com/alleai-in/yaswanth/prog_content_testset_sampled/Top/vto_image_20250826_144849/garment.jpg?X-Amz-Algorithm=AWS4-HMAC-SHA256&X-Amz-Credential=GOOG4E63MNGYP5VR4UILWSHQ%2F20250910%2Fap-south-1%2Fs3%2Faws4_request&X-Amz-Date=20250910T114404Z&X-Amz-Expires=604800&X-Amz-SignedHeaders=host&X-Amz-Signature=31c5b78d729d53377665fecbbbd812db5c7c3c3c9fd3c86a45453cc317f99367,https://storage.googleapis.com/alleai-in/yaswanth/prog_content_testset_sampled/Top/vto_image_20250826_144849/garment_cropped.jpg?X-Amz-Algorithm=AWS4-HMAC-SHA256&X-Amz-Credential=GOOG4E63MNGYP5VR4UILWSHQ%2F20250910%2Fap-south-1%2Fs3%2Faws4_request&X-Amz-Date=20250910T114404Z&X-Amz-Expires=604800&X-Amz-SignedHeaders=host&X-Amz-Signature=d147c99a40131897a90f8da218906d56c4cb7e487693b5d7911d4ef89b2ca79e,https://storage.googleapis.com/alleai-in/yaswanth/prog_content_testset_sampled/Top/vto_image_20250826_144849/garment_cropped_upscaled.jpg?X-Amz-Algorithm=AWS4-HMAC-SHA256&X-Amz-Credential=GOOG4E63MNGYP5VR4UILWSHQ%2F20250910%2Fap-south-1%2Fs3%2Faws4_request&X-Amz-Date=20250910T114404Z&X-Amz-Expires=604800&X-Amz-SignedHeaders=host&X-Amz-Signature=60a050eb87242af8493ef9f4bcf9d63102e6f20d72f67f1b8b91a24e485136be,https://storage.googleapis.com/alleai-in/yaswanth/prog_content_testset_sampled/Top/vto_image_20250826_144849/reference_upscaled.jpg?X-Amz-Algorithm=AWS4-HMAC-SHA256&X-Amz-Credential=GOOG4E63MNGYP5VR4UILWSHQ%2F20250910%2Fap-south-1%2Fs3%2Faws4_request&X-Amz-Date=20250910T114404Z&X-Amz-Expires=604800&X-Amz-SignedHeaders=host&X-Amz-Signature=caa82fdfcedb34612ed1a08a11775f518c8a093747cd57467a38cc5785c3ebec,https://storage.googleapis.com/alleai-in/yaswanth/prog_content_testset_sampled/Top/vto_image_20250826_144849/output_text_desc_redux_switch_5_mask_V2.jpg?X-Amz-Algorithm=AWS4-HMAC-SHA256&X-Amz-Credential=GOOG4E63MNGYP5VR4UILWSHQ%2F20250910%2Fap-south-1%2Fs3%2Faws4_request&X-Amz-Date=20250910T114404Z&X-Amz-Expires=604800&X-Amz-SignedHeaders=host&X-Amz-Signature=39f3eb4b052b6e5a222937d503314b017fc84d95ee5998a65a068f3a2af391a0,https://storage.googleapis.com/alleai-in/yaswanth/prog_content_testset_sampled/Top/vto_image_20250826_144849/output_seedream.png?X-Amz-Algorithm=AWS4-HMAC-SHA256&X-Amz-Credential=GOOG4E63MNGYP5VR4UILWSHQ%2F20250910%2Fap-south-1%2Fs3%2Faws4_request&X-Amz-Date=20250910T114404Z&X-Amz-Expires=604800&X-Amz-SignedHeaders=host&X-Amz-Signature=d84c06fdb6b91b26f9e2b8509a229396a94f8198b0545d03df832fd4143c94dd,https://storage.googleapis.com/alleai-in/yaswanth/prog_content_testset_sampled/Top/vto_image_20250826_144849/output_seedream_upscaled_garment.png?X-Amz-Algorithm=AWS4-HMAC-SHA256&X-Amz-Credential=GOOG4E63MNGYP5VR4UILWSHQ%2F20250910%2Fap-south-1%2Fs3%2Faws4_request&X-Amz-Date=20250910T114404Z&X-Amz-Expires=604800&X-Amz-SignedHeaders=host&X-Amz-Signature=181ff161c7e3ea1093376c1258f3a65dace835db84e612597941b45ab5a497a5,"A candid outdoor fashion portrait of a white woman wearing this rich chocolate brown sleeveless button-front top. The top is paired with tailored dark brown high-waisted trousers, with no visible footwear or accessories. Hair is styled in loose, slightly tousled waves. Expression is relaxed and subtly confident, contributing to the overall vibe of the image.

The woman is facing slightly turned ¾ profile toward the camera. The pose is casual, with hands in pockets and shoulders relaxed, standing naturally. Body language should feel poised, confident, and effortless.

The setting is an urban street with a textured stone wall and a window with horizontal blinds in the background, under natural daylight with soft shadows and crisp highlights. Background details include the building’s stone texture and glass reflections. The scene is lit with natural daylight, creating gentle, flattering highlights and subtle shadowing on the subject.

Camera details:
- eye-level angle
- medium-full shot, capturing from mid-thigh up
- sharp focus on subject with a softly blurred background (bokeh)
- standard portrait lens look
- composition is centered, with the subject dominating the foreground and a slight asymmetry from the urban background elements

Vibe & Style:
Overall mood is chic, modern, and editorial. The image should convey a sense of effortless confidence and urban sophistication."
Top,vto_image_20250826_090948,https://storage.googleapis.com/alleai-in/yaswanth/prog_content_testset_sampled/Top/vto_image_20250826_090948/reference.jpg?X-Amz-Algorithm=AWS4-HMAC-SHA256&X-Amz-Credential=GOOG4E63MNGYP5VR4UILWSHQ%2F20250910%2Fap-south-1%2Fs3%2Faws4_request&X-Amz-Date=20250910T114404Z&X-Amz-Expires=604800&X-Amz-SignedHeaders=host&X-Amz-Signature=9e8f4e6aa9a0a57dfbc5c7655d349159915aee2f6ce3c8a92a4c5ca6d3750f96,https://storage.googleapis.com/alleai-in/yaswanth/prog_content_testset_sampled/Top/vto_image_20250826_090948/garment.jpg?X-Amz-Algorithm=AWS4-HMAC-SHA256&X-Amz-Credential=GOOG4E63MNGYP5VR4UILWSHQ%2F20250910%2Fap-south-1%2Fs3%2Faws4_request&X-Amz-Date=20250910T114404Z&X-Amz-Expires=604800&X-Amz-SignedHeaders=host&X-Amz-Signature=9c41b77f3fc8766a40db140304fdca7b2f47cac33f25ddbe5323ab6c907b8101,https://storage.googleapis.com/alleai-in/yaswanth/prog_content_testset_sampled/Top/vto_image_20250826_090948/garment_cropped.jpg?X-Amz-Algorithm=AWS4-HMAC-SHA256&X-Amz-Credential=GOOG4E63MNGYP5VR4UILWSHQ%2F20250910%2Fap-south-1%2Fs3%2Faws4_request&X-Amz-Date=20250910T114404Z&X-Amz-Expires=604800&X-Amz-SignedHeaders=host&X-Amz-Signature=fb0f4b7b86cf049bc02ca12a27f47b0da4be041dda6909a05bf36ddc822a079f,https://storage.googleapis.com/alleai-in/yaswanth/prog_content_testset_sampled/Top/vto_image_20250826_090948/garment_cropped_upscaled.jpg?X-Amz-Algorithm=AWS4-HMAC-SHA256&X-Amz-Credential=GOOG4E63MNGYP5VR4UILWSHQ%2F20250910%2Fap-south-1%2Fs3%2Faws4_request&X-Amz-Date=20250910T114404Z&X-Amz-Expires=604800&X-Amz-SignedHeaders=host&X-Amz-Signature=5dee0644aefbfea5b8ddc43aadd39d5c0f9efb0517f520bd484246ff1f3ba978,https://storage.googleapis.com/alleai-in/yaswanth/prog_content_testset_sampled/Top/vto_image_20250826_090948/reference_upscaled.jpg?X-Amz-Algorithm=AWS4-HMAC-SHA256&X-Amz-Credential=GOOG4E63MNGYP5VR4UILWSHQ%2F20250910%2Fap-south-1%2Fs3%2Faws4_request&X-Amz-Date=20250910T114404Z&X-Amz-Expires=604800&X-Amz-SignedHeaders=host&X-Amz-Signature=720442f049cda8c27dcfcd8501d40820a4725cdd95e69721a663b2b0e843b746,https://storage.googleapis.com/alleai-in/yaswanth/prog_content_testset_sampled/Top/vto_image_20250826_090948/output_text_desc_redux_switch_5_mask_V2.jpg?X-Amz-Algorithm=AWS4-HMAC-SHA256&X-Amz-Credential=GOOG4E63MNGYP5VR4UILWSHQ%2F20250910%2Fap-south-1%2Fs3%2Faws4_request&X-Amz-Date=20250910T114404Z&X-Amz-Expires=604800&X-Amz-SignedHeaders=host&X-Amz-Signature=0c1578904e6e5069b678fd967402fef0ac1dab3307767bab8d1f1c58774caee6,https://storage.googleapis.com/alleai-in/yaswanth/prog_content_testset_sampled/Top/vto_image_20250826_090948/output_seedream.png?X-Amz-Algorithm=AWS4-HMAC-SHA256&X-Amz-Credential=GOOG4E63MNGYP5VR4UILWSHQ%2F20250910%2Fap-south-1%2Fs3%2Faws4_request&X-Amz-Date=20250910T114404Z&X-Amz-Expires=604800&X-Amz-SignedHeaders=host&X-Amz-Signature=3f6f24e5bb1d63691e8e00071624efbc75c51b1d13dc52cd09c07108bf3b8d5a,https://storage.googleapis.com/alleai-in/yaswanth/prog_content_testset_sampled/Top/vto_image_20250826_090948/output_seedream_upscaled_garment.png?X-Amz-Algorithm=AWS4-HMAC-SHA256&X-Amz-Credential=GOOG4E63MNGYP5VR4UILWSHQ%2F20250910%2Fap-south-1%2Fs3%2Faws4_request&X-Amz-Date=20250910T114404Z&X-Amz-Expires=604800&X-Amz-SignedHeaders=host&X-Amz-Signature=3aeeab9de6cb0443589072d124d794879094e09bc7ebebfcc82775e183dced8e,"A candid outdoor fashion portrait of an East Asian woman wearing this black tank top with white trim. The tank top is paired with loose, knee-length denim shorts, white crew socks, white and black sneakers, and a black shoulder bag. She also wears a black belt and a silver necklace. Hair is styled in loose, slightly tousled waves. Expression is relaxed and thoughtful, contributing to the overall vibe of the image.

The woman is facing slightly turned in a ¾ profile, looking off to the side. The pose is natural, standing casually with one hand adjusting her tank top and the other holding her bag strap. Body language should feel relaxed and confident.

The setting is an urban street with tiled walls and industrial metal doors, with natural daylight creating soft shadows and crisp highlights. Background details include tiled wall textures, metal doors, and concrete pavement. The scene is lit with natural daylight, producing subtle warm highlights and gentle contrast between the subject and the background.

Camera details:
- eye-level angle
- medium-full shot
- sharp focus on subject with blurred background (bokeh)
- standard portrait lens look
- off-centered composition, subject slightly to the left, with dynamic vertical and horizontal lines from the architecture

Vibe & Style:
Overall mood is chic, effortless, and modern. The image should convey a sense of individuality and street cool."
Top,vto_image_20250819_171233,https://storage.googleapis.com/alleai-in/yaswanth/prog_content_testset_sampled/Top/vto_image_20250819_171233/reference.jpg?X-Amz-Algorithm=AWS4-HMAC-SHA256&X-Amz-Credential=GOOG4E63MNGYP5VR4UILWSHQ%2F20250910%2Fap-south-1%2Fs3%2Faws4_request&X-Amz-Date=20250910T114404Z&X-Amz-Expires=604800&X-Amz-SignedHeaders=host&X-Amz-Signature=23449a76ab25230019d3f9b3bc707b50046714994ded1064e7f0da5f06377e8c,https://storage.googleapis.com/alleai-in/yaswanth/prog_content_testset_sampled/Top/vto_image_20250819_171233/garment.jpg?X-Amz-Algorithm=AWS4-HMAC-SHA256&X-Amz-Credential=GOOG4E63MNGYP5VR4UILWSHQ%2F20250910%2Fap-south-1%2Fs3%2Faws4_request&X-Amz-Date=20250910T114404Z&X-Amz-Expires=604800&X-Amz-SignedHeaders=host&X-Amz-Signature=54b470275f1cc8e6c43da4df408ec04ecd4c76b7c6e3f15c3a7c7385390e4793,https://storage.googleapis.com/alleai-in/yaswanth/prog_content_testset_sampled/Top/vto_image_20250819_171233/garment_cropped.jpg?X-Amz-Algorithm=AWS4-HMAC-SHA256&X-Amz-Credential=GOOG4E63MNGYP5VR4UILWSHQ%2F20250910%2Fap-south-1%2Fs3%2Faws4_request&X-Amz-Date=20250910T114404Z&X-Amz-Expires=604800&X-Amz-SignedHeaders=host&X-Amz-Signature=7664d1fefdfd266f0ff442d941de6ffdce1d7a4e925e6ac3965ca6bdfb2a5543,https://storage.googleapis.com/alleai-in/yaswanth/prog_content_testset_sampled/Top/vto_image_20250819_171233/garment_cropped_upscaled.jpg?X-Amz-Algorithm=AWS4-HMAC-SHA256&X-Amz-Credential=GOOG4E63MNGYP5VR4UILWSHQ%2F20250910%2Fap-south-1%2Fs3%2Faws4_request&X-Amz-Date=20250910T114404Z&X-Amz-Expires=604800&X-Amz-SignedHeaders=host&X-Amz-Signature=129df95ba28b063b7e8db3bd060b67534161f9cf676c5266f463e67af2d565f5,https://storage.googleapis.com/alleai-in/yaswanth/prog_content_testset_sampled/Top/vto_image_20250819_171233/reference_upscaled.jpg?X-Amz-Algorithm=AWS4-HMAC-SHA256&X-Amz-Credential=GOOG4E63MNGYP5VR4UILWSHQ%2F20250910%2Fap-south-1%2Fs3%2Faws4_request&X-Amz-Date=20250910T114404Z&X-Amz-Expires=604800&X-Amz-SignedHeaders=host&X-Amz-Signature=beffa1c624cf696e22de6da9faa585a5080c90dd42272e67c81555085071f616,https://storage.googleapis.com/alleai-in/yaswanth/prog_content_testset_sampled/Top/vto_image_20250819_171233/output_text_desc_redux_switch_5_mask_V2.jpg?X-Amz-Algorithm=AWS4-HMAC-SHA256&X-Amz-Credential=GOOG4E63MNGYP5VR4UILWSHQ%2F20250910%2Fap-south-1%2Fs3%2Faws4_request&X-Amz-Date=20250910T114404Z&X-Amz-Expires=604800&X-Amz-SignedHeaders=host&X-Amz-Signature=df25c74da3e95da4a2151214791c668c6189a35f438db270eef983d010dff324,https://storage.googleapis.com/alleai-in/yaswanth/prog_content_testset_sampled/Top/vto_image_20250819_171233/output_seedream.png?X-Amz-Algorithm=AWS4-HMAC-SHA256&X-Amz-Credential=GOOG4E63MNGYP5VR4UILWSHQ%2F20250910%2Fap-south-1%2Fs3%2Faws4_request&X-Amz-Date=20250910T114404Z&X-Amz-Expires=604800&X-Amz-SignedHeaders=host&X-Amz-Signature=245cbafe736bc3400200f0fda47621140b8a4878ad0fe38aa4bcdccefd0b0de6,https://storage.googleapis.com/alleai-in/yaswanth/prog_content_testset_sampled/Top/vto_image_20250819_171233/output_seedream_upscaled_garment.png?X-Amz-Algorithm=AWS4-HMAC-SHA256&X-Amz-Credential=GOOG4E63MNGYP5VR4UILWSHQ%2F20250910%2Fap-south-1%2Fs3%2Faws4_request&X-Amz-Date=20250910T114404Z&X-Amz-Expires=604800&X-Amz-SignedHeaders=host&X-Amz-Signature=4e84fb94c01923cd03faa80d7d597feca5986422295e052477331b8988f086cd,"A candid outdoor fashion portrait of a Mediterranean woman wearing this textured periwinkle blue puff-sleeve top. The top is paired with high-waisted white pants, a blue patterned shoulder bag, and silver jewelry including a wristwatch and delicate earrings. Hair is styled in loose, natural waves. Expression is relaxed and softly smiling, contributing to the overall vibe of the image.

The woman is facing directly toward the camera. The pose is casually leaning against a stone ledge with hands resting on her hips, body language feeling confident and effortless.

The setting is an iconic European city landmark, with ornate classical architecture and a grand fountain in the background, under a partly cloudy sky. Background details include marble statues, cascading water, and historic buildings. The scene is lit with natural daylight, creating soft highlights and gentle shadows, with a subtle glow on the subject's hair and face.

Camera details:
- eye-level angle
- medium-full shot
- sharp focus on subject with blurred background (bokeh)
- standard portrait lens look
- off-centered composition with the subject slightly to the right, allowing the architectural details to frame the scene

Vibe & Style:
Overall mood is chic, effortless, and modern. The image should convey a sense of individuality, travel inspiration, and timeless street cool."
Trousers,vto_image_20250811_081939,https://storage.googleapis.com/alleai-in/yaswanth/prog_content_testset_sampled/Trousers/vto_image_20250811_081939/reference.jpg?X-Amz-Algorithm=AWS4-HMAC-SHA256&X-Amz-Credential=GOOG4E63MNGYP5VR4UILWSHQ%2F20250910%2Fap-south-1%2Fs3%2Faws4_request&X-Amz-Date=20250910T114404Z&X-Amz-Expires=604800&X-Amz-SignedHeaders=host&X-Amz-Signature=335454c8d4e059329932964c806282ed5212ed20011e845d7f4c2db669f09402,https://storage.googleapis.com/alleai-in/yaswanth/prog_content_testset_sampled/Trousers/vto_image_20250811_081939/garment.jpg?X-Amz-Algorithm=AWS4-HMAC-SHA256&X-Amz-Credential=GOOG4E63MNGYP5VR4UILWSHQ%2F20250910%2Fap-south-1%2Fs3%2Faws4_request&X-Amz-Date=20250910T114404Z&X-Amz-Expires=604800&X-Amz-SignedHeaders=host&X-Amz-Signature=3840e61235eba2216042ef867771c22bc00966175fc5cb31f3f50c5ded3fbe78,https://storage.googleapis.com/alleai-in/yaswanth/prog_content_testset_sampled/Trousers/vto_image_20250811_081939/garment_cropped.jpg?X-Amz-Algorithm=AWS4-HMAC-SHA256&X-Amz-Credential=GOOG4E63MNGYP5VR4UILWSHQ%2F20250910%2Fap-south-1%2Fs3%2Faws4_request&X-Amz-Date=20250910T114404Z&X-Amz-Expires=604800&X-Amz-SignedHeaders=host&X-Amz-Signature=6779d90d75419801156b7fa46b3addcd5785ed8d22bf1470bc75e293277e76e6,https://storage.googleapis.com/alleai-in/yaswanth/prog_content_testset_sampled/Trousers/vto_image_20250811_081939/garment_cropped_upscaled.jpg?X-Amz-Algorithm=AWS4-HMAC-SHA256&X-Amz-Credential=GOOG4E63MNGYP5VR4UILWSHQ%2F20250910%2Fap-south-1%2Fs3%2Faws4_request&X-Amz-Date=20250910T114404Z&X-Amz-Expires=604800&X-Amz-SignedHeaders=host&X-Amz-Signature=182cb132c94b8bb058f282caa9f9bca11103e1169b782be7624726c81a3ea6b7,https://storage.googleapis.com/alleai-in/yaswanth/prog_content_testset_sampled/Trousers/vto_image_20250811_081939/reference_upscaled.jpg?X-Amz-Algorithm=AWS4-HMAC-SHA256&X-Amz-Credential=GOOG4E63MNGYP5VR4UILWSHQ%2F20250910%2Fap-south-1%2Fs3%2Faws4_request&X-Amz-Date=20250910T114404Z&X-Amz-Expires=604800&X-Amz-SignedHeaders=host&X-Amz-Signature=9c81782d89826cb1e73311530e90e87cc22dfed3cadc99abbaa23f9c095fa8f9,https://storage.googleapis.com/alleai-in/yaswanth/prog_content_testset_sampled/Trousers/vto_image_20250811_081939/output_text_desc_redux_switch_5_mask_V5.jpg?X-Amz-Algorithm=AWS4-HMAC-SHA256&X-Amz-Credential=GOOG4E63MNGYP5VR4UILWSHQ%2F20250910%2Fap-south-1%2Fs3%2Faws4_request&X-Amz-Date=20250910T114404Z&X-Amz-Expires=604800&X-Amz-SignedHeaders=host&X-Amz-Signature=2048a96bc38104e6ce784e6881b4be619db77880fd5c157b2bf83e8425d44753,https://storage.googleapis.com/alleai-in/yaswanth/prog_content_testset_sampled/Trousers/vto_image_20250811_081939/output_seedream.png?X-Amz-Algorithm=AWS4-HMAC-SHA256&X-Amz-Credential=GOOG4E63MNGYP5VR4UILWSHQ%2F20250910%2Fap-south-1%2Fs3%2Faws4_request&X-Amz-Date=20250910T114404Z&X-Amz-Expires=604800&X-Amz-SignedHeaders=host&X-Amz-Signature=9b6eb9e3faaa492edad93ee202492587e9424db84652a059c8e92bf68cc94b16,https://storage.googleapis.com/alleai-in/yaswanth/prog_content_testset_sampled/Trousers/vto_image_20250811_081939/output_seedream_upscaled_garment.png?X-Amz-Algorithm=AWS4-HMAC-SHA256&X-Amz-Credential=GOOG4E63MNGYP5VR4UILWSHQ%2F20250910%2Fap-south-1%2Fs3%2Faws4_request&X-Amz-Date=20250910T114404Z&X-Amz-Expires=604800&X-Amz-SignedHeaders=host&X-Amz-Signature=07a94f46bd83a67758a68b86fcbd85e840bdf3a1026364cc0280784e0bf79a45,"A candid indoor fashion portrait of a Mediterranean woman wearing these off-white, black vertical striped drawstring pants. The pants are paired with a rust-colored sleeveless tank top, tan strappy sandals, and a white belt. Hair is styled in loose, natural waves. Expression is joyful, contributing to the overall relaxed and welcoming vibe of the image.

The woman is facing directly toward the camera. The pose is casual, standing with hands in pockets, one leg slightly forward. Body language should feel relaxed and confident.

The setting is a cozy, modern living room filled with lush green houseplants, a teal armchair, books, and minimalistic decor. Lighting is natural daylight streaming in from a skylight, creating soft shadows and gentle highlights. Background details include trailing vines, a white media console with books and framed photos, and a geometric patterned rug. The scene is lit with natural daylight, producing soft, even illumination and subtle warm highlights.

Camera details:
- eye-level angle
- medium-full shot
- sharp focus on subject with slightly blurred background (bokeh)
- standard portrait lens look
- composition is centered, with the subject dominating the foreground and greenery adding depth and texture

Vibe & Style:
Overall mood is chic, effortless, and modern. The image should convey a sense of individuality, comfort, and a touch of urban bohemian charm."
Trousers,vto_image_20250812_112419,https://storage.googleapis.com/alleai-in/yaswanth/prog_content_testset_sampled/Trousers/vto_image_20250812_112419/reference.jpg?X-Amz-Algorithm=AWS4-HMAC-SHA256&X-Amz-Credential=GOOG4E63MNGYP5VR4UILWSHQ%2F20250910%2Fap-south-1%2Fs3%2Faws4_request&X-Amz-Date=20250910T114404Z&X-Amz-Expires=604800&X-Amz-SignedHeaders=host&X-Amz-Signature=b27f2e02b2f9fda0673c5d56c6f713653e72be1fc2e3b7459f042ea27fb8121d,https://storage.googleapis.com/alleai-in/yaswanth/prog_content_testset_sampled/Trousers/vto_image_20250812_112419/garment.jpg?X-Amz-Algorithm=AWS4-HMAC-SHA256&X-Amz-Credential=GOOG4E63MNGYP5VR4UILWSHQ%2F20250910%2Fap-south-1%2Fs3%2Faws4_request&X-Amz-Date=20250910T114404Z&X-Amz-Expires=604800&X-Amz-SignedHeaders=host&X-Amz-Signature=75969711adcb41e3bc57a305a7ebe8454c8f453353778a1288518a4822d0022e,https://storage.googleapis.com/alleai-in/yaswanth/prog_content_testset_sampled/Trousers/vto_image_20250812_112419/garment_cropped.jpg?X-Amz-Algorithm=AWS4-HMAC-SHA256&X-Amz-Credential=GOOG4E63MNGYP5VR4UILWSHQ%2F20250910%2Fap-south-1%2Fs3%2Faws4_request&X-Amz-Date=20250910T114404Z&X-Amz-Expires=604800&X-Amz-SignedHeaders=host&X-Amz-Signature=e93e957839b5d4b3eb8fc53329d0ffd526e910adf7b25f1c7443c11ef64bdbd0,https://storage.googleapis.com/alleai-in/yaswanth/prog_content_testset_sampled/Trousers/vto_image_20250812_112419/garment_cropped_upscaled.jpg?X-Amz-Algorithm=AWS4-HMAC-SHA256&X-Amz-Credential=GOOG4E63MNGYP5VR4UILWSHQ%2F20250910%2Fap-south-1%2Fs3%2Faws4_request&X-Amz-Date=20250910T114404Z&X-Amz-Expires=604800&X-Amz-SignedHeaders=host&X-Amz-Signature=e81279ffc3d467e53c95c0ef2de91794d862f50f582b1282c376a10ca0394fe1,https://storage.googleapis.com/alleai-in/yaswanth/prog_content_testset_sampled/Trousers/vto_image_20250812_112419/reference_upscaled.jpg?X-Amz-Algorithm=AWS4-HMAC-SHA256&X-Amz-Credential=GOOG4E63MNGYP5VR4UILWSHQ%2F20250910%2Fap-south-1%2Fs3%2Faws4_request&X-Amz-Date=20250910T114404Z&X-Amz-Expires=604800&X-Amz-SignedHeaders=host&X-Amz-Signature=94be1682dc20bc4bbfd7fd2201a1da6032a40014de5ebdc1cefdd8f049565e68,https://storage.googleapis.com/alleai-in/yaswanth/prog_content_testset_sampled/Trousers/vto_image_20250812_112419/output_text_desc_redux_switch_5_mask_V5.jpg?X-Amz-Algorithm=AWS4-HMAC-SHA256&X-Amz-Credential=GOOG4E63MNGYP5VR4UILWSHQ%2F20250910%2Fap-south-1%2Fs3%2Faws4_request&X-Amz-Date=20250910T114404Z&X-Amz-Expires=604800&X-Amz-SignedHeaders=host&X-Amz-Signature=9406350b606e9b8f2b169e7be8558ed233936eeb1453956fdced2850532a8bf2,https://storage.googleapis.com/alleai-in/yaswanth/prog_content_testset_sampled/Trousers/vto_image_20250812_112419/output_seedream.png?X-Amz-Algorithm=AWS4-HMAC-SHA256&X-Amz-Credential=GOOG4E63MNGYP5VR4UILWSHQ%2F20250910%2Fap-south-1%2Fs3%2Faws4_request&X-Amz-Date=20250910T114404Z&X-Amz-Expires=604800&X-Amz-SignedHeaders=host&X-Amz-Signature=348802938601b523a0f576b206ae0508830d7825373344e03b58a1163888875c,https://storage.googleapis.com/alleai-in/yaswanth/prog_content_testset_sampled/Trousers/vto_image_20250812_112419/output_seedream_upscaled_garment.png?X-Amz-Algorithm=AWS4-HMAC-SHA256&X-Amz-Credential=GOOG4E63MNGYP5VR4UILWSHQ%2F20250910%2Fap-south-1%2Fs3%2Faws4_request&X-Amz-Date=20250910T114404Z&X-Amz-Expires=604800&X-Amz-SignedHeaders=host&X-Amz-Signature=74715c843fac63dc5fe22ec916fe81431c7cbd4b29677fb588316a4d68d94eaa,"A candid outdoor fashion portrait of a Caucasian woman wearing these black faux leather straight-leg pants. The pants are paired with a fitted black ribbed turtleneck sweater, chunky black combat boots, and a small black handbag with a gold clasp. Hair is styled in loose, natural waves, with a slightly tousled look. Expression is relaxed and confident, contributing to the overall chic vibe of the image.

The woman is facing directly toward the camera. The pose is walking mid-stride, with one hand gently touching her hair and the other holding the handbag. Body language should feel relaxed and self-assured.

The setting is an urban street with ornate wrought iron gates and a stone building facade in the background, under natural daylight with soft shadows and crisp highlights. Background details include textured stone, black metalwork, and subtle urban elements. The scene is lit with natural daylight, creating warm highlights and gentle contrast between the subject and the background.

Camera details:
- eye-level angle
- medium-full shot
- sharp focus on subject with a slightly blurred background (bokeh)
- standard portrait lens look
- composition is centered, with the subject dominating the foreground and architectural details framing the scene

Vibe & Style:
Overall mood is chic, effortless, and modern. The image should convey a sense of empowerment and street cool."
Trousers,vto_image_20250827_074005,https://storage.googleapis.com/alleai-in/yaswanth/prog_content_testset_sampled/Trousers/vto_image_20250827_074005/reference.jpg?X-Amz-Algorithm=AWS4-HMAC-SHA256&X-Amz-Credential=GOOG4E63MNGYP5VR4UILWSHQ%2F20250910%2Fap-south-1%2Fs3%2Faws4_request&X-Amz-Date=20250910T114404Z&X-Amz-Expires=604800&X-Amz-SignedHeaders=host&X-Amz-Signature=2266ce38344831da205b85f1a1e1d4a2be5f43460a7c40d0aeb2addd520ba983,https://storage.googleapis.com/alleai-in/yaswanth/prog_content_testset_sampled/Trousers/vto_image_20250827_074005/garment.jpg?X-Amz-Algorithm=AWS4-HMAC-SHA256&X-Amz-Credential=GOOG4E63MNGYP5VR4UILWSHQ%2F20250910%2Fap-south-1%2Fs3%2Faws4_request&X-Amz-Date=20250910T114404Z&X-Amz-Expires=604800&X-Amz-SignedHeaders=host&X-Amz-Signature=2bbccf57ba58b099c7eadba208cb4cdf941e0e44d268a8813e7e634b97ac8e9b,https://storage.googleapis.com/alleai-in/yaswanth/prog_content_testset_sampled/Trousers/vto_image_20250827_074005/garment_cropped.jpg?X-Amz-Algorithm=AWS4-HMAC-SHA256&X-Amz-Credential=GOOG4E63MNGYP5VR4UILWSHQ%2F20250910%2Fap-south-1%2Fs3%2Faws4_request&X-Amz-Date=20250910T114404Z&X-Amz-Expires=604800&X-Amz-SignedHeaders=host&X-Amz-Signature=cc096fd00dbe3da1433f5fcbdeb104c410e5965f737ecaffd6ef97ab534c6e8a,https://storage.googleapis.com/alleai-in/yaswanth/prog_content_testset_sampled/Trousers/vto_image_20250827_074005/garment_cropped_upscaled.jpg?X-Amz-Algorithm=AWS4-HMAC-SHA256&X-Amz-Credential=GOOG4E63MNGYP5VR4UILWSHQ%2F20250910%2Fap-south-1%2Fs3%2Faws4_request&X-Amz-Date=20250910T114404Z&X-Amz-Expires=604800&X-Amz-SignedHeaders=host&X-Amz-Signature=02da52c9e363c6cb6035b1da1bc71d96b0ec3ceceb1379e025e96e0a3f455f03,https://storage.googleapis.com/alleai-in/yaswanth/prog_content_testset_sampled/Trousers/vto_image_20250827_074005/reference_upscaled.jpg?X-Amz-Algorithm=AWS4-HMAC-SHA256&X-Amz-Credential=GOOG4E63MNGYP5VR4UILWSHQ%2F20250910%2Fap-south-1%2Fs3%2Faws4_request&X-Amz-Date=20250910T114404Z&X-Amz-Expires=604800&X-Amz-SignedHeaders=host&X-Amz-Signature=2393b509a55fe6241dc88e1d0afc778d52afed7ce33ce2d4a102bb2d3b4a9011,https://storage.googleapis.com/alleai-in/yaswanth/prog_content_testset_sampled/Trousers/vto_image_20250827_074005/output_text_desc_redux_switch_5_mask_V5.jpg?X-Amz-Algorithm=AWS4-HMAC-SHA256&X-Amz-Credential=GOOG4E63MNGYP5VR4UILWSHQ%2F20250910%2Fap-south-1%2Fs3%2Faws4_request&X-Amz-Date=20250910T114404Z&X-Amz-Expires=604800&X-Amz-SignedHeaders=host&X-Amz-Signature=c36cd6ea80c78b8fe82dce46070ee27881eb5d6bfdd3a2a1416b8c113a93134b,https://storage.googleapis.com/alleai-in/yaswanth/prog_content_testset_sampled/Trousers/vto_image_20250827_074005/output_seedream.png?X-Amz-Algorithm=AWS4-HMAC-SHA256&X-Amz-Credential=GOOG4E63MNGYP5VR4UILWSHQ%2F20250910%2Fap-south-1%2Fs3%2Faws4_request&X-Amz-Date=20250910T114404Z&X-Amz-Expires=604800&X-Amz-SignedHeaders=host&X-Amz-Signature=64441c8fa00531367f5dfd6b9712ac38ac3a99655da7b0440531ca642280c124,https://storage.googleapis.com/alleai-in/yaswanth/prog_content_testset_sampled/Trousers/vto_image_20250827_074005/output_seedream_upscaled_garment.png?X-Amz-Algorithm=AWS4-HMAC-SHA256&X-Amz-Credential=GOOG4E63MNGYP5VR4UILWSHQ%2F20250910%2Fap-south-1%2Fs3%2Faws4_request&X-Amz-Date=20250910T114404Z&X-Amz-Expires=604800&X-Amz-SignedHeaders=host&X-Amz-Signature=244ce8d8c7fa9e1a675379b7729fa5146d2e02d5504bfb1e65c2a1f4f53edd47,"A candid indoor fashion portrait of a Mediterranean woman wearing these brown wide-leg drawstring pants. The pants are paired with a loose ivory camisole, a relaxed beige linen button-up shirt worn open, woven rope sandals, and delicate gold jewelry including layered necklaces. Hair is styled in soft, tousled waves, and her expression is relaxed with a gentle, candid smile, contributing to the overall effortless vibe of the image.

The woman is facing slightly turned in a ¾ profile toward the camera. The pose is casual, with one hand raised to her forehead as if shielding her eyes from the light, and the other relaxed by her side. Body language should feel relaxed, confident, and graceful.

The setting is a minimal, rustic indoor space with white plastered walls, a simple wooden bench, and a ceramic vase with dried grasses. Lighting is natural daylight, creating soft shadows and warm highlights. Background details include subtle architectural steps and textured surfaces. The scene is lit with natural daylight, producing gentle, warm highlights and soft, natural shadows.

Camera details:
- eye-level angle
- medium-full shot
- sharp focus on subject with softly blurred background (bokeh)
- standard portrait lens look
- composition is off-centered, following the rule of thirds, with the subject dominating the foreground and rustic elements adding depth.

Vibe & Style:
Overall mood is chic, effortless, and serene. The image should convey a sense of mindfulness, rustic charm, and understated elegance."
Trousers,vto_image_20250827_071609,https://storage.googleapis.com/alleai-in/yaswanth/prog_content_testset_sampled/Trousers/vto_image_20250827_071609/reference.jpg?X-Amz-Algorithm=AWS4-HMAC-SHA256&X-Amz-Credential=GOOG4E63MNGYP5VR4UILWSHQ%2F20250910%2Fap-south-1%2Fs3%2Faws4_request&X-Amz-Date=20250910T114404Z&X-Amz-Expires=604800&X-Amz-SignedHeaders=host&X-Amz-Signature=0df781066d0173724462e800cf92881e5ffdd7ec797e9f83a016d4014219c996,https://storage.googleapis.com/alleai-in/yaswanth/prog_content_testset_sampled/Trousers/vto_image_20250827_071609/garment.jpg?X-Amz-Algorithm=AWS4-HMAC-SHA256&X-Amz-Credential=GOOG4E63MNGYP5VR4UILWSHQ%2F20250910%2Fap-south-1%2Fs3%2Faws4_request&X-Amz-Date=20250910T114404Z&X-Amz-Expires=604800&X-Amz-SignedHeaders=host&X-Amz-Signature=f89157ddee1279b155faa39d28e0f5ba617cbcbecc5e60e9f8c719742a078961,https://storage.googleapis.com/alleai-in/yaswanth/prog_content_testset_sampled/Trousers/vto_image_20250827_071609/garment_cropped.jpg?X-Amz-Algorithm=AWS4-HMAC-SHA256&X-Amz-Credential=GOOG4E63MNGYP5VR4UILWSHQ%2F20250910%2Fap-south-1%2Fs3%2Faws4_request&X-Amz-Date=20250910T114404Z&X-Amz-Expires=604800&X-Amz-SignedHeaders=host&X-Amz-Signature=6e04baaf09e63dd435ffb69e22dfd5d5eb812944d9a9b46fffb28739e415bb66,https://storage.googleapis.com/alleai-in/yaswanth/prog_content_testset_sampled/Trousers/vto_image_20250827_071609/garment_cropped_upscaled.jpg?X-Amz-Algorithm=AWS4-HMAC-SHA256&X-Amz-Credential=GOOG4E63MNGYP5VR4UILWSHQ%2F20250910%2Fap-south-1%2Fs3%2Faws4_request&X-Amz-Date=20250910T114404Z&X-Amz-Expires=604800&X-Amz-SignedHeaders=host&X-Amz-Signature=d3f62edd72c3a92913ec706ed59deaa3e775cfea3d4d878ce604c87af4a7efca,https://storage.googleapis.com/alleai-in/yaswanth/prog_content_testset_sampled/Trousers/vto_image_20250827_071609/reference_upscaled.jpg?X-Amz-Algorithm=AWS4-HMAC-SHA256&X-Amz-Credential=GOOG4E63MNGYP5VR4UILWSHQ%2F20250910%2Fap-south-1%2Fs3%2Faws4_request&X-Amz-Date=20250910T114404Z&X-Amz-Expires=604800&X-Amz-SignedHeaders=host&X-Amz-Signature=61e5f81f1ff2901db199b6cc1b8e90782a08155c5629290f165b859e415df76d,https://storage.googleapis.com/alleai-in/yaswanth/prog_content_testset_sampled/Trousers/vto_image_20250827_071609/output_text_desc_redux_switch_5_mask_V5.jpg?X-Amz-Algorithm=AWS4-HMAC-SHA256&X-Amz-Credential=GOOG4E63MNGYP5VR4UILWSHQ%2F20250910%2Fap-south-1%2Fs3%2Faws4_request&X-Amz-Date=20250910T114404Z&X-Amz-Expires=604800&X-Amz-SignedHeaders=host&X-Amz-Signature=111d0880612099b4a7072e1c640348bf5325b3fec2d26671f586bd77898e1385,https://storage.googleapis.com/alleai-in/yaswanth/prog_content_testset_sampled/Trousers/vto_image_20250827_071609/output_seedream.png?X-Amz-Algorithm=AWS4-HMAC-SHA256&X-Amz-Credential=GOOG4E63MNGYP5VR4UILWSHQ%2F20250910%2Fap-south-1%2Fs3%2Faws4_request&X-Amz-Date=20250910T114404Z&X-Amz-Expires=604800&X-Amz-SignedHeaders=host&X-Amz-Signature=d3c2997930418208325b568a31a705cb9e601116c6a52a4fbe82bbf24c628cf7,https://storage.googleapis.com/alleai-in/yaswanth/prog_content_testset_sampled/Trousers/vto_image_20250827_071609/output_seedream_upscaled_garment.png?X-Amz-Algorithm=AWS4-HMAC-SHA256&X-Amz-Credential=GOOG4E63MNGYP5VR4UILWSHQ%2F20250910%2Fap-south-1%2Fs3%2Faws4_request&X-Amz-Date=20250910T114404Z&X-Amz-Expires=604800&X-Amz-SignedHeaders=host&X-Amz-Signature=b6ab009123a6a7dbbc0cb07d8f5ff974439997ce9bc182ed2de7c9d032e2bc10,"A candid indoor fashion portrait of a South Asian woman wearing these black glittery wide-leg pants. The pants are paired with a black wrap-style blouse, metallic open-toe heels, and bold gold jewelry including a chunky necklace and bracelet. Hair is styled in loose, softly tousled waves. Expression is relaxed and confident, contributing to the overall chic vibe of the image.

The woman is facing slightly turned in a ¾ profile toward the camera. The pose is natural, standing with hands in pockets and one leg slightly forward, exuding relaxed and poised body language.

The setting is a modern, softly lit hallway with cream-colored walls adorned with framed artwork, and a polished marble floor. Lighting is natural daylight with soft shadows and crisp highlights, creating gentle contrast and a subtle glow on the subject. Background details include framed pictures on the walls and a clean, minimalist corridor. The scene is lit with natural daylight, producing warm highlights and soft, flattering shadows.

Camera details:
- eye-level angle
- medium-full shot
- sharp focus on subject with a slightly blurred background (bokeh)
- standard portrait lens look
- composition is centered, with the subject dominating the foreground and subtle leading lines from the hallway.

Vibe & Style:
Overall mood is chic, modern, and elegant. The image should convey empowerment and effortless sophistication."
Trousers,vto_image_20250814_055440,https://storage.googleapis.com/alleai-in/yaswanth/prog_content_testset_sampled/Trousers/vto_image_20250814_055440/reference.jpg?X-Amz-Algorithm=AWS4-HMAC-SHA256&X-Amz-Credential=GOOG4E63MNGYP5VR4UILWSHQ%2F20250910%2Fap-south-1%2Fs3%2Faws4_request&X-Amz-Date=20250910T114404Z&X-Amz-Expires=604800&X-Amz-SignedHeaders=host&X-Amz-Signature=78bd290fce3707ff9ee3192925e94b490119a01d4abff2b3e30fdf1b7ea02725,https://storage.googleapis.com/alleai-in/yaswanth/prog_content_testset_sampled/Trousers/vto_image_20250814_055440/garment.jpg?X-Amz-Algorithm=AWS4-HMAC-SHA256&X-Amz-Credential=GOOG4E63MNGYP5VR4UILWSHQ%2F20250910%2Fap-south-1%2Fs3%2Faws4_request&X-Amz-Date=20250910T114404Z&X-Amz-Expires=604800&X-Amz-SignedHeaders=host&X-Amz-Signature=3e6d169657a6bbfb148ea64f1f6018ef1c8335f0395bc9968bc97c5364af559d,https://storage.googleapis.com/alleai-in/yaswanth/prog_content_testset_sampled/Trousers/vto_image_20250814_055440/garment_cropped.jpg?X-Amz-Algorithm=AWS4-HMAC-SHA256&X-Amz-Credential=GOOG4E63MNGYP5VR4UILWSHQ%2F20250910%2Fap-south-1%2Fs3%2Faws4_request&X-Amz-Date=20250910T114404Z&X-Amz-Expires=604800&X-Amz-SignedHeaders=host&X-Amz-Signature=6b0f1793f31cc87042037cfce15c9e268f718ac9a55c9225dc65055750bbb7a9,https://storage.googleapis.com/alleai-in/yaswanth/prog_content_testset_sampled/Trousers/vto_image_20250814_055440/garment_cropped_upscaled.jpg?X-Amz-Algorithm=AWS4-HMAC-SHA256&X-Amz-Credential=GOOG4E63MNGYP5VR4UILWSHQ%2F20250910%2Fap-south-1%2Fs3%2Faws4_request&X-Amz-Date=20250910T114404Z&X-Amz-Expires=604800&X-Amz-SignedHeaders=host&X-Amz-Signature=01cbdd79b23f50e71ce9e141a3a9b17587fe9cdf392686d959e1ff48fca98eb6,https://storage.googleapis.com/alleai-in/yaswanth/prog_content_testset_sampled/Trousers/vto_image_20250814_055440/reference_upscaled.jpg?X-Amz-Algorithm=AWS4-HMAC-SHA256&X-Amz-Credential=GOOG4E63MNGYP5VR4UILWSHQ%2F20250910%2Fap-south-1%2Fs3%2Faws4_request&X-Amz-Date=20250910T114404Z&X-Amz-Expires=604800&X-Amz-SignedHeaders=host&X-Amz-Signature=588d7659162cacd52a224464817118ee7a19242a88568ae3246c6ef1477073ce,https://storage.googleapis.com/alleai-in/yaswanth/prog_content_testset_sampled/Trousers/vto_image_20250814_055440/output_text_desc_redux_switch_5_mask_V5.jpg?X-Amz-Algorithm=AWS4-HMAC-SHA256&X-Amz-Credential=GOOG4E63MNGYP5VR4UILWSHQ%2F20250910%2Fap-south-1%2Fs3%2Faws4_request&X-Amz-Date=20250910T114404Z&X-Amz-Expires=604800&X-Amz-SignedHeaders=host&X-Amz-Signature=b584f05e08c78c26c554fab2250351843d02c5f65080ad0a314047859088a0de,https://storage.googleapis.com/alleai-in/yaswanth/prog_content_testset_sampled/Trousers/vto_image_20250814_055440/output_seedream.png?X-Amz-Algorithm=AWS4-HMAC-SHA256&X-Amz-Credential=GOOG4E63MNGYP5VR4UILWSHQ%2F20250910%2Fap-south-1%2Fs3%2Faws4_request&X-Amz-Date=20250910T114404Z&X-Amz-Expires=604800&X-Amz-SignedHeaders=host&X-Amz-Signature=a8bc2babba17eefc1cbdd7579d6dbfd4d6785e365fd25f1de9019288deaf6f4e,https://storage.googleapis.com/alleai-in/yaswanth/prog_content_testset_sampled/Trousers/vto_image_20250814_055440/output_seedream_upscaled_garment.png?X-Amz-Algorithm=AWS4-HMAC-SHA256&X-Amz-Credential=GOOG4E63MNGYP5VR4UILWSHQ%2F20250910%2Fap-south-1%2Fs3%2Faws4_request&X-Amz-Date=20250910T114404Z&X-Amz-Expires=604800&X-Amz-SignedHeaders=host&X-Amz-Signature=838fbcdba7f30216c9779a4251bbdb48325f41e840a97602a5759430d1582fc2,"A candid indoor fashion portrait of an East Asian woman wearing these charcoal gray pinstriped wide-leg pants. The pants are paired with a fitted black short-sleeve top, a sleek black shoulder bag with gold hardware, and no visible footwear. Hair is styled in loose, natural waves cascading over her shoulders. Expression is relaxed and neutral, contributing to the overall effortless vibe of the image.

The woman is facing directly toward the camera, holding her phone up for a mirror selfie. The pose is casual and natural, standing upright with one arm relaxed by her side and the other holding the phone. Body language should feel relaxed and confident.

The setting is a modern indoor space with a staircase in the background, a large ornate mirror, and a dark sofa. Lighting is natural daylight, creating soft shadows and gentle highlights on the subject. Background details include the staircase's white spindles, the dark sofa, and the reflective surface of the mirror. The scene is lit with natural daylight, producing soft, even illumination and subtle highlights on the hair and outfit.

Camera details:
- eye-level angle
- medium-full shot
- sharp focus on subject with slightly blurred background (mild bokeh)
- standard portrait lens look
- centered composition with the subject dominating the foreground, vertical lines from the mirror and staircase adding structure

Vibe & Style:
Overall mood is chic, effortless, and modern. The image should convey a sense of casual confidence and understated elegance."
Trousers,vto_image_20250826_012704,https://storage.googleapis.com/alleai-in/yaswanth/prog_content_testset_sampled/Trousers/vto_image_20250826_012704/reference.jpg?X-Amz-Algorithm=AWS4-HMAC-SHA256&X-Amz-Credential=GOOG4E63MNGYP5VR4UILWSHQ%2F20250910%2Fap-south-1%2Fs3%2Faws4_request&X-Amz-Date=20250910T114404Z&X-Amz-Expires=604800&X-Amz-SignedHeaders=host&X-Amz-Signature=4bfb9699394725eae752d2296e2b9d6362762150df7aeb555c1ddc0976314472,https://storage.googleapis.com/alleai-in/yaswanth/prog_content_testset_sampled/Trousers/vto_image_20250826_012704/garment.jpg?X-Amz-Algorithm=AWS4-HMAC-SHA256&X-Amz-Credential=GOOG4E63MNGYP5VR4UILWSHQ%2F20250910%2Fap-south-1%2Fs3%2Faws4_request&X-Amz-Date=20250910T114404Z&X-Amz-Expires=604800&X-Amz-SignedHeaders=host&X-Amz-Signature=3e990be7d85d457bbc8e07bbb1c5f0c4a80f9e9c2ec111e6645ce9f7bedf8b4e,https://storage.googleapis.com/alleai-in/yaswanth/prog_content_testset_sampled/Trousers/vto_image_20250826_012704/garment_cropped.jpg?X-Amz-Algorithm=AWS4-HMAC-SHA256&X-Amz-Credential=GOOG4E63MNGYP5VR4UILWSHQ%2F20250910%2Fap-south-1%2Fs3%2Faws4_request&X-Amz-Date=20250910T114404Z&X-Amz-Expires=604800&X-Amz-SignedHeaders=host&X-Amz-Signature=547e7316795704295fa6983268bd3fe343b36bd467130f18311844c2a8dd304e,https://storage.googleapis.com/alleai-in/yaswanth/prog_content_testset_sampled/Trousers/vto_image_20250826_012704/garment_cropped_upscaled.jpg?X-Amz-Algorithm=AWS4-HMAC-SHA256&X-Amz-Credential=GOOG4E63MNGYP5VR4UILWSHQ%2F20250910%2Fap-south-1%2Fs3%2Faws4_request&X-Amz-Date=20250910T114404Z&X-Amz-Expires=604800&X-Amz-SignedHeaders=host&X-Amz-Signature=ce448ce5a2513e07d793271c4c3fd95e43f6c5f0806e47fb69a8fe40b914648d,https://storage.googleapis.com/alleai-in/yaswanth/prog_content_testset_sampled/Trousers/vto_image_20250826_012704/reference_upscaled.jpg?X-Amz-Algorithm=AWS4-HMAC-SHA256&X-Amz-Credential=GOOG4E63MNGYP5VR4UILWSHQ%2F20250910%2Fap-south-1%2Fs3%2Faws4_request&X-Amz-Date=20250910T114404Z&X-Amz-Expires=604800&X-Amz-SignedHeaders=host&X-Amz-Signature=4aa5b379d558c52f143cb3fac3304d9ae92d75394224cf8ed246faeb362c6345,https://storage.googleapis.com/alleai-in/yaswanth/prog_content_testset_sampled/Trousers/vto_image_20250826_012704/output_text_desc_redux_switch_5_mask_V5.jpg?X-Amz-Algorithm=AWS4-HMAC-SHA256&X-Amz-Credential=GOOG4E63MNGYP5VR4UILWSHQ%2F20250910%2Fap-south-1%2Fs3%2Faws4_request&X-Amz-Date=20250910T114404Z&X-Amz-Expires=604800&X-Amz-SignedHeaders=host&X-Amz-Signature=72b07019b3e04cac1b17a2380541df955d1181ae7a554808bf671122efa2a571,https://storage.googleapis.com/alleai-in/yaswanth/prog_content_testset_sampled/Trousers/vto_image_20250826_012704/output_seedream.png?X-Amz-Algorithm=AWS4-HMAC-SHA256&X-Amz-Credential=GOOG4E63MNGYP5VR4UILWSHQ%2F20250910%2Fap-south-1%2Fs3%2Faws4_request&X-Amz-Date=20250910T114404Z&X-Amz-Expires=604800&X-Amz-SignedHeaders=host&X-Amz-Signature=b63b291f948f5f9b9824001456cde0efc65143ae7de1c680f70b2d8b07237771,https://storage.googleapis.com/alleai-in/yaswanth/prog_content_testset_sampled/Trousers/vto_image_20250826_012704/output_seedream_upscaled_garment.png?X-Amz-Algorithm=AWS4-HMAC-SHA256&X-Amz-Credential=GOOG4E63MNGYP5VR4UILWSHQ%2F20250910%2Fap-south-1%2Fs3%2Faws4_request&X-Amz-Date=20250910T114404Z&X-Amz-Expires=604800&X-Amz-SignedHeaders=host&X-Amz-Signature=0c69fc0884021edc01dff449c6fc498294cc3a6ddbe24b7dd73042bd6ab99e99,"A candid indoor fashion portrait of a Caucasian woman wearing these white and black leopard print lounge pants. The pants are paired with a loose black short-sleeve top, soft pink fuzzy slippers, and no visible accessories. Hair is styled sleek and straight, worn down. Expression is relaxed with a gentle, candid smile, contributing to the overall cozy and approachable vibe of the image.

The woman is facing slightly turned ¾ profile toward the camera. The pose is casual, standing with hands gently clasped in front, body language feeling relaxed and comfortable.

The setting is a modern indoor living space with neutral tones, featuring a white leather sectional sofa, a potted green plant, and floor-to-ceiling beige curtains. Lighting is natural daylight streaming in from a nearby window, creating soft shadows and gentle highlights on the subject. Background details include the sofa, plant, and curtains, adding to the serene and homey atmosphere. The scene is lit with natural daylight, producing soft, even illumination and subtle highlights on the hair and outfit.

Camera details:
- eye-level angle
- medium-full shot
- sharp focus on subject with a slightly blurred background (bokeh)
- standard portrait lens look
- composition is off-centered, with the subject slightly to the right, following the rule of thirds, and the plant adding balance on the left.

Vibe & Style:
Overall mood is casual, modern, and effortlessly chic. The image should convey a sense of comfort, relaxation, and everyday confidence."
Trousers,vto_image_20250811_073948,https://storage.googleapis.com/alleai-in/yaswanth/prog_content_testset_sampled/Trousers/vto_image_20250811_073948/reference.jpg?X-Amz-Algorithm=AWS4-HMAC-SHA256&X-Amz-Credential=GOOG4E63MNGYP5VR4UILWSHQ%2F20250910%2Fap-south-1%2Fs3%2Faws4_request&X-Amz-Date=20250910T114404Z&X-Amz-Expires=604800&X-Amz-SignedHeaders=host&X-Amz-Signature=a4cc321ec3dcb3e11e20155d7c20654e4d4bf5f38fa88fa7bcbf78ced0d1c359,https://storage.googleapis.com/alleai-in/yaswanth/prog_content_testset_sampled/Trousers/vto_image_20250811_073948/garment.jpg?X-Amz-Algorithm=AWS4-HMAC-SHA256&X-Amz-Credential=GOOG4E63MNGYP5VR4UILWSHQ%2F20250910%2Fap-south-1%2Fs3%2Faws4_request&X-Amz-Date=20250910T114404Z&X-Amz-Expires=604800&X-Amz-SignedHeaders=host&X-Amz-Signature=cf561e640c3d0cfc61dca1abce884257e2ec7c7fdeb98210d905cf5cb534c95f,https://storage.googleapis.com/alleai-in/yaswanth/prog_content_testset_sampled/Trousers/vto_image_20250811_073948/garment_cropped.jpg?X-Amz-Algorithm=AWS4-HMAC-SHA256&X-Amz-Credential=GOOG4E63MNGYP5VR4UILWSHQ%2F20250910%2Fap-south-1%2Fs3%2Faws4_request&X-Amz-Date=20250910T114404Z&X-Amz-Expires=604800&X-Amz-SignedHeaders=host&X-Amz-Signature=726b7b36b469d682bdfccf29cf3e226ea061b42bc4bc016e6d44ca94c78fcf75,https://storage.googleapis.com/alleai-in/yaswanth/prog_content_testset_sampled/Trousers/vto_image_20250811_073948/garment_cropped_upscaled.jpg?X-Amz-Algorithm=AWS4-HMAC-SHA256&X-Amz-Credential=GOOG4E63MNGYP5VR4UILWSHQ%2F20250910%2Fap-south-1%2Fs3%2Faws4_request&X-Amz-Date=20250910T114404Z&X-Amz-Expires=604800&X-Amz-SignedHeaders=host&X-Amz-Signature=e63aad93792e8ab2e9ba04dfb0dacb40e83b0fe77651462028778ea6a202df62,https://storage.googleapis.com/alleai-in/yaswanth/prog_content_testset_sampled/Trousers/vto_image_20250811_073948/reference_upscaled.jpg?X-Amz-Algorithm=AWS4-HMAC-SHA256&X-Amz-Credential=GOOG4E63MNGYP5VR4UILWSHQ%2F20250910%2Fap-south-1%2Fs3%2Faws4_request&X-Amz-Date=20250910T114404Z&X-Amz-Expires=604800&X-Amz-SignedHeaders=host&X-Amz-Signature=b4c2bb9cd269c231b77caccdb78e5d782a6d211a4fef36451385a293b3524e49,https://storage.googleapis.com/alleai-in/yaswanth/prog_content_testset_sampled/Trousers/vto_image_20250811_073948/output_text_desc_redux_switch_5_mask_V5.jpg?X-Amz-Algorithm=AWS4-HMAC-SHA256&X-Amz-Credential=GOOG4E63MNGYP5VR4UILWSHQ%2F20250910%2Fap-south-1%2Fs3%2Faws4_request&X-Amz-Date=20250910T114404Z&X-Amz-Expires=604800&X-Amz-SignedHeaders=host&X-Amz-Signature=61ded21204849fcdeba47fc5c1b98b6bb053cb0d6608ee9212fbc857ebc60629,https://storage.googleapis.com/alleai-in/yaswanth/prog_content_testset_sampled/Trousers/vto_image_20250811_073948/output_seedream.png?X-Amz-Algorithm=AWS4-HMAC-SHA256&X-Amz-Credential=GOOG4E63MNGYP5VR4UILWSHQ%2F20250910%2Fap-south-1%2Fs3%2Faws4_request&X-Amz-Date=20250910T114404Z&X-Amz-Expires=604800&X-Amz-SignedHeaders=host&X-Amz-Signature=e22ce822b110386705fe116a7c05f281393758c15962c5b35bf250a6df37b840,https://storage.googleapis.com/alleai-in/yaswanth/prog_content_testset_sampled/Trousers/vto_image_20250811_073948/output_seedream_upscaled_garment.png?X-Amz-Algorithm=AWS4-HMAC-SHA256&X-Amz-Credential=GOOG4E63MNGYP5VR4UILWSHQ%2F20250910%2Fap-south-1%2Fs3%2Faws4_request&X-Amz-Date=20250910T114404Z&X-Amz-Expires=604800&X-Amz-SignedHeaders=host&X-Amz-Signature=9d6750d252cf0b962adcdd22ebeb721ffcf07736ad5f5877b1b8e9fbc0d4394e,"A candid indoor fashion portrait of an East Asian woman wearing these black pointed-toe flats. The flats are paired with a cream ribbed knit long-sleeve top with a collar, black-and-white checkered slim-fit pants, and a light beige structured handbag. Hair is styled sleek and straight, worn down. Expression is relaxed and neutral, contributing to the overall vibe of the image.

The woman is facing directly toward the camera. The pose is casual, with one leg slightly forward and one hand holding the handbag, the other holding a phone for a mirror selfie. Body language should feel confident and effortless.

The setting is a modern, minimal indoor room with light wooden floors, a large window letting in natural daylight, white curtains, and a white dresser with a small green plant. The scene is lit with natural daylight, creating soft shadows and crisp highlights.

Camera details:
- eye-level
- medium-full shot
- sharp focus on subject with blurred background (bokeh)
- standard portrait lens look
- centered composition

Vibe & Style:
Overall mood is chic, modern, and casual. The image should convey effortless style and a sense of everyday confidence."
Trousers,vto_image_20250822_143358,https://storage.googleapis.com/alleai-in/yaswanth/prog_content_testset_sampled/Trousers/vto_image_20250822_143358/reference.jpg?X-Amz-Algorithm=AWS4-HMAC-SHA256&X-Amz-Credential=GOOG4E63MNGYP5VR4UILWSHQ%2F20250910%2Fap-south-1%2Fs3%2Faws4_request&X-Amz-Date=20250910T114404Z&X-Amz-Expires=604800&X-Amz-SignedHeaders=host&X-Amz-Signature=9d82f1c903707d6e3f85ab36f4a5556c819a98605f5cf19cddd903aa17c221dc,https://storage.googleapis.com/alleai-in/yaswanth/prog_content_testset_sampled/Trousers/vto_image_20250822_143358/garment.jpg?X-Amz-Algorithm=AWS4-HMAC-SHA256&X-Amz-Credential=GOOG4E63MNGYP5VR4UILWSHQ%2F20250910%2Fap-south-1%2Fs3%2Faws4_request&X-Amz-Date=20250910T114404Z&X-Amz-Expires=604800&X-Amz-SignedHeaders=host&X-Amz-Signature=9e6c4dd03559b15c20af1d62676ab45a7cc5c4101dd1d5c62b7041626886edc3,https://storage.googleapis.com/alleai-in/yaswanth/prog_content_testset_sampled/Trousers/vto_image_20250822_143358/garment_cropped.jpg?X-Amz-Algorithm=AWS4-HMAC-SHA256&X-Amz-Credential=GOOG4E63MNGYP5VR4UILWSHQ%2F20250910%2Fap-south-1%2Fs3%2Faws4_request&X-Amz-Date=20250910T114404Z&X-Amz-Expires=604800&X-Amz-SignedHeaders=host&X-Amz-Signature=bb6cd3c1e1e318d5bb718d45f6263f9b324df20471c69d788e3d6fa6fa727e06,https://storage.googleapis.com/alleai-in/yaswanth/prog_content_testset_sampled/Trousers/vto_image_20250822_143358/garment_cropped_upscaled.jpg?X-Amz-Algorithm=AWS4-HMAC-SHA256&X-Amz-Credential=GOOG4E63MNGYP5VR4UILWSHQ%2F20250910%2Fap-south-1%2Fs3%2Faws4_request&X-Amz-Date=20250910T114404Z&X-Amz-Expires=604800&X-Amz-SignedHeaders=host&X-Amz-Signature=3de28365def685a09e363ae0f25ae791feb1ac6b5ab6fd003342c80c73ed3f55,https://storage.googleapis.com/alleai-in/yaswanth/prog_content_testset_sampled/Trousers/vto_image_20250822_143358/reference_upscaled.jpg?X-Amz-Algorithm=AWS4-HMAC-SHA256&X-Amz-Credential=GOOG4E63MNGYP5VR4UILWSHQ%2F20250910%2Fap-south-1%2Fs3%2Faws4_request&X-Amz-Date=20250910T114404Z&X-Amz-Expires=604800&X-Amz-SignedHeaders=host&X-Amz-Signature=082e4ef6c575eb51bcf711da5f7076ea2857e5e7c04cb5b01c1ae1fcc09dc676,https://storage.googleapis.com/alleai-in/yaswanth/prog_content_testset_sampled/Trousers/vto_image_20250822_143358/output_text_desc_redux_switch_5_mask_V5.jpg?X-Amz-Algorithm=AWS4-HMAC-SHA256&X-Amz-Credential=GOOG4E63MNGYP5VR4UILWSHQ%2F20250910%2Fap-south-1%2Fs3%2Faws4_request&X-Amz-Date=20250910T114404Z&X-Amz-Expires=604800&X-Amz-SignedHeaders=host&X-Amz-Signature=6059d873bcd1921402fa99ca7b4e3d97ce9b457021dac7148b71db909efdc956,https://storage.googleapis.com/alleai-in/yaswanth/prog_content_testset_sampled/Trousers/vto_image_20250822_143358/output_seedream.png?X-Amz-Algorithm=AWS4-HMAC-SHA256&X-Amz-Credential=GOOG4E63MNGYP5VR4UILWSHQ%2F20250910%2Fap-south-1%2Fs3%2Faws4_request&X-Amz-Date=20250910T114404Z&X-Amz-Expires=604800&X-Amz-SignedHeaders=host&X-Amz-Signature=90099ada6c75fa632b20bd044d26ec23da9bfd1e948a5516c2dc0c495332783a,https://storage.googleapis.com/alleai-in/yaswanth/prog_content_testset_sampled/Trousers/vto_image_20250822_143358/output_seedream_upscaled_garment.png?X-Amz-Algorithm=AWS4-HMAC-SHA256&X-Amz-Credential=GOOG4E63MNGYP5VR4UILWSHQ%2F20250910%2Fap-south-1%2Fs3%2Faws4_request&X-Amz-Date=20250910T114404Z&X-Amz-Expires=604800&X-Amz-SignedHeaders=host&X-Amz-Signature=f11d6c9d01bcf912d3337a89b8680425efdf519f1c5421c709476e9fed41e726,"A candid outdoor fashion portrait of a European woman wearing these grey wide-leg tailored pants. The pants are paired with a crisp white short-sleeve t-shirt, a black leather belt with a silver buckle, black shoulder bag, chunky silver bracelet, and dark patterned shoes. Hair is styled sleek and tied back. Expression is relaxed and thoughtful, contributing to the overall vibe of the image.

The woman is facing slightly turned ¾ profile, with a natural pose: standing casually with one hand holding sunglasses and the other in her pocket. Body language should feel confident and effortless.

The setting is an urban street with classic stone building facades and a dark green door in the background, under natural daylight with soft shadows and crisp highlights. Background details include textured stone walls, a sidewalk, and subtle street elements. The scene is lit with natural daylight, creating warm highlights and gentle contrast between the subject and the background.

Camera details:
- eye-level angle
- medium-full shot
- sharp focus on subject with blurred background (bokeh)
- standard portrait lens look
- off-centered composition with the subject slightly to one side, using rule of thirds for balance

Vibe & Style:
Overall mood is chic, effortless, and modern. The image should convey a sense of street cool and individuality."
Trousers,vto_image_20250811_074615,https://storage.googleapis.com/alleai-in/yaswanth/prog_content_testset_sampled/Trousers/vto_image_20250811_074615/reference.jpg?X-Amz-Algorithm=AWS4-HMAC-SHA256&X-Amz-Credential=GOOG4E63MNGYP5VR4UILWSHQ%2F20250910%2Fap-south-1%2Fs3%2Faws4_request&X-Amz-Date=20250910T114404Z&X-Amz-Expires=604800&X-Amz-SignedHeaders=host&X-Amz-Signature=ad7b7416e79647a2706774d14ab3c8a8d3cee47cc8418064fb41fc8aedcb4361,https://storage.googleapis.com/alleai-in/yaswanth/prog_content_testset_sampled/Trousers/vto_image_20250811_074615/garment.jpg?X-Amz-Algorithm=AWS4-HMAC-SHA256&X-Amz-Credential=GOOG4E63MNGYP5VR4UILWSHQ%2F20250910%2Fap-south-1%2Fs3%2Faws4_request&X-Amz-Date=20250910T114404Z&X-Amz-Expires=604800&X-Amz-SignedHeaders=host&X-Amz-Signature=9562201d84f5e59472b65f2b946d63014db45ee1704ee69feeb6551fa68a98d2,https://storage.googleapis.com/alleai-in/yaswanth/prog_content_testset_sampled/Trousers/vto_image_20250811_074615/garment_cropped.jpg?X-Amz-Algorithm=AWS4-HMAC-SHA256&X-Amz-Credential=GOOG4E63MNGYP5VR4UILWSHQ%2F20250910%2Fap-south-1%2Fs3%2Faws4_request&X-Amz-Date=20250910T114404Z&X-Amz-Expires=604800&X-Amz-SignedHeaders=host&X-Amz-Signature=a15b25a933c83c35889190c8b3d79e9b0127e229366560ec81da5326c6159a2a,https://storage.googleapis.com/alleai-in/yaswanth/prog_content_testset_sampled/Trousers/vto_image_20250811_074615/garment_cropped_upscaled.jpg?X-Amz-Algorithm=AWS4-HMAC-SHA256&X-Amz-Credential=GOOG4E63MNGYP5VR4UILWSHQ%2F20250910%2Fap-south-1%2Fs3%2Faws4_request&X-Amz-Date=20250910T114404Z&X-Amz-Expires=604800&X-Amz-SignedHeaders=host&X-Amz-Signature=c87973f90ef7e400a43359f93d94480156cd67bf779684134c53b2a534ec5847,https://storage.googleapis.com/alleai-in/yaswanth/prog_content_testset_sampled/Trousers/vto_image_20250811_074615/reference_upscaled.jpg?X-Amz-Algorithm=AWS4-HMAC-SHA256&X-Amz-Credential=GOOG4E63MNGYP5VR4UILWSHQ%2F20250910%2Fap-south-1%2Fs3%2Faws4_request&X-Amz-Date=20250910T114404Z&X-Amz-Expires=604800&X-Amz-SignedHeaders=host&X-Amz-Signature=717b222f5cba508268f185863d47428b1749e81cc590794037806013ec236b20,https://storage.googleapis.com/alleai-in/yaswanth/prog_content_testset_sampled/Trousers/vto_image_20250811_074615/output_text_desc_redux_switch_5_mask_V5.jpg?X-Amz-Algorithm=AWS4-HMAC-SHA256&X-Amz-Credential=GOOG4E63MNGYP5VR4UILWSHQ%2F20250910%2Fap-south-1%2Fs3%2Faws4_request&X-Amz-Date=20250910T114404Z&X-Amz-Expires=604800&X-Amz-SignedHeaders=host&X-Amz-Signature=f3058910f45dbb25b64279fed7955917f30b49e3ac4b71fea8503c0e58889407,https://storage.googleapis.com/alleai-in/yaswanth/prog_content_testset_sampled/Trousers/vto_image_20250811_074615/output_seedream.png?X-Amz-Algorithm=AWS4-HMAC-SHA256&X-Amz-Credential=GOOG4E63MNGYP5VR4UILWSHQ%2F20250910%2Fap-south-1%2Fs3%2Faws4_request&X-Amz-Date=20250910T114404Z&X-Amz-Expires=604800&X-Amz-SignedHeaders=host&X-Amz-Signature=469228e9d7f7122d643a01c0a6b31093138bc97d13bff2c8adcb69360499d782,https://storage.googleapis.com/alleai-in/yaswanth/prog_content_testset_sampled/Trousers/vto_image_20250811_074615/output_seedream_upscaled_garment.png?X-Amz-Algorithm=AWS4-HMAC-SHA256&X-Amz-Credential=GOOG4E63MNGYP5VR4UILWSHQ%2F20250910%2Fap-south-1%2Fs3%2Faws4_request&X-Amz-Date=20250910T114404Z&X-Amz-Expires=604800&X-Amz-SignedHeaders=host&X-Amz-Signature=5eabbcf3ca6ee44f56a4c23c5c68b56d794eaf6581c297e11fc80a4ef95a5ccf,"A candid outdoor fashion portrait of a Caucasian woman wearing these sleek black leather pants. The pants are paired with a dramatic, asymmetrical black sheer tunic top, black chunky-heeled shoes, and a silver bracelet. Hair is styled in a loose, tousled updo with soft tendrils framing her face. Expression is relaxed and slightly pensive, contributing to the overall chic vibe of the image.

The woman is facing slightly turned in a ¾ profile toward the camera. The pose is casual and graceful, with one arm raised to touch her hair and the other relaxed by her side, as if caught mid-stride. Body language should feel confident and effortless.

The setting is an urban street with vintage blue doors and climbing greenery, bathed in natural daylight with soft shadows and warm highlights. Background details include textured stone walls, weathered wood, and blooming yellow flowers. The scene is lit with natural daylight, creating gentle contrast and a subtle rim glow on her hair.

Camera details:
- eye-level angle
- medium-full shot
- sharp focus on subject with blurred background (bokeh)
- standard portrait lens look
- off-centered composition with dynamic diagonal lines from the architecture

Vibe & Style:
Overall mood is chic, modern, and editorial. The image should convey a sense of empowerment, individuality, and effortless street cool."
Trousers,vto_image_20250812_123342,https://storage.googleapis.com/alleai-in/yaswanth/prog_content_testset_sampled/Trousers/vto_image_20250812_123342/reference.jpg?X-Amz-Algorithm=AWS4-HMAC-SHA256&X-Amz-Credential=GOOG4E63MNGYP5VR4UILWSHQ%2F20250910%2Fap-south-1%2Fs3%2Faws4_request&X-Amz-Date=20250910T114404Z&X-Amz-Expires=604800&X-Amz-SignedHeaders=host&X-Amz-Signature=6bb243c64c25d7321b81aa2aa8ae4730926b456bfd69a41c19a34c4e1714cf45,https://storage.googleapis.com/alleai-in/yaswanth/prog_content_testset_sampled/Trousers/vto_image_20250812_123342/garment.jpg?X-Amz-Algorithm=AWS4-HMAC-SHA256&X-Amz-Credential=GOOG4E63MNGYP5VR4UILWSHQ%2F20250910%2Fap-south-1%2Fs3%2Faws4_request&X-Amz-Date=20250910T114404Z&X-Amz-Expires=604800&X-Amz-SignedHeaders=host&X-Amz-Signature=37b72a777e05f140c51dc3295a3f04ac6334b3e453c2dad1dd09062c95059d05,https://storage.googleapis.com/alleai-in/yaswanth/prog_content_testset_sampled/Trousers/vto_image_20250812_123342/garment_cropped.jpg?X-Amz-Algorithm=AWS4-HMAC-SHA256&X-Amz-Credential=GOOG4E63MNGYP5VR4UILWSHQ%2F20250910%2Fap-south-1%2Fs3%2Faws4_request&X-Amz-Date=20250910T114404Z&X-Amz-Expires=604800&X-Amz-SignedHeaders=host&X-Amz-Signature=a78d93b09e0f64310dc43fae645570c4fe8a45a6e026d689768e90400714d286,https://storage.googleapis.com/alleai-in/yaswanth/prog_content_testset_sampled/Trousers/vto_image_20250812_123342/garment_cropped_upscaled.jpg?X-Amz-Algorithm=AWS4-HMAC-SHA256&X-Amz-Credential=GOOG4E63MNGYP5VR4UILWSHQ%2F20250910%2Fap-south-1%2Fs3%2Faws4_request&X-Amz-Date=20250910T114404Z&X-Amz-Expires=604800&X-Amz-SignedHeaders=host&X-Amz-Signature=11497de65f84b487f85200c2a3212340a74aaee6042f24e85403f58781e69f82,https://storage.googleapis.com/alleai-in/yaswanth/prog_content_testset_sampled/Trousers/vto_image_20250812_123342/reference_upscaled.jpg?X-Amz-Algorithm=AWS4-HMAC-SHA256&X-Amz-Credential=GOOG4E63MNGYP5VR4UILWSHQ%2F20250910%2Fap-south-1%2Fs3%2Faws4_request&X-Amz-Date=20250910T114404Z&X-Amz-Expires=604800&X-Amz-SignedHeaders=host&X-Amz-Signature=ce764389489b73240d7ffff933e2fe1722a2bd78c24c3231e95dcf961b25b12e,https://storage.googleapis.com/alleai-in/yaswanth/prog_content_testset_sampled/Trousers/vto_image_20250812_123342/output_text_desc_redux_switch_5_mask_V5.jpg?X-Amz-Algorithm=AWS4-HMAC-SHA256&X-Amz-Credential=GOOG4E63MNGYP5VR4UILWSHQ%2F20250910%2Fap-south-1%2Fs3%2Faws4_request&X-Amz-Date=20250910T114404Z&X-Amz-Expires=604800&X-Amz-SignedHeaders=host&X-Amz-Signature=8ae1dfdc3464fd1f33e041a733fce51754e323bc2741ee9985e121a466f78188,https://storage.googleapis.com/alleai-in/yaswanth/prog_content_testset_sampled/Trousers/vto_image_20250812_123342/output_seedream.png?X-Amz-Algorithm=AWS4-HMAC-SHA256&X-Amz-Credential=GOOG4E63MNGYP5VR4UILWSHQ%2F20250910%2Fap-south-1%2Fs3%2Faws4_request&X-Amz-Date=20250910T114404Z&X-Amz-Expires=604800&X-Amz-SignedHeaders=host&X-Amz-Signature=74c711e6cd3e5fc49cc080ce83f64a72ce4d22a313774bef4d6be94bda8f902e,https://storage.googleapis.com/alleai-in/yaswanth/prog_content_testset_sampled/Trousers/vto_image_20250812_123342/output_seedream_upscaled_garment.png?X-Amz-Algorithm=AWS4-HMAC-SHA256&X-Amz-Credential=GOOG4E63MNGYP5VR4UILWSHQ%2F20250910%2Fap-south-1%2Fs3%2Faws4_request&X-Amz-Date=20250910T114404Z&X-Amz-Expires=604800&X-Amz-SignedHeaders=host&X-Amz-Signature=ad9001e51cf13b709bbb2aeb4ea4940f6765eb382bd09e87af79a2c77c7c6604,"A candid outdoor fashion portrait of a Black woman wearing these gray wide-leg trousers. The trousers are paired with a charcoal gray turtleneck top, black flip-flop sandals, and accessorized with a black leather shoulder bag and oversized black sunglasses. Hair is styled sleek and tucked behind the ears. Expression is relaxed and confident, contributing to the overall vibe of the image.

The woman is facing slightly turned in a ¾ profile, looking away into the distance. The pose is casual, with one hand in her pocket and the other relaxed by her side, standing naturally. Body language should feel poised, self-assured, and effortlessly chic.

The setting is an urban street with a modern glass storefront behind her, reflecting city life and subtle greenery. Lighting is natural daylight with soft shadows and crisp highlights, creating a gentle contrast and subtle reflections on the glass. Background details include reflections of buildings, street elements, and hints of indoor lighting from the shop. The scene is lit with natural daylight, producing soft backlighting and a slight rim glow on her hair.

Camera details:
- eye-level angle
- medium-full shot
- sharp focus on subject with a softly blurred background (bokeh)
- standard portrait lens look
- off-centered composition with the subject slightly to the left, dynamic vertical lines from the architecture

Vibe & Style:
Overall mood is chic, modern, and effortless. The image should convey a sense of urban sophistication, confidence, and understated elegance."
Trousers,vto_image_20250811_064234,https://storage.googleapis.com/alleai-in/yaswanth/prog_content_testset_sampled/Trousers/vto_image_20250811_064234/reference.jpg?X-Amz-Algorithm=AWS4-HMAC-SHA256&X-Amz-Credential=GOOG4E63MNGYP5VR4UILWSHQ%2F20250910%2Fap-south-1%2Fs3%2Faws4_request&X-Amz-Date=20250910T114404Z&X-Amz-Expires=604800&X-Amz-SignedHeaders=host&X-Amz-Signature=3ca71a4c22618fda978b09d66d997bd5f41417634dab1b501dc3b4da84e562f8,https://storage.googleapis.com/alleai-in/yaswanth/prog_content_testset_sampled/Trousers/vto_image_20250811_064234/garment.jpg?X-Amz-Algorithm=AWS4-HMAC-SHA256&X-Amz-Credential=GOOG4E63MNGYP5VR4UILWSHQ%2F20250910%2Fap-south-1%2Fs3%2Faws4_request&X-Amz-Date=20250910T114404Z&X-Amz-Expires=604800&X-Amz-SignedHeaders=host&X-Amz-Signature=13e9348f0965d1f23491aec5b31f631c28d40aecfab8c2f2c7f7928ce5455496,https://storage.googleapis.com/alleai-in/yaswanth/prog_content_testset_sampled/Trousers/vto_image_20250811_064234/garment_cropped.jpg?X-Amz-Algorithm=AWS4-HMAC-SHA256&X-Amz-Credential=GOOG4E63MNGYP5VR4UILWSHQ%2F20250910%2Fap-south-1%2Fs3%2Faws4_request&X-Amz-Date=20250910T114404Z&X-Amz-Expires=604800&X-Amz-SignedHeaders=host&X-Amz-Signature=0516ed700dbc68c381432253a174700142449d67612190e0a4024dc04f2380ce,https://storage.googleapis.com/alleai-in/yaswanth/prog_content_testset_sampled/Trousers/vto_image_20250811_064234/garment_cropped_upscaled.jpg?X-Amz-Algorithm=AWS4-HMAC-SHA256&X-Amz-Credential=GOOG4E63MNGYP5VR4UILWSHQ%2F20250910%2Fap-south-1%2Fs3%2Faws4_request&X-Amz-Date=20250910T114404Z&X-Amz-Expires=604800&X-Amz-SignedHeaders=host&X-Amz-Signature=bbc887f8be821e5d9b440ca8d5f1cd8e6186d2ab462183b34f9282605621f052,https://storage.googleapis.com/alleai-in/yaswanth/prog_content_testset_sampled/Trousers/vto_image_20250811_064234/reference_upscaled.jpg?X-Amz-Algorithm=AWS4-HMAC-SHA256&X-Amz-Credential=GOOG4E63MNGYP5VR4UILWSHQ%2F20250910%2Fap-south-1%2Fs3%2Faws4_request&X-Amz-Date=20250910T114404Z&X-Amz-Expires=604800&X-Amz-SignedHeaders=host&X-Amz-Signature=4e1bd9fec88e619a03ecc0bf4184b7f8a03ec3d48fdf5203528fb695092933b3,https://storage.googleapis.com/alleai-in/yaswanth/prog_content_testset_sampled/Trousers/vto_image_20250811_064234/output_text_desc_redux_switch_5_mask_V5.jpg?X-Amz-Algorithm=AWS4-HMAC-SHA256&X-Amz-Credential=GOOG4E63MNGYP5VR4UILWSHQ%2F20250910%2Fap-south-1%2Fs3%2Faws4_request&X-Amz-Date=20250910T114404Z&X-Amz-Expires=604800&X-Amz-SignedHeaders=host&X-Amz-Signature=93087bcb2b4ba4c37b4f263957543aeac434ef202c73b46ec688d92d546296a5,https://storage.googleapis.com/alleai-in/yaswanth/prog_content_testset_sampled/Trousers/vto_image_20250811_064234/output_seedream.png?X-Amz-Algorithm=AWS4-HMAC-SHA256&X-Amz-Credential=GOOG4E63MNGYP5VR4UILWSHQ%2F20250910%2Fap-south-1%2Fs3%2Faws4_request&X-Amz-Date=20250910T114404Z&X-Amz-Expires=604800&X-Amz-SignedHeaders=host&X-Amz-Signature=6e66df5253e06c6d1d945bfac907457e4b4b8622104d786f64ddd2bcc2649064,https://storage.googleapis.com/alleai-in/yaswanth/prog_content_testset_sampled/Trousers/vto_image_20250811_064234/output_seedream_upscaled_garment.png?X-Amz-Algorithm=AWS4-HMAC-SHA256&X-Amz-Credential=GOOG4E63MNGYP5VR4UILWSHQ%2F20250910%2Fap-south-1%2Fs3%2Faws4_request&X-Amz-Date=20250910T114404Z&X-Amz-Expires=604800&X-Amz-SignedHeaders=host&X-Amz-Signature=ac39bf09dbfeffa5dc4aa4445d459ae169fbab0c66dbd3b46c7bd2676994a2be,"A candid outdoor fashion portrait of a Caucasian woman wearing these light grey wide-leg tailored pants. The pants are paired with a fitted white long-sleeve crop top, white sneakers, and accessorized with layered gold necklaces and oversized black sunglasses. She holds a takeaway coffee cup in one hand. Hair is styled in loose waves, cascading naturally around her shoulders. Expression is joyful, contributing to the overall upbeat and effortless vibe of the image.

The woman is facing slightly turned in a ¾ profile toward the camera. The pose is walking mid-stride, with one arm relaxed and the other holding the coffee cup, creating a sense of movement. Body language should feel relaxed and confident.

The setting is an urban street with a textured beige wall as the background, under natural daylight with soft shadows and crisp highlights. Background details include subtle wall texture and pavement, keeping the focus on the subject. The scene is lit with natural daylight, creating warm highlights and gentle, flattering shadows.

Camera details:
- eye-level angle
- medium-full shot
- sharp focus on subject with blurred background (bokeh)
- standard portrait lens look
- off-centered composition, subject slightly to the right, following the rule of thirds

Vibe & Style:
Overall mood is chic, effortless, and modern. The image should convey a sense of empowerment, individuality, and street cool."
Trousers,vto_image_20250827_080647,https://storage.googleapis.com/alleai-in/yaswanth/prog_content_testset_sampled/Trousers/vto_image_20250827_080647/reference.jpg?X-Amz-Algorithm=AWS4-HMAC-SHA256&X-Amz-Credential=GOOG4E63MNGYP5VR4UILWSHQ%2F20250910%2Fap-south-1%2Fs3%2Faws4_request&X-Amz-Date=20250910T114404Z&X-Amz-Expires=604800&X-Amz-SignedHeaders=host&X-Amz-Signature=8bdb8ff3d3736dbc7f8d016f8db3320ef172782830292981b32f09ec196b44ce,https://storage.googleapis.com/alleai-in/yaswanth/prog_content_testset_sampled/Trousers/vto_image_20250827_080647/garment.jpg?X-Amz-Algorithm=AWS4-HMAC-SHA256&X-Amz-Credential=GOOG4E63MNGYP5VR4UILWSHQ%2F20250910%2Fap-south-1%2Fs3%2Faws4_request&X-Amz-Date=20250910T114404Z&X-Amz-Expires=604800&X-Amz-SignedHeaders=host&X-Amz-Signature=a88e47b1eb967be6bfadcc5e0bffea00a78cc3c8ec3364b5ccbb2e4ab99de8ba,https://storage.googleapis.com/alleai-in/yaswanth/prog_content_testset_sampled/Trousers/vto_image_20250827_080647/garment_cropped.jpg?X-Amz-Algorithm=AWS4-HMAC-SHA256&X-Amz-Credential=GOOG4E63MNGYP5VR4UILWSHQ%2F20250910%2Fap-south-1%2Fs3%2Faws4_request&X-Amz-Date=20250910T114404Z&X-Amz-Expires=604800&X-Amz-SignedHeaders=host&X-Amz-Signature=b2a5a891f3968698ed8add9d70fcc548233f0ec701c57e75e435146fa3bb0ef9,https://storage.googleapis.com/alleai-in/yaswanth/prog_content_testset_sampled/Trousers/vto_image_20250827_080647/garment_cropped_upscaled.jpg?X-Amz-Algorithm=AWS4-HMAC-SHA256&X-Amz-Credential=GOOG4E63MNGYP5VR4UILWSHQ%2F20250910%2Fap-south-1%2Fs3%2Faws4_request&X-Amz-Date=20250910T114404Z&X-Amz-Expires=604800&X-Amz-SignedHeaders=host&X-Amz-Signature=abc832315359c82b1f8d86868a1fa13e0908cf8aa45fc4efa55bdcf7f4be451e,https://storage.googleapis.com/alleai-in/yaswanth/prog_content_testset_sampled/Trousers/vto_image_20250827_080647/reference_upscaled.jpg?X-Amz-Algorithm=AWS4-HMAC-SHA256&X-Amz-Credential=GOOG4E63MNGYP5VR4UILWSHQ%2F20250910%2Fap-south-1%2Fs3%2Faws4_request&X-Amz-Date=20250910T114404Z&X-Amz-Expires=604800&X-Amz-SignedHeaders=host&X-Amz-Signature=e4a918f2a9a53a6ddfb80387eb41f057f5659a47a8fcea203df188d22e1d9129,https://storage.googleapis.com/alleai-in/yaswanth/prog_content_testset_sampled/Trousers/vto_image_20250827_080647/output_text_desc_redux_switch_5_mask_V5.jpg?X-Amz-Algorithm=AWS4-HMAC-SHA256&X-Amz-Credential=GOOG4E63MNGYP5VR4UILWSHQ%2F20250910%2Fap-south-1%2Fs3%2Faws4_request&X-Amz-Date=20250910T114404Z&X-Amz-Expires=604800&X-Amz-SignedHeaders=host&X-Amz-Signature=e5da0b9785f4f23a61326226578b9c0f94a1566d09c72d019a2571601faf398f,https://storage.googleapis.com/alleai-in/yaswanth/prog_content_testset_sampled/Trousers/vto_image_20250827_080647/output_seedream.png?X-Amz-Algorithm=AWS4-HMAC-SHA256&X-Amz-Credential=GOOG4E63MNGYP5VR4UILWSHQ%2F20250910%2Fap-south-1%2Fs3%2Faws4_request&X-Amz-Date=20250910T114404Z&X-Amz-Expires=604800&X-Amz-SignedHeaders=host&X-Amz-Signature=de615fc205f1df58a6f7b87358ab21f17e5062bb9db9f680f78d57de615d34b5,https://storage.googleapis.com/alleai-in/yaswanth/prog_content_testset_sampled/Trousers/vto_image_20250827_080647/output_seedream_upscaled_garment.png?X-Amz-Algorithm=AWS4-HMAC-SHA256&X-Amz-Credential=GOOG4E63MNGYP5VR4UILWSHQ%2F20250910%2Fap-south-1%2Fs3%2Faws4_request&X-Amz-Date=20250910T114404Z&X-Amz-Expires=604800&X-Amz-SignedHeaders=host&X-Amz-Signature=f480833392d0ea67f72e06e46d78bd33ff12a959b56fef3c57ccbcb860f4cf26,"A candid indoor fashion portrait of a woman of ambiguous ethnicity wearing these light beige corduroy pants. The pants are paired with a fitted white sleeveless top, a slim tan belt, brown leather slide sandals, and accessorized with a structured brown leather handbag and a gold wristwatch. Hair is styled in loose, soft waves. Expression is relaxed with a gentle, candid smile, contributing to the overall effortless and chic vibe of the image.

The woman is facing directly toward the camera. The pose is natural and upright, standing with one hand holding the handbag and the other relaxed by her side. Body language should feel confident and poised.

The setting is a modern, well-organized walk-in closet with neatly arranged neutral-toned clothing, wooden shelving, and soft built-in lighting. Background details include hanging garments, folded sweaters, and designer bags. The scene is lit with warm, natural daylight and subtle ambient lighting from the closet, creating soft highlights and gentle shadows that add depth and warmth to the image.

Camera details:
- eye-level angle
- medium-full shot
- sharp focus on subject with a softly blurred background (bokeh)
- standard portrait lens look
- centered composition with the subject dominating the foreground, clean lines from the closet structure

Vibe & Style:
Overall mood is chic, effortless, and modern. The image should convey a sense of confidence, refined simplicity, and everyday elegance."
Trousers,vto_image_20250827_080213,https://storage.googleapis.com/alleai-in/yaswanth/prog_content_testset_sampled/Trousers/vto_image_20250827_080213/reference.jpg?X-Amz-Algorithm=AWS4-HMAC-SHA256&X-Amz-Credential=GOOG4E63MNGYP5VR4UILWSHQ%2F20250910%2Fap-south-1%2Fs3%2Faws4_request&X-Amz-Date=20250910T114404Z&X-Amz-Expires=604800&X-Amz-SignedHeaders=host&X-Amz-Signature=fc7a63462681d35d6e06be069c3a10ebeca987e67d3f3b08923090d5fcff1921,https://storage.googleapis.com/alleai-in/yaswanth/prog_content_testset_sampled/Trousers/vto_image_20250827_080213/garment.jpg?X-Amz-Algorithm=AWS4-HMAC-SHA256&X-Amz-Credential=GOOG4E63MNGYP5VR4UILWSHQ%2F20250910%2Fap-south-1%2Fs3%2Faws4_request&X-Amz-Date=20250910T114404Z&X-Amz-Expires=604800&X-Amz-SignedHeaders=host&X-Amz-Signature=efed95216f781342e2d6c41ba37a5942eafc3e10299e4f69c19320b73e892d80,https://storage.googleapis.com/alleai-in/yaswanth/prog_content_testset_sampled/Trousers/vto_image_20250827_080213/garment_cropped.jpg?X-Amz-Algorithm=AWS4-HMAC-SHA256&X-Amz-Credential=GOOG4E63MNGYP5VR4UILWSHQ%2F20250910%2Fap-south-1%2Fs3%2Faws4_request&X-Amz-Date=20250910T114404Z&X-Amz-Expires=604800&X-Amz-SignedHeaders=host&X-Amz-Signature=70d9863a66d3e9ad3fa71f6ed5f78980881c6477cb87bd37718884f6cc9c5af4,https://storage.googleapis.com/alleai-in/yaswanth/prog_content_testset_sampled/Trousers/vto_image_20250827_080213/garment_cropped_upscaled.jpg?X-Amz-Algorithm=AWS4-HMAC-SHA256&X-Amz-Credential=GOOG4E63MNGYP5VR4UILWSHQ%2F20250910%2Fap-south-1%2Fs3%2Faws4_request&X-Amz-Date=20250910T114404Z&X-Amz-Expires=604800&X-Amz-SignedHeaders=host&X-Amz-Signature=da3126f4e04cfc7d801c7994bf66d084278543bfc6e43391f8bbd36fbcc79141,https://storage.googleapis.com/alleai-in/yaswanth/prog_content_testset_sampled/Trousers/vto_image_20250827_080213/reference_upscaled.jpg?X-Amz-Algorithm=AWS4-HMAC-SHA256&X-Amz-Credential=GOOG4E63MNGYP5VR4UILWSHQ%2F20250910%2Fap-south-1%2Fs3%2Faws4_request&X-Amz-Date=20250910T114404Z&X-Amz-Expires=604800&X-Amz-SignedHeaders=host&X-Amz-Signature=953a60fc7fea2bfa9e91a61defa9c336c9fbd2436790c8d4c420341757d7d7f3,https://storage.googleapis.com/alleai-in/yaswanth/prog_content_testset_sampled/Trousers/vto_image_20250827_080213/output_text_desc_redux_switch_5_mask_V5.jpg?X-Amz-Algorithm=AWS4-HMAC-SHA256&X-Amz-Credential=GOOG4E63MNGYP5VR4UILWSHQ%2F20250910%2Fap-south-1%2Fs3%2Faws4_request&X-Amz-Date=20250910T114404Z&X-Amz-Expires=604800&X-Amz-SignedHeaders=host&X-Amz-Signature=95d144405c58f0bf4a43fb8ed941e8abe0924311ab03e76c74c79f45ce15eef0,https://storage.googleapis.com/alleai-in/yaswanth/prog_content_testset_sampled/Trousers/vto_image_20250827_080213/output_seedream.png?X-Amz-Algorithm=AWS4-HMAC-SHA256&X-Amz-Credential=GOOG4E63MNGYP5VR4UILWSHQ%2F20250910%2Fap-south-1%2Fs3%2Faws4_request&X-Amz-Date=20250910T114404Z&X-Amz-Expires=604800&X-Amz-SignedHeaders=host&X-Amz-Signature=9dd056a33aef0d971f96ba15fea5c0884074574e913686497fa0dcf4a1443a45,https://storage.googleapis.com/alleai-in/yaswanth/prog_content_testset_sampled/Trousers/vto_image_20250827_080213/output_seedream_upscaled_garment.png?X-Amz-Algorithm=AWS4-HMAC-SHA256&X-Amz-Credential=GOOG4E63MNGYP5VR4UILWSHQ%2F20250910%2Fap-south-1%2Fs3%2Faws4_request&X-Amz-Date=20250910T114404Z&X-Amz-Expires=604800&X-Amz-SignedHeaders=host&X-Amz-Signature=2d00d381b66f15c8eb5e6a559f4a77cf7f21ea874ee8044a201fc915bf0c0223,"A candid outdoor fashion portrait of a woman of European descent wearing these olive green and beige pinstriped pants. The pants are paired with a loose white linen tank top, beige open-toe flat sandals, and a simple gold bangle bracelet. Hair is styled in natural, tousled loose waves. Expression is relaxed and slightly pensive, contributing to the overall effortless vibe of the image.

The woman is facing directly toward the camera. The pose is casual, with one hand in her pocket and the other relaxed by her side, standing naturally. Body language should feel relaxed and confident.

The setting is a rustic outdoor environment with a textured stone wall and a weathered wooden door in the background, bathed in natural daylight. Background details include warm-toned stone, subtle shadows, and the texture of aged wood. The scene is lit with soft, natural daylight, creating warm highlights and gentle, natural shadows on the subject and surroundings.

Camera details:
- eye-level angle
- medium-full shot
- sharp focus on subject with softly blurred background (bokeh)
- standard portrait lens look
- composition is centered, with the subject dominating the foreground and subtle asymmetry from the rustic background elements

Vibe & Style:
Overall mood is chic, effortless, and serene. The image should convey a sense of relaxed confidence and rustic charm."
Trousers,vto_image_20250823_133115,https://storage.googleapis.com/alleai-in/yaswanth/prog_content_testset_sampled/Trousers/vto_image_20250823_133115/reference.jpg?X-Amz-Algorithm=AWS4-HMAC-SHA256&X-Amz-Credential=GOOG4E63MNGYP5VR4UILWSHQ%2F20250910%2Fap-south-1%2Fs3%2Faws4_request&X-Amz-Date=20250910T114404Z&X-Amz-Expires=604800&X-Amz-SignedHeaders=host&X-Amz-Signature=17a16320178e34d5e78089b837625d940c221fa3b0237fb7183db23ab2a71fee,https://storage.googleapis.com/alleai-in/yaswanth/prog_content_testset_sampled/Trousers/vto_image_20250823_133115/garment.jpg?X-Amz-Algorithm=AWS4-HMAC-SHA256&X-Amz-Credential=GOOG4E63MNGYP5VR4UILWSHQ%2F20250910%2Fap-south-1%2Fs3%2Faws4_request&X-Amz-Date=20250910T114404Z&X-Amz-Expires=604800&X-Amz-SignedHeaders=host&X-Amz-Signature=d2628deaf758ec1dfb3e5927154c42b1b6e6714871f5470921c69be7df71c039,https://storage.googleapis.com/alleai-in/yaswanth/prog_content_testset_sampled/Trousers/vto_image_20250823_133115/garment_cropped.jpg?X-Amz-Algorithm=AWS4-HMAC-SHA256&X-Amz-Credential=GOOG4E63MNGYP5VR4UILWSHQ%2F20250910%2Fap-south-1%2Fs3%2Faws4_request&X-Amz-Date=20250910T114404Z&X-Amz-Expires=604800&X-Amz-SignedHeaders=host&X-Amz-Signature=2e97f62abb45276d6cfaff4f8d0271a96d7b576cc6c44b7194b7a09ddd37bb97,https://storage.googleapis.com/alleai-in/yaswanth/prog_content_testset_sampled/Trousers/vto_image_20250823_133115/garment_cropped_upscaled.jpg?X-Amz-Algorithm=AWS4-HMAC-SHA256&X-Amz-Credential=GOOG4E63MNGYP5VR4UILWSHQ%2F20250910%2Fap-south-1%2Fs3%2Faws4_request&X-Amz-Date=20250910T114404Z&X-Amz-Expires=604800&X-Amz-SignedHeaders=host&X-Amz-Signature=3d6025a044a794defcbce1f9b2b5811086cdb4e8b0b9c642d062d10947d0b86c,https://storage.googleapis.com/alleai-in/yaswanth/prog_content_testset_sampled/Trousers/vto_image_20250823_133115/reference_upscaled.jpg?X-Amz-Algorithm=AWS4-HMAC-SHA256&X-Amz-Credential=GOOG4E63MNGYP5VR4UILWSHQ%2F20250910%2Fap-south-1%2Fs3%2Faws4_request&X-Amz-Date=20250910T114404Z&X-Amz-Expires=604800&X-Amz-SignedHeaders=host&X-Amz-Signature=3cb383756220156fa64dfdd43c14be424302b53af336fcfc3642ecb3993320ee,https://storage.googleapis.com/alleai-in/yaswanth/prog_content_testset_sampled/Trousers/vto_image_20250823_133115/output_text_desc_redux_switch_5_mask_V5.jpg?X-Amz-Algorithm=AWS4-HMAC-SHA256&X-Amz-Credential=GOOG4E63MNGYP5VR4UILWSHQ%2F20250910%2Fap-south-1%2Fs3%2Faws4_request&X-Amz-Date=20250910T114404Z&X-Amz-Expires=604800&X-Amz-SignedHeaders=host&X-Amz-Signature=ec154b390b2b9af4919b782e1a7bde331c5962f42db7386c37d84a767068b05b,https://storage.googleapis.com/alleai-in/yaswanth/prog_content_testset_sampled/Trousers/vto_image_20250823_133115/output_seedream.png?X-Amz-Algorithm=AWS4-HMAC-SHA256&X-Amz-Credential=GOOG4E63MNGYP5VR4UILWSHQ%2F20250910%2Fap-south-1%2Fs3%2Faws4_request&X-Amz-Date=20250910T114404Z&X-Amz-Expires=604800&X-Amz-SignedHeaders=host&X-Amz-Signature=d4c0f66b2c5dd08a581b8740a3b7ff71d013ed6f68629785fed86382e05851ae,https://storage.googleapis.com/alleai-in/yaswanth/prog_content_testset_sampled/Trousers/vto_image_20250823_133115/output_seedream_upscaled_garment.png?X-Amz-Algorithm=AWS4-HMAC-SHA256&X-Amz-Credential=GOOG4E63MNGYP5VR4UILWSHQ%2F20250910%2Fap-south-1%2Fs3%2Faws4_request&X-Amz-Date=20250910T114404Z&X-Amz-Expires=604800&X-Amz-SignedHeaders=host&X-Amz-Signature=9ac0ab50873828d9dd0a1e72b813f6ecf07ba5ddf1e7d1b4af3bfc76780e4d9c,"A candid outdoor fashion portrait of a Caucasian woman wearing these light beige wide-leg tailored pants. The pants are paired with a crisp white button-up blouse, a tan leather belt, and accessorized with a black shoulder bag, statement earrings, and a gold wristwatch. Hair is styled in loose waves. Expression is joyful, contributing to the overall chic and approachable vibe of the image.

The woman is facing slightly turned ¾ profile toward the camera. The pose is casually leaning with hands in pockets, exuding relaxed and confident body language.

The setting is an urban street with modern building facades in the background, under natural daylight with soft shadows and crisp highlights. Background details include stone walls, glass windows, and subtle reflections. The scene is lit with natural daylight, creating warm highlights and a gentle rim glow on the hair.

Camera details:
- eye-level angle
- medium-full shot
- sharp focus on subject with blurred background (bokeh)
- standard portrait lens look
- off-centered composition with the subject dominating the foreground

Vibe & Style:
Overall mood is chic, effortless, and modern. The image should convey empowerment and street cool."
Trousers,vto_image_20250823_132800,https://storage.googleapis.com/alleai-in/yaswanth/prog_content_testset_sampled/Trousers/vto_image_20250823_132800/reference.jpg?X-Amz-Algorithm=AWS4-HMAC-SHA256&X-Amz-Credential=GOOG4E63MNGYP5VR4UILWSHQ%2F20250910%2Fap-south-1%2Fs3%2Faws4_request&X-Amz-Date=20250910T114404Z&X-Amz-Expires=604800&X-Amz-SignedHeaders=host&X-Amz-Signature=6582a1f9ded509d6052a57b0f3d84a9abf11c3bb1d5ecd2c551d3c0703b3a022,https://storage.googleapis.com/alleai-in/yaswanth/prog_content_testset_sampled/Trousers/vto_image_20250823_132800/garment.jpg?X-Amz-Algorithm=AWS4-HMAC-SHA256&X-Amz-Credential=GOOG4E63MNGYP5VR4UILWSHQ%2F20250910%2Fap-south-1%2Fs3%2Faws4_request&X-Amz-Date=20250910T114404Z&X-Amz-Expires=604800&X-Amz-SignedHeaders=host&X-Amz-Signature=c83ad7030c515291f6e2f8bfbadb0545a92b58ae04ffb73917eb5cd17352d1db,https://storage.googleapis.com/alleai-in/yaswanth/prog_content_testset_sampled/Trousers/vto_image_20250823_132800/garment_cropped.jpg?X-Amz-Algorithm=AWS4-HMAC-SHA256&X-Amz-Credential=GOOG4E63MNGYP5VR4UILWSHQ%2F20250910%2Fap-south-1%2Fs3%2Faws4_request&X-Amz-Date=20250910T114404Z&X-Amz-Expires=604800&X-Amz-SignedHeaders=host&X-Amz-Signature=719438a72f1d360f3d53a286f0fdee1190ffb022a08018782a28faacc6f4ea87,https://storage.googleapis.com/alleai-in/yaswanth/prog_content_testset_sampled/Trousers/vto_image_20250823_132800/garment_cropped_upscaled.jpg?X-Amz-Algorithm=AWS4-HMAC-SHA256&X-Amz-Credential=GOOG4E63MNGYP5VR4UILWSHQ%2F20250910%2Fap-south-1%2Fs3%2Faws4_request&X-Amz-Date=20250910T114404Z&X-Amz-Expires=604800&X-Amz-SignedHeaders=host&X-Amz-Signature=e59539f2a776395f7152a04a38e016dfada90a09b4cd2ddc4a0248febedcf787,https://storage.googleapis.com/alleai-in/yaswanth/prog_content_testset_sampled/Trousers/vto_image_20250823_132800/reference_upscaled.jpg?X-Amz-Algorithm=AWS4-HMAC-SHA256&X-Amz-Credential=GOOG4E63MNGYP5VR4UILWSHQ%2F20250910%2Fap-south-1%2Fs3%2Faws4_request&X-Amz-Date=20250910T114404Z&X-Amz-Expires=604800&X-Amz-SignedHeaders=host&X-Amz-Signature=891e5727bf2e88b920835b0a7ae1bdd0a867bcedff0613dcb23b2790153ab2fc,https://storage.googleapis.com/alleai-in/yaswanth/prog_content_testset_sampled/Trousers/vto_image_20250823_132800/output_text_desc_redux_switch_5_mask_V5.jpg?X-Amz-Algorithm=AWS4-HMAC-SHA256&X-Amz-Credential=GOOG4E63MNGYP5VR4UILWSHQ%2F20250910%2Fap-south-1%2Fs3%2Faws4_request&X-Amz-Date=20250910T114404Z&X-Amz-Expires=604800&X-Amz-SignedHeaders=host&X-Amz-Signature=05f1c2c3da57b06d773841ad4144173a1d68c2dca53d643e66576fa78c9b2b76,https://storage.googleapis.com/alleai-in/yaswanth/prog_content_testset_sampled/Trousers/vto_image_20250823_132800/output_seedream.png?X-Amz-Algorithm=AWS4-HMAC-SHA256&X-Amz-Credential=GOOG4E63MNGYP5VR4UILWSHQ%2F20250910%2Fap-south-1%2Fs3%2Faws4_request&X-Amz-Date=20250910T114404Z&X-Amz-Expires=604800&X-Amz-SignedHeaders=host&X-Amz-Signature=dab896517552b3cc60681a9d3cef18dcf8d4e0ee8a89acc9c4e5fa81aef4b5e6,https://storage.googleapis.com/alleai-in/yaswanth/prog_content_testset_sampled/Trousers/vto_image_20250823_132800/output_seedream_upscaled_garment.png?X-Amz-Algorithm=AWS4-HMAC-SHA256&X-Amz-Credential=GOOG4E63MNGYP5VR4UILWSHQ%2F20250910%2Fap-south-1%2Fs3%2Faws4_request&X-Amz-Date=20250910T114404Z&X-Amz-Expires=604800&X-Amz-SignedHeaders=host&X-Amz-Signature=e4ed986b8f5468b0ddc35ef6363bd436fa7c59bbae461fb7d92f6892439e21a9,"A candid indoor fashion portrait of a white woman wearing these deep burgundy cropped wide-leg pants. The pants are paired with a navy blue button-up shirt with rolled sleeves, no visible footwear, and gold hoop earrings as accessories. Hair is styled sleek and straight, parted in the middle. Expression is joyful, contributing to the overall vibe of the image. The woman is facing directly toward the camera. The pose is relaxed, with hands in pockets and a natural, confident stance. Body language should feel approachable, confident, and effortless. The setting is a modern, minimalistic indoor space with marble countertops, light wood flooring, and subtle decorative elements like a potted plant and ceramic dishes. The scene is lit with natural daylight, creating soft shadows and gentle highlights on the subject. Background details include clean architectural lines, a mirror, and neutral tones. The light creates warm highlights and a soft, inviting atmosphere. Camera details: - eye-level angle - medium-full shot - sharp focus on subject with slightly blurred background (bokeh) - standard portrait lens look - centered composition with the subject dominating the foreground. Vibe & Style: Overall mood is chic, modern, and effortless. The image should convey confidence, approachability, and understated elegance."
Trousers,vto_image_20250826_150249,https://storage.googleapis.com/alleai-in/yaswanth/prog_content_testset_sampled/Trousers/vto_image_20250826_150249/reference.jpg?X-Amz-Algorithm=AWS4-HMAC-SHA256&X-Amz-Credential=GOOG4E63MNGYP5VR4UILWSHQ%2F20250910%2Fap-south-1%2Fs3%2Faws4_request&X-Amz-Date=20250910T114404Z&X-Amz-Expires=604800&X-Amz-SignedHeaders=host&X-Amz-Signature=73e1dde27a2151e3c3da083eb77a8a0403cee88e17a3ffd4b0b204ca3d1700a5,https://storage.googleapis.com/alleai-in/yaswanth/prog_content_testset_sampled/Trousers/vto_image_20250826_150249/garment.jpg?X-Amz-Algorithm=AWS4-HMAC-SHA256&X-Amz-Credential=GOOG4E63MNGYP5VR4UILWSHQ%2F20250910%2Fap-south-1%2Fs3%2Faws4_request&X-Amz-Date=20250910T114404Z&X-Amz-Expires=604800&X-Amz-SignedHeaders=host&X-Amz-Signature=f51d673e2ecd05d79766eca12df0bd72549ad074a65eff9b6868ffc5b1fec0b4,https://storage.googleapis.com/alleai-in/yaswanth/prog_content_testset_sampled/Trousers/vto_image_20250826_150249/garment_cropped.jpg?X-Amz-Algorithm=AWS4-HMAC-SHA256&X-Amz-Credential=GOOG4E63MNGYP5VR4UILWSHQ%2F20250910%2Fap-south-1%2Fs3%2Faws4_request&X-Amz-Date=20250910T114404Z&X-Amz-Expires=604800&X-Amz-SignedHeaders=host&X-Amz-Signature=05040ccaf42dbceb641e4a73c45765810d60f183988658017508bf3077951b41,https://storage.googleapis.com/alleai-in/yaswanth/prog_content_testset_sampled/Trousers/vto_image_20250826_150249/garment_cropped_upscaled.jpg?X-Amz-Algorithm=AWS4-HMAC-SHA256&X-Amz-Credential=GOOG4E63MNGYP5VR4UILWSHQ%2F20250910%2Fap-south-1%2Fs3%2Faws4_request&X-Amz-Date=20250910T114404Z&X-Amz-Expires=604800&X-Amz-SignedHeaders=host&X-Amz-Signature=932e764b2d74e4fe59026bc13a717dea5a3b0dbfa6845385c1645d427e75efc0,https://storage.googleapis.com/alleai-in/yaswanth/prog_content_testset_sampled/Trousers/vto_image_20250826_150249/reference_upscaled.jpg?X-Amz-Algorithm=AWS4-HMAC-SHA256&X-Amz-Credential=GOOG4E63MNGYP5VR4UILWSHQ%2F20250910%2Fap-south-1%2Fs3%2Faws4_request&X-Amz-Date=20250910T114404Z&X-Amz-Expires=604800&X-Amz-SignedHeaders=host&X-Amz-Signature=d97df31705a907e2a6defd9b6eb12f2a145ddb87d5e10f4fa07504af90665106,https://storage.googleapis.com/alleai-in/yaswanth/prog_content_testset_sampled/Trousers/vto_image_20250826_150249/output_text_desc_redux_switch_5_mask_V5.jpg?X-Amz-Algorithm=AWS4-HMAC-SHA256&X-Amz-Credential=GOOG4E63MNGYP5VR4UILWSHQ%2F20250910%2Fap-south-1%2Fs3%2Faws4_request&X-Amz-Date=20250910T114404Z&X-Amz-Expires=604800&X-Amz-SignedHeaders=host&X-Amz-Signature=59d9beafd87048d6d3ee178f21f623cd58cf974877283afd270c1464f320041c,https://storage.googleapis.com/alleai-in/yaswanth/prog_content_testset_sampled/Trousers/vto_image_20250826_150249/output_seedream.png?X-Amz-Algorithm=AWS4-HMAC-SHA256&X-Amz-Credential=GOOG4E63MNGYP5VR4UILWSHQ%2F20250910%2Fap-south-1%2Fs3%2Faws4_request&X-Amz-Date=20250910T114404Z&X-Amz-Expires=604800&X-Amz-SignedHeaders=host&X-Amz-Signature=b8ddca478f05da591d11037e55048583eeb3bf26a8881484ed90c141768f16ae,https://storage.googleapis.com/alleai-in/yaswanth/prog_content_testset_sampled/Trousers/vto_image_20250826_150249/output_seedream_upscaled_garment.png?X-Amz-Algorithm=AWS4-HMAC-SHA256&X-Amz-Credential=GOOG4E63MNGYP5VR4UILWSHQ%2F20250910%2Fap-south-1%2Fs3%2Faws4_request&X-Amz-Date=20250910T114404Z&X-Amz-Expires=604800&X-Amz-SignedHeaders=host&X-Amz-Signature=c8565f18f31487fc932fce4b4838ae47a064451d7eb08c0c1aa495d3949e898c,"A candid indoor fashion portrait of a Caucasian woman wearing these olive green and beige pinstriped pants. The pants are paired with a loose white oversized t-shirt, brown slide sandals, and accessorized with a delicate gold necklace, a wristwatch, and a woven straw tote bag. Hair is styled in soft, loose waves, and her expression is relaxed with a gentle, candid smile, contributing to the overall effortless vibe of the image.

The woman is facing slightly turned in a ¾ profile toward the camera. The pose is casual, with one hand in her pocket and the other holding a smartphone for a mirror selfie. Body language should feel relaxed and confident.

The setting is a minimalistic indoor space with a light neutral wall, a modern wooden console table, a stack of books, and a straw bag as background details. The scene is lit with natural daylight, creating soft shadows and gentle highlights on the subject and surroundings.

Camera details:
- eye-level angle
- medium-full shot
- sharp focus on subject with a softly blurred background (bokeh)
- standard portrait lens look
- composition is centered, with the subject dominating the foreground and subtle symmetry from the background furniture.

Vibe & Style:
Overall mood is chic, effortless, and modern. The image should convey a sense of casual elegance and individuality."
Trousers,vto_image_20250826_083536,https://storage.googleapis.com/alleai-in/yaswanth/prog_content_testset_sampled/Trousers/vto_image_20250826_083536/reference.jpg?X-Amz-Algorithm=AWS4-HMAC-SHA256&X-Amz-Credential=GOOG4E63MNGYP5VR4UILWSHQ%2F20250910%2Fap-south-1%2Fs3%2Faws4_request&X-Amz-Date=20250910T114404Z&X-Amz-Expires=604800&X-Amz-SignedHeaders=host&X-Amz-Signature=4bab4b2a0daf612c367ec0691b1f723c08cabbfac505bf9df0d7f138de8493e4,https://storage.googleapis.com/alleai-in/yaswanth/prog_content_testset_sampled/Trousers/vto_image_20250826_083536/garment.jpg?X-Amz-Algorithm=AWS4-HMAC-SHA256&X-Amz-Credential=GOOG4E63MNGYP5VR4UILWSHQ%2F20250910%2Fap-south-1%2Fs3%2Faws4_request&X-Amz-Date=20250910T114404Z&X-Amz-Expires=604800&X-Amz-SignedHeaders=host&X-Amz-Signature=d41ae43e4c3959ff48cd29563239bc570c4a348a84f96b9010351e7e84375a4b,https://storage.googleapis.com/alleai-in/yaswanth/prog_content_testset_sampled/Trousers/vto_image_20250826_083536/garment_cropped.jpg?X-Amz-Algorithm=AWS4-HMAC-SHA256&X-Amz-Credential=GOOG4E63MNGYP5VR4UILWSHQ%2F20250910%2Fap-south-1%2Fs3%2Faws4_request&X-Amz-Date=20250910T114404Z&X-Amz-Expires=604800&X-Amz-SignedHeaders=host&X-Amz-Signature=d44893e3e018cf7fdeecc2ef9528ccea826ae9fda97239e571455a852b78cc68,https://storage.googleapis.com/alleai-in/yaswanth/prog_content_testset_sampled/Trousers/vto_image_20250826_083536/garment_cropped_upscaled.jpg?X-Amz-Algorithm=AWS4-HMAC-SHA256&X-Amz-Credential=GOOG4E63MNGYP5VR4UILWSHQ%2F20250910%2Fap-south-1%2Fs3%2Faws4_request&X-Amz-Date=20250910T114404Z&X-Amz-Expires=604800&X-Amz-SignedHeaders=host&X-Amz-Signature=11db53d5c840494c25e5d1c5c27da5e7f1e259486d5eaebd0996ccec557d0f4b,https://storage.googleapis.com/alleai-in/yaswanth/prog_content_testset_sampled/Trousers/vto_image_20250826_083536/reference_upscaled.jpg?X-Amz-Algorithm=AWS4-HMAC-SHA256&X-Amz-Credential=GOOG4E63MNGYP5VR4UILWSHQ%2F20250910%2Fap-south-1%2Fs3%2Faws4_request&X-Amz-Date=20250910T114404Z&X-Amz-Expires=604800&X-Amz-SignedHeaders=host&X-Amz-Signature=3770b67f9913d281cacbfe51145c941e75387da6c1856f06f016643f84a8cb9b,https://storage.googleapis.com/alleai-in/yaswanth/prog_content_testset_sampled/Trousers/vto_image_20250826_083536/output_text_desc_redux_switch_5_mask_V5.jpg?X-Amz-Algorithm=AWS4-HMAC-SHA256&X-Amz-Credential=GOOG4E63MNGYP5VR4UILWSHQ%2F20250910%2Fap-south-1%2Fs3%2Faws4_request&X-Amz-Date=20250910T114404Z&X-Amz-Expires=604800&X-Amz-SignedHeaders=host&X-Amz-Signature=d1352d136a252ef162b8a320e3adfa59c6c3d48800bc79f5b5c45398626548d9,https://storage.googleapis.com/alleai-in/yaswanth/prog_content_testset_sampled/Trousers/vto_image_20250826_083536/output_seedream.png?X-Amz-Algorithm=AWS4-HMAC-SHA256&X-Amz-Credential=GOOG4E63MNGYP5VR4UILWSHQ%2F20250910%2Fap-south-1%2Fs3%2Faws4_request&X-Amz-Date=20250910T114404Z&X-Amz-Expires=604800&X-Amz-SignedHeaders=host&X-Amz-Signature=f604a3663f895f8ba62e9904127aef02d99e58dcdcabda62564a7b6cd990721a,https://storage.googleapis.com/alleai-in/yaswanth/prog_content_testset_sampled/Trousers/vto_image_20250826_083536/output_seedream_upscaled_garment.png?X-Amz-Algorithm=AWS4-HMAC-SHA256&X-Amz-Credential=GOOG4E63MNGYP5VR4UILWSHQ%2F20250910%2Fap-south-1%2Fs3%2Faws4_request&X-Amz-Date=20250910T114404Z&X-Amz-Expires=604800&X-Amz-SignedHeaders=host&X-Amz-Signature=ef2f04adba846e3cec875229143ab573eeb7cd3c34d469355acf583abb036f16,"A candid indoor fashion portrait of a South Asian woman wearing these light grey wide-leg sweatpants. The sweatpants are paired with a dark charcoal quarter-zip pullover top, bright yellow open-toe slide slippers, and no visible accessories. Hair is styled loose and straight, cascading over her shoulders. Expression is joyful with a candid smile, contributing to the overall upbeat and relaxed vibe of the image.

The woman is facing directly toward the camera. The pose is natural and lively, with arms raised and holding up two patterned garments, as if in the middle of choosing an outfit. Body language should feel relaxed, confident, and playful.

The setting is a cozy, well-lit bedroom with a large mirror, plush grey rug, a cute stuffed animal on a chair, and soft pastel walls. Lighting is natural daylight streaming in from a window, creating soft shadows and gentle highlights. Background details include wall art, a small round table, and a plush toy. The scene is lit with natural daylight, producing a soft, inviting atmosphere with subtle highlights on the subject’s hair and face.

Camera details:
- eye-level angle
- medium-full shot
- sharp focus on subject with slightly blurred background (bokeh)
- standard portrait lens look
- composition is centered, with the subject dominating the foreground and dynamic lines created by the raised arms and flowing garments

Vibe & Style:
Overall mood is casual, cheerful, and modern. The image should convey a sense of individuality, comfort, and playful energy."
Trousers,vto_image_20250826_065043,https://storage.googleapis.com/alleai-in/yaswanth/prog_content_testset_sampled/Trousers/vto_image_20250826_065043/reference.jpg?X-Amz-Algorithm=AWS4-HMAC-SHA256&X-Amz-Credential=GOOG4E63MNGYP5VR4UILWSHQ%2F20250910%2Fap-south-1%2Fs3%2Faws4_request&X-Amz-Date=20250910T114404Z&X-Amz-Expires=604800&X-Amz-SignedHeaders=host&X-Amz-Signature=7dcfb4911ab61c690ca3f1f64c95aaaab550d555e181299a25b526fa5df95bf8,https://storage.googleapis.com/alleai-in/yaswanth/prog_content_testset_sampled/Trousers/vto_image_20250826_065043/garment.jpg?X-Amz-Algorithm=AWS4-HMAC-SHA256&X-Amz-Credential=GOOG4E63MNGYP5VR4UILWSHQ%2F20250910%2Fap-south-1%2Fs3%2Faws4_request&X-Amz-Date=20250910T114404Z&X-Amz-Expires=604800&X-Amz-SignedHeaders=host&X-Amz-Signature=341220ee8eb9d90073f2764275b0dda1de4b95243336c519bc1fbc9f2e02b3ef,https://storage.googleapis.com/alleai-in/yaswanth/prog_content_testset_sampled/Trousers/vto_image_20250826_065043/garment_cropped.jpg?X-Amz-Algorithm=AWS4-HMAC-SHA256&X-Amz-Credential=GOOG4E63MNGYP5VR4UILWSHQ%2F20250910%2Fap-south-1%2Fs3%2Faws4_request&X-Amz-Date=20250910T114404Z&X-Amz-Expires=604800&X-Amz-SignedHeaders=host&X-Amz-Signature=9fe6043b71d7837ed270629dc7415cb3f256c7763b2dd76ae05317d18d1fb630,https://storage.googleapis.com/alleai-in/yaswanth/prog_content_testset_sampled/Trousers/vto_image_20250826_065043/garment_cropped_upscaled.jpg?X-Amz-Algorithm=AWS4-HMAC-SHA256&X-Amz-Credential=GOOG4E63MNGYP5VR4UILWSHQ%2F20250910%2Fap-south-1%2Fs3%2Faws4_request&X-Amz-Date=20250910T114404Z&X-Amz-Expires=604800&X-Amz-SignedHeaders=host&X-Amz-Signature=a572a6fff52e07b7e8bcfca62453af6995e96e878d892d16d0056a38bb0e9b62,https://storage.googleapis.com/alleai-in/yaswanth/prog_content_testset_sampled/Trousers/vto_image_20250826_065043/reference_upscaled.jpg?X-Amz-Algorithm=AWS4-HMAC-SHA256&X-Amz-Credential=GOOG4E63MNGYP5VR4UILWSHQ%2F20250910%2Fap-south-1%2Fs3%2Faws4_request&X-Amz-Date=20250910T114404Z&X-Amz-Expires=604800&X-Amz-SignedHeaders=host&X-Amz-Signature=034386b2fffddf0f5d3396b02623ef175c492970652d454d55788c7e1089a973,https://storage.googleapis.com/alleai-in/yaswanth/prog_content_testset_sampled/Trousers/vto_image_20250826_065043/output_text_desc_redux_switch_5_mask_V5.jpg?X-Amz-Algorithm=AWS4-HMAC-SHA256&X-Amz-Credential=GOOG4E63MNGYP5VR4UILWSHQ%2F20250910%2Fap-south-1%2Fs3%2Faws4_request&X-Amz-Date=20250910T114404Z&X-Amz-Expires=604800&X-Amz-SignedHeaders=host&X-Amz-Signature=49f773bba9b49d3ad58e642b5bba742ea6ebd90f85ce9bb073df7073fa51c98e,https://storage.googleapis.com/alleai-in/yaswanth/prog_content_testset_sampled/Trousers/vto_image_20250826_065043/output_seedream.png?X-Amz-Algorithm=AWS4-HMAC-SHA256&X-Amz-Credential=GOOG4E63MNGYP5VR4UILWSHQ%2F20250910%2Fap-south-1%2Fs3%2Faws4_request&X-Amz-Date=20250910T114404Z&X-Amz-Expires=604800&X-Amz-SignedHeaders=host&X-Amz-Signature=a38e4366a2538bd12b1ed99baf4d6808afa5d9bad4354193b0ca6552d7237686,https://storage.googleapis.com/alleai-in/yaswanth/prog_content_testset_sampled/Trousers/vto_image_20250826_065043/output_seedream_upscaled_garment.png?X-Amz-Algorithm=AWS4-HMAC-SHA256&X-Amz-Credential=GOOG4E63MNGYP5VR4UILWSHQ%2F20250910%2Fap-south-1%2Fs3%2Faws4_request&X-Amz-Date=20250910T114404Z&X-Amz-Expires=604800&X-Amz-SignedHeaders=host&X-Amz-Signature=136c0543619ad78f53bcfc44330172f95a8d99210c5a0b4ac142f3fa2dda8da4,"A candid indoor fashion portrait of a Black woman wearing these rich brown wide-leg pants. The brown wide-leg pants are paired with a crisp white turtleneck top, a white lab coat, nude open-toe heels, and a structured black handbag. Hair is styled sleek and straight, falling naturally over her shoulders. Expression is relaxed with a candid smile, contributing to the overall professional yet approachable vibe of the image.

The woman is facing directly toward the camera. The pose is walking mid-stride, holding a coffee cup in one hand and her handbag in the other. Body language should feel confident, poised, and purposeful.

The setting is a modern indoor office lobby with marble and wood-paneled walls, a large black marble table, and a striking floral arrangement in a tall vase. Lighting is natural daylight streaming in from large windows, creating soft shadows and gentle highlights. Background details include contemporary art on the wall and clean architectural lines. The scene is lit with natural daylight, producing warm highlights and subtle reflections on the marble surfaces.

Camera details:
- eye-level angle
- medium-full shot
- sharp focus on subject with a slightly blurred background (bokeh)
- standard portrait lens look
- composition is off-centered, with the subject walking from the left side of the frame and the floral arrangement balancing the right side

Vibe & Style:
Overall mood is chic, modern, and effortless. The image should convey empowerment, professionalism, and individuality."
Trousers,vto_image_20250826_143835,https://storage.googleapis.com/alleai-in/yaswanth/prog_content_testset_sampled/Trousers/vto_image_20250826_143835/reference.jpg?X-Amz-Algorithm=AWS4-HMAC-SHA256&X-Amz-Credential=GOOG4E63MNGYP5VR4UILWSHQ%2F20250910%2Fap-south-1%2Fs3%2Faws4_request&X-Amz-Date=20250910T114404Z&X-Amz-Expires=604800&X-Amz-SignedHeaders=host&X-Amz-Signature=291490bdaae345db4893722c082e69f86a202e1862d0be16d5015d6332295096,https://storage.googleapis.com/alleai-in/yaswanth/prog_content_testset_sampled/Trousers/vto_image_20250826_143835/garment.jpg?X-Amz-Algorithm=AWS4-HMAC-SHA256&X-Amz-Credential=GOOG4E63MNGYP5VR4UILWSHQ%2F20250910%2Fap-south-1%2Fs3%2Faws4_request&X-Amz-Date=20250910T114404Z&X-Amz-Expires=604800&X-Amz-SignedHeaders=host&X-Amz-Signature=601d9388664153ff381c604f0b5254964898f9fdacca4142754c9e150703c912,https://storage.googleapis.com/alleai-in/yaswanth/prog_content_testset_sampled/Trousers/vto_image_20250826_143835/garment_cropped.jpg?X-Amz-Algorithm=AWS4-HMAC-SHA256&X-Amz-Credential=GOOG4E63MNGYP5VR4UILWSHQ%2F20250910%2Fap-south-1%2Fs3%2Faws4_request&X-Amz-Date=20250910T114404Z&X-Amz-Expires=604800&X-Amz-SignedHeaders=host&X-Amz-Signature=a01c2e34726d26fcbcc659c70c7104f5c260d63b2cd10270d53218f6405d7e61,https://storage.googleapis.com/alleai-in/yaswanth/prog_content_testset_sampled/Trousers/vto_image_20250826_143835/garment_cropped_upscaled.jpg?X-Amz-Algorithm=AWS4-HMAC-SHA256&X-Amz-Credential=GOOG4E63MNGYP5VR4UILWSHQ%2F20250910%2Fap-south-1%2Fs3%2Faws4_request&X-Amz-Date=20250910T114404Z&X-Amz-Expires=604800&X-Amz-SignedHeaders=host&X-Amz-Signature=21ece8f4044707e6cf947cc7ac0020ed435f1c83ebc528ad48e70167883ac2fe,https://storage.googleapis.com/alleai-in/yaswanth/prog_content_testset_sampled/Trousers/vto_image_20250826_143835/reference_upscaled.jpg?X-Amz-Algorithm=AWS4-HMAC-SHA256&X-Amz-Credential=GOOG4E63MNGYP5VR4UILWSHQ%2F20250910%2Fap-south-1%2Fs3%2Faws4_request&X-Amz-Date=20250910T114404Z&X-Amz-Expires=604800&X-Amz-SignedHeaders=host&X-Amz-Signature=5c899ca78a7be184de22f52aab0abbe0f734cab3415aaeb98c12febe80d87e31,https://storage.googleapis.com/alleai-in/yaswanth/prog_content_testset_sampled/Trousers/vto_image_20250826_143835/output_text_desc_redux_switch_5_mask_V5.jpg?X-Amz-Algorithm=AWS4-HMAC-SHA256&X-Amz-Credential=GOOG4E63MNGYP5VR4UILWSHQ%2F20250910%2Fap-south-1%2Fs3%2Faws4_request&X-Amz-Date=20250910T114404Z&X-Amz-Expires=604800&X-Amz-SignedHeaders=host&X-Amz-Signature=4841041c9bd1f49ecf245ce72123749fcf2b724fb63eb904b7c0d597f4010b71,https://storage.googleapis.com/alleai-in/yaswanth/prog_content_testset_sampled/Trousers/vto_image_20250826_143835/output_seedream.png?X-Amz-Algorithm=AWS4-HMAC-SHA256&X-Amz-Credential=GOOG4E63MNGYP5VR4UILWSHQ%2F20250910%2Fap-south-1%2Fs3%2Faws4_request&X-Amz-Date=20250910T114404Z&X-Amz-Expires=604800&X-Amz-SignedHeaders=host&X-Amz-Signature=be21833b868290dcd23118b227a859d7b7d0020c8ac6f3b91c26b92ac18be10d,https://storage.googleapis.com/alleai-in/yaswanth/prog_content_testset_sampled/Trousers/vto_image_20250826_143835/output_seedream_upscaled_garment.png?X-Amz-Algorithm=AWS4-HMAC-SHA256&X-Amz-Credential=GOOG4E63MNGYP5VR4UILWSHQ%2F20250910%2Fap-south-1%2Fs3%2Faws4_request&X-Amz-Date=20250910T114404Z&X-Amz-Expires=604800&X-Amz-SignedHeaders=host&X-Amz-Signature=5f8660b1ecc0d0ed50c267cb242f14a7703b28d71c8413d336747948f2ff3899,"A candid outdoor fashion portrait of a woman of ambiguous ethnicity wearing these black wide-leg trousers. The black wide-leg trousers are paired with a fitted black ribbed sweater, clear heeled sandals, and accessorized with a black crossbody bag, round sunglasses, gold hoop earrings, and a delicate gold necklace. Hair is styled sleek and tied back. Expression is relaxed and confident, contributing to the overall chic vibe of the image.

The woman is facing slightly turned in a ¾ profile toward the camera. The pose is casual, with one hand in her pocket and one foot resting on a step, body language feeling poised and self-assured.

The setting is an urban street scene with a minimalist concrete wall and dark stone steps, under natural daylight with soft shadows and crisp highlights. Background details include the geometric lines of the wall and staircase, adding a modern architectural touch. The scene is lit with natural daylight, creating subtle warm highlights and gentle contrast between the subject and the background.

Camera details:
- eye-level angle
- medium-full shot
- sharp focus on subject with a slightly blurred background (bokeh)
- standard portrait lens look
- composition is off-centered, with the subject positioned to the left and the staircase leading the eye diagonally through the frame

Vibe & Style:
Overall mood is chic, modern, and effortless. The image should convey a sense of empowerment, urban sophistication, and understated confidence."
